Date,Actual,all_variables_lstm_Predicted,all_variables_lstm_xgboost_Predicted,all_variables_lstm_attention_Predicted,all_variables_arimax_Predicted,price_alone_lstm_Predicted,price_alone_lstm_xgboost_Predicted,price_alone_lstm_attention_Predicted,price_alone_arimax_Predicted
2022-09-19,66.8707046508789,67.52432434180218,66.51413340719768,66.96927159460114,67.04910209589359,71.07509267365299,65.0497920189616,69.92664185449951,66.63685162027869
2022-09-20,65.94126892089844,67.43806474204771,66.54021176380763,67.13436416838928,66.50128393991886,70.68899851703958,65.53932707901976,69.86774133805068,66.87095966581012
2022-09-21,64.62457275390625,67.26430255730446,66.56298625275323,67.18553861041724,65.57660665608425,70.24617397800608,65.37908378641941,69.80807407401824,65.94025206423478
2022-09-22,63.9275016784668,67.10414467959038,67.10803751269137,67.1811208730443,63.49392186653142,69.74428603832206,65.31389087448358,69.73505626462452,64.62313298238405
2022-09-23,62.49463272094727,66.83759163588303,67.12123311942176,67.2438139097626,63.70513068161195,69.20596467686391,66.84078078936875,69.64488992702013,63.92673995418418
2022-09-26,61.42964553833008,66.4447124583921,67.45124048485107,67.29646225517666,62.49982437712716,68.62107631125394,67.06215084804055,69.54740174591007,62.49306572481636
2022-09-27,60.43244552612304,65.99336778445445,67.46003275555563,67.33564335465812,60.69259258372492,68.00234775954448,66.8302543978339,69.4195992257495,61.428481420037535
2022-09-28,61.06174850463867,65.46335798666658,67.46745292550014,67.16103447002493,60.844783449693175,67.35764613003835,67.29823610386103,69.28921836785958,60.431355335272016
2022-09-29,59.4449234008789,64.91464679817196,67.5812871321686,67.0821965300095,59.78617758062179,66.75283722519976,67.52322586663706,69.14882807713593,61.06243751165646
2022-09-30,59.12543487548828,64.30085045954567,67.5001618609549,66.8650490456275,58.31523754340414,66.15136248051425,67.52322586663706,69.00247463551591,59.44315436311788
2022-10-03,61.07142639160156,63.67963842035846,67.67856276925937,66.78387957717615,60.87197239843406,65.57468685553755,67.53221727321016,68.84835439842459,59.12508637461921
2022-10-04,63.59832382202149,63.03071868594611,67.6523692018726,66.73364420229885,63.94209006603059,65.11306110956394,67.53983111644328,68.69977222419107,61.07355531564905
2022-10-05,64.51808166503906,62.49536896797264,67.3018488555908,66.57251199896362,64.83534891857141,64.840532996604,67.53819830164088,68.57757331784751,63.60108681655947
2022-10-06,63.22074890136719,62.03167613209179,67.29587676592726,66.50316702967896,64.59923741713354,64.74634620016741,67.53740275136306,68.46298030916626,64.51908624756406
2022-10-07,61.27474594116211,61.67867751261309,67.6441365973123,66.48495379497913,62.33006458344394,64.73487974828555,67.58637527707901,68.35325495580531,63.219329181319296
2022-10-10,60.577667236328125,61.42772584549935,67.38435268334084,66.48594997092002,61.37814447227497,64.71564153495063,67.59190241477694,68.23425116212559,61.27261799325734
2022-10-11,60.73336410522461,61.26367215509522,67.72389026436412,66.50118460976071,61.16390276520204,64.66560132315647,67.57771659128377,68.13236113478422,60.576905888478215
2022-10-12,62.06656646728516,61.20745215145043,67.76373134282136,66.48937749153018,61.88188926091547,64.60511665852647,67.42526989004529,68.03220026229138,60.73353484844604
2022-10-13,63.44840621948242,61.28296226293952,67.72503939254318,66.51473031820512,63.49562289161582,64.58785291953899,64.7285347133919,67.9337556330945,62.06802476809664
2022-10-14,62.58232116699219,61.5425395920698,67.69090919310895,66.49368995008982,63.58589376279624,64.6493536240369,64.91414821360334,67.83960161213753,63.449917005052455
2022-10-17,65.21952056884766,61.93060027745983,67.5311257504195,66.49163502683788,64.29667644473454,64.73345550471703,64.92285357962712,67.73614432095297,62.58137290779369
2022-10-18,65.229248046875,62.56484007319398,67.66311062041763,66.50038061731391,64.9542248207183,64.91850784898969,64.92285357962712,67.64592931672735,65.22240594376507
2022-10-19,64.51885223388672,63.30869994347577,67.18366544209769,66.4551802513422,65.8335230748553,65.16288182496436,64.34878410187761,67.56952073498849,65.22925707451523
2022-10-20,67.3896255493164,64.15563273795397,67.16656458731191,66.46905669417177,65.64317511399148,65.41253960553075,64.35065131101905,67.48980480939804,64.51807512354769
2022-10-21,70.7469253540039,65.1264573419574,68.6830895050694,66.49070787804345,67.64023218543895,65.75182441808249,67.69077809119051,67.41914633793809,67.39276633613262
2022-10-24,70.96102142333984,66.13117079868158,70.54379519679497,66.54840166092481,70.17274498130067,66.2518034343783,70.94035069058219,67.35333218168418,70.75059616380952
2022-10-25,71.17510986328125,67.17571738829218,71.17439244490879,66.5555541644525,70.69844523893252,66.84254073330419,71.13023394191015,67.28890949351918,70.96125357157632
2022-10-26,72.80997467041016,68.12476814867449,71.28544272220307,66.55206506566853,72.52498223808823,67.46819682956766,71.46539401001274,67.24337442037691,71.17534392582317
2022-10-27,73.1311264038086,69.07462041851272,71.2819556098118,66.61333336222012,74.46116401496448,68.13750191910128,71.82322080525677,67.24395146745732,72.81176292577294
2022-10-28,75.28174591064453,70.05165547930415,71.33084867981961,66.66738459748115,74.10318311580536,68.81381003611165,71.78786202193533,67.27044646993687,73.13147671332356
2022-10-31,75.97267150878906,71.20809457671538,72.62152223696586,66.77652893097627,75.35772896345478,69.53303218109181,74.12349633157089,67.32139297340208,75.28409828748066
2022-11-01,75.03845977783203,72.36683888285921,72.57139363069638,66.82266538450958,75.08639104265472,70.26827954920873,73.76931357374173,67.3807722104925,75.97342600024243
2022-11-02,73.1019287109375,73.4629820229473,74.73154702930185,66.90003538031701,73.28495970961664,70.94106281236645,73.50757455275169,67.45448227774344,75.03743741740745
2022-11-03,73.01434326171875,74.46312776964942,74.84819198164598,66.84542547210808,73.68275351622395,71.46714302878831,71.49501112522427,67.54178672006003,73.09981090220617
2022-11-04,73.95829010009766,75.25490886730876,74.66184450933054,66.8347078902755,72.60431448295583,71.86179158558002,71.49797680953083,67.63651182891931,73.0142486357133
2022-11-07,74.67839050292969,75.86307378262018,74.6937410101695,66.90878146739121,74.1390810203205,72.17608658472341,73.3857351834875,67.74631961757746,73.95932274085251
2022-11-08,73.60794830322266,76.3374720336783,74.32370087938705,66.96965149220571,74.36624821195444,72.4414448132195,73.6038331567782,67.86892772081796,74.67917764673903
2022-11-09,73.6274185180664,76.65369383374423,74.36223590464164,67.02389789054988,72.83185357824001,72.62140901258175,73.57344929398306,68.00036931241164,73.6067769013964
2022-11-10,75.09685516357422,76.85578346823615,74.3817412877952,67.06765414902603,72.84355491963464,72.73533360011822,73.56305847375023,68.12507703273991,73.62744047158851
2022-11-11,75.65152740478517,76.97431549364876,74.39401222872203,67.1217043910907,75.21468770943714,72.84543835448557,73.66596255456682,68.26819066786027,75.09846257489589
2022-11-14,76.42029571533203,76.92487417925474,74.45406882572439,66.99316293284437,75.89140872712288,72.96641662251272,73.66596255456682,68.41789118118595,75.65213326458714
2022-11-15,77.05284881591797,76.83199641560986,74.43036619478801,66.93798392312584,75.96655704322717,73.116954400363,73.98555526305086,68.55347241517404,76.4211363358176
2022-11-16,77.7437744140625,76.65301647383228,73.99936963110844,66.82778332531055,77.22271045212597,73.30185975157559,73.66756557347867,68.66984324532507,77.05354029868914
2022-11-17,77.07231140136719,76.49448247215344,74.2673201020828,66.84937392420477,75.95807942681319,73.52203052565255,73.66641942488866,68.78291864998073,77.7445298341679
2022-11-18,77.58807373046875,76.2482214231103,74.5706482271093,66.85695697835098,76.92350011680912,73.72765792554969,73.66641942488866,68.91100919708333,77.07157646247111
2022-11-21,77.67565155029297,75.9539135073511,74.58516081220222,66.83504508043694,78.58657068172013,73.92858353391728,73.84084854098217,69.06318872850318,77.58863833620961
2022-11-22,79.91387939453125,75.67110481895338,74.57764628860429,66.8572018012517,81.09876816684017,74.11886605017867,73.74935132026633,69.23003379725412,77.67574703639157
2022-11-23,80.342041015625,75.54645669040622,74.73985313039219,66.87833950260949,80.1769380702655,74.36975241463227,73.74935132026633,69.40300887388855,79.91632774901493
2022-11-25,80.49774932861328,75.55221127006871,74.54397097309919,66.91441388390243,80.07763997013988,74.66384579997947,74.69023105426214,69.56962550747858,80.34250801467519
2022-11-28,79.20347595214844,75.60661657982916,75.35565870523823,66.93164733040118,78.57000459683981,74.97675926299746,75.02316636253664,69.7280959445909,80.49791939755056
2022-11-29,78.677978515625,75.70570281386932,75.00365700659768,66.97044306969812,79.80859542962929,75.23747529174511,74.05221959538193,69.89601167900912,79.20206004537823
2022-11-30,80.7994155883789,75.74483077734595,75.33169685005402,66.84925474064255,79.2575884611326,75.43419372036635,75.02316636253664,70.0365847178615,78.67740446320235
2022-12-01,81.85040283203125,75.8250105256327,74.68283968701184,66.79753056443386,80.59464405020401,75.64725221536787,74.98320014133907,70.18164700422415,80.80173655925081
2022-12-02,81.1108169555664,76.0059530234015,75.13923426780036,66.74264355444276,80.85125641018837,75.89316564568787,74.99031142721816,70.33999031220344,81.85155121415706
2022-12-05,77.29612731933594,76.14362592890654,74.59116965013078,66.6340216422287,77.58619242296588,76.12530145621531,74.99031142721816,70.46639838468604,81.11000727703609
2022-12-06,76.79010009765625,76.22011396635355,74.48661884976286,66.59493340660615,76.69259098735604,76.20833068483546,74.99031142721816,70.55213109377587,77.29195486527396
2022-12-07,76.6635971069336,76.20166037813658,75.71757448986273,66.47417115878551,76.23971175134255,76.1647293649902,76.53526708714492,70.62873235560699,76.7895488850546
2022-12-08,77.91893768310547,76.16741894071095,75.7132660040885,66.53721578701234,77.87117521806061,76.02782122067606,76.11167281587552,70.6973483187694,76.66345903292063
2022-12-09,77.71459197998047,76.10610297073447,75.47954306579084,66.60774613614291,77.42448163720258,75.88086987485224,76.55330154650142,70.7488991822147,77.92031098321469
2022-12-12,79.096435546875,75.97837990628204,75.93610549676282,66.72996043702992,78.50877263365966,75.72617358387686,75.79758638796602,70.79573434938152,77.71436767741297
2022-12-13,78.3957748413086,75.92828904147393,74.58275529063809,66.66418898821914,77.32900309459004,75.6247801547114,74.91162643944091,70.82437614577555,79.09794727740827
2022-12-14,79.6219253540039,75.88379185851932,75.35367231253457,66.84803459892433,78.93121058005549,75.53880709210443,76.52109616159703,70.8465720978462,78.39500754004598
2022-12-15,77.91893768310547,75.8098007167008,76.26634328374575,67.034233091787,78.62661244676627,75.5088066031011,76.7939371314078,70.88063873271392,79.62326707478508
2022-12-16,77.4421157836914,75.66460037604526,75.96310454639092,67.1053131750983,78.34238000661495,75.45728354915366,76.81778774860061,70.93130565140609,77.91707402676019
2022-12-19,78.33739471435547,75.40390818401005,75.25400605182494,67.35544371712817,78.19132506040376,75.37939709124328,75.04277404491444,70.98030201383449,77.44159522801495
2022-12-20,78.76556396484375,75.15540648399718,74.53171393692128,67.61096085957217,77.33148461071035,75.32010922821723,74.96788306720117,71.02058407147194,78.33837435520833
2022-12-21,79.3105239868164,74.85545026058514,74.04756547727726,67.82321685192142,78.32620096782072,75.29114563620521,74.35733150105631,71.05529231118294,78.76603179343839
2022-12-22,78.32765197753906,74.54377630661423,74.323215206371,68.23749494141066,79.19427508940736,75.30111136839946,74.10306131663202,71.10238570940123,79.31111985954887
2022-12-23,78.677978515625,74.11630658318,74.09089664771483,68.51653544284954,81.18912301565773,75.30381484886914,72.65819899184618,71.14872427839214,78.32657647609732
2022-12-27,78.80448913574219,73.95622915437042,74.87292952318097,68.73279401649665,79.39115794364996,75.31569745002241,74.67632431894384,71.1815672953544,78.67836234080086
2022-12-28,78.17195892333984,74.0869407466455,73.88662198124888,69.1633436418179,78.17163329936609,75.33663899510071,72.36296839667614,71.2097641397828,78.80462731169196
2022-12-29,79.21321868896484,74.18487586611388,75.25273575369096,69.49805279877677,78.14622244992059,75.34095344005306,74.69602734817141,71.22963402599748,78.17126691833386
2022-12-30,79.54408264160156,74.41917684468831,73.93739616514705,69.93269935904931,79.48185409761075,75.37012858288801,71.85204237019047,71.245181521689,79.21435811479566
2023-01-03,81.47087097167969,74.60743621998103,74.21311343159272,70.22724365554024,80.26037522059099,75.42619253055602,71.57269000509712,71.25630532082948,79.54444393813706
2023-01-04,82.2104721069336,75.00578939916505,74.3830503205869,70.57947577573441,82.401962636181,75.56313742313517,71.66395879065203,71.28002682249655,81.47297849240499
2023-01-05,82.04502868652342,75.3985608148518,73.87309861972238,70.88860317425923,81.46656376122357,75.77465944338041,72.60044958996912,71.30556587348747,82.21127998168977
2023-01-06,83.3587646484375,75.69370102915383,75.34702981533354,71.13876549857235,84.64851764391926,76.01944658903744,74.6841785156941,71.33505585956595,82.04484725548939
2023-01-09,84.4136962890625,76.10125815893025,73.69863275536386,71.35461288892981,84.51773611690312,76.31814443267172,71.66037136542923,71.35022991342919,83.36020185177352
2023-01-10,84.49183654785156,76.62333182126883,74.27083800356098,71.5039071849476,83.99443620812092,76.6724175713689,71.67144351835941,71.36912448082637,84.41484948012155
2023-01-11,86.54307556152344,77.20885682574033,73.84112564276433,71.72952762740704,85.11245045483925,77.04548397143537,72.89954173255506,71.39268309829174,84.49192138106373
2023-01-12,86.71890258789062,77.8698786576997,73.79234182435522,71.7956417289592,86.28458799101979,77.48032321180017,71.94634735699293,71.43798278389863,86.54531937401
2023-01-13,87.12915802001953,78.56986954171941,75.42493415077826,72.10973709563586,88.41577319332731,77.94083856425243,74.8215286323848,71.49594373659863,86.71909367131647
2023-01-17,86.54307556152344,79.32108949356643,75.19515022921195,72.04990297461632,86.02249341438164,78.41126005711783,75.22235983646664,71.54070312339013,87.12960669350915
2023-01-18,84.69696044921875,80.02733950099537,75.29823407856821,71.87197880056073,84.36497358279833,78.84256749125552,75.22602075821948,71.5792510601973,86.54243419232417
2023-01-19,83.94485473632812,80.57677770921953,75.30819981076246,71.88531345478037,84.45087426199011,79.1599572902312,75.07837814773478,71.62297156360478,84.69494133389884
2023-01-20,85.22441864013672,80.9858017900076,74.8975548335282,71.7565068131081,84.14970574427461,79.35318165408671,75.07731344124562,71.69911396872135,83.94403313332626
2023-01-23,86.90449523925781,81.23840141816811,75.68992986260594,71.66632657075479,85.47998434619589,79.49699449943876,75.0704544272399,71.78011509039106,85.22581882043703
2023-01-24,87.61753845214844,81.35123051012852,75.18341064833334,71.36025424420819,86.69907873222262,79.65522061024853,75.0704544272399,71.86631658815895,86.90633230000175
2023-01-25,87.55894470214844,81.4884922323439,75.62221075574922,71.14143818995512,87.11139082406461,79.83962737689251,75.46115502853308,71.94550214689752,87.61831742629123
2023-01-26,87.74452972412108,81.55387037539936,75.73180798678078,70.98543087979533,87.91730445429071,80.02804864319057,75.46115502853308,72.03016617671278,87.55888017062607
2023-01-27,86.92402648925781,81.55175883995537,75.74976100403643,70.60914354395987,86.20221353390433,80.21696054848644,75.46115502853308,72.10495584839816,87.74473277252312
2023-01-30,85.32209777832031,81.45599683410478,75.31437550567813,70.18666363899723,85.01572837562938,80.36579896737874,75.46115502853308,72.18670584011716,86.9231288234143
2023-01-31,86.40633392333984,81.20693695774219,75.36213633184485,69.81558462483076,85.856613746231,80.42741090986806,75.46115502853308,72.25323211815532,85.32034592294575
2023-02-01,87.95942687988281,80.94626264324131,75.93553341566417,69.48922129681631,86.24828799585924,80.45899852664161,75.46115502853308,72.33535753809531,86.40752095382423
2023-02-02,87.30497741699219,80.72437065988663,75.6370292453185,69.4301986172162,87.17808177938211,80.52083890429185,75.46115502853308,72.42530338610959,87.96112515180617
2023-02-03,87.5394058227539,80.33213755662257,76.02829000935412,69.36568654137955,87.32976459430698,80.57880184338455,75.46115502853308,72.50785588048086,87.30426056212289
2023-02-06,86.47471618652344,79.91151890162325,75.42441868187166,69.3329051025911,87.12361222201869,80.63831416878611,75.46115502853308,72.58770092159705,87.53966266589327
2023-02-07,85.70304870605467,79.48502449700652,75.86984539534694,69.30703333082232,87.34602458945632,80.65969569984827,75.46115502853308,72.66086175126543,86.47355137395904
2023-02-08,84.67742919921875,79.06982074851737,75.9765067379625,69.46294132134693,85.39519620118988,80.62601641155777,75.46115502853308,72.74010690178511,85.70220522667967
2023-02-09,84.63835906982422,78.65178440403281,75.27622385421535,69.36242488456014,83.85747356080606,80.52318880686028,75.46115502853308,72.81107276751595,84.67630774087193
2023-02-10,85.11697387695312,78.21537988621753,75.61959964254027,69.10072360503148,83.40787700739051,80.37686516113081,75.46115502853308,72.8768283251851,84.63831695786608
2023-02-13,87.34404754638672,77.70619393974027,75.69648992450976,69.10149531859685,86.56897859094872,80.22336666495573,75.46115502853308,72.94654474990534,85.11749745946773
2023-02-14,87.02171325683594,77.25455577628065,75.05772661599121,68.95072314640754,87.01294308707678,80.14950861144837,75.46115502853308,73.01032781961976,87.34648345990597
2023-02-15,86.28911590576172,76.78629746506954,75.24321894624774,68.95916630859443,86.49825507892247,80.12179446044695,75.46115502853308,73.07335010092868,87.02135929186703
2023-02-16,85.68352508544922,76.32791947116641,74.6456375312614,68.93872930726286,86.32340308742057,80.10606024384128,75.46115502853308,73.11838956909139,86.28831471201593
2023-02-17,85.25373077392578,75.8708544828404,75.03178929326322,69.02966934482532,86.66502886853394,80.07693575402027,75.46115502853308,73.15512591575282,85.68286307479754
2023-02-21,84.19880676269531,75.55458997533134,74.980636701555,69.12990073425914,83.47918073860357,80.02391297358156,75.46115502853308,73.1912961404937,85.25326099007343
2023-02-22,84.31602478027344,75.17226003289136,75.03211009568486,69.15156135349616,82.70386061770675,79.92292675492035,75.46115502853308,73.21092368679854,84.19765303907097
2023-02-23,86.52355194091797,74.68462545405242,75.46050746451169,69.22456525814096,86.8801582626173,79.79995712820778,75.46115502853308,73.2176396805296,84.31615365068825
2023-02-24,86.60169219970703,77.13358048784255,83.32236573142848,75.2597655974692,86.47656506314082,85.26932853991764,83.1588141017802,76.3324742696359,86.52596669311464
2023-02-27,85.91793823242188,76.61383487775265,80.1673960777448,74.70944841047367,86.81520042108407,85.2538267312583,83.1588141017802,76.3119429146509,86.6017763275453
2023-02-28,85.37094116210939,76.25008068668092,80.48726290842194,74.14558998441731,86.05622758445115,85.27320995126058,83.1588141017802,76.29631397685853,85.91719022373144
2023-03-01,84.3355484008789,76.05393433915833,80.47636158526427,73.43555887847697,85.32124534080958,85.2832670575192,83.1588141017802,76.27854768051702,85.37034321769671
2023-03-02,84.950927734375,76.04772884835211,80.47204515391923,73.00507877690035,84.9273324912376,85.21537215490821,83.1588141017802,76.25065475417227,84.33441611423812
2023-03-03,87.17799377441406,76.14938448135445,80.55414872353947,72.80858282426192,86.00522939097647,85.13081737669165,83.1588141017802,76.224756166102,84.95160153378951
2023-03-06,87.65662384033203,76.47239577168148,80.49011536834439,72.6960715551341,86.09887647334449,85.18759642573298,83.1588141017802,76.22273203193697,87.18042959559703
2023-03-07,86.30867004394531,76.78802165393631,80.56059854064824,72.64568571100949,86.76031321291417,85.38387586156671,83.1588141017802,76.2410525318428,87.657146054057
2023-03-08,86.43562316894531,76.95041720303107,80.57213352307838,72.61889622581162,87.09446718940441,85.58723480099627,83.1588141017802,76.25995107202539,86.30719521901958
2023-03-09,84.8532485961914,77.15784824750313,83.15784474214081,72.46437771698322,85.61267037083574,85.79067120974128,83.1588141017802,76.28107039925067,86.43576286817617
2023-03-10,82.11825561523438,77.32126281605485,83.00122165024288,72.4030071212074,83.73744920874677,85.87540873608657,83.1588141017802,76.28808633827998,84.8515175511601
2023-03-13,82.95828247070312,77.38531404878427,82.92737551509174,72.34838529464224,83.13733274564436,85.68760523791934,83.15524256769902,76.25410313190582,82.11526476153838
2023-03-14,82.59687042236328,77.48803836106117,83.01880122567025,72.42263168792317,82.7770455237937,85.35919493222377,83.1588141017802,76.19809281684081,82.95920305226566
2023-03-15,81.0535659790039,77.58734409149508,82.94688785061976,72.64887387129886,80.14503529467484,84.91822369758279,83.1588141017802,76.12440162032055,82.59647455731609
2023-03-16,82.85083770751953,77.52574208096928,82.72167263227186,72.64125605528034,82.43209567361815,84.32646539280722,82.7934489462258,76.01737080866212,81.05187797241815
2023-03-17,83.28062438964844,77.45146887138685,82.92660876750813,72.5227081387261,83.35432279869696,83.77371785433877,83.14782537734357,75.9032823437276,82.85280469525297
2023-03-20,84.94115447998047,77.39246506251743,82.93021605665797,72.64441243328645,84.62706100269125,83.3007617243835,83.1588141017802,75.79575493389325,83.28109343550601
2023-03-21,85.54676055908203,77.4582345249355,82.93009290031034,72.7968144406891,85.70124748524576,83.04263197893602,83.1588141017802,75.71216554253067,84.94297067933049
2023-03-22,85.85934448242188,77.60841375890277,82.92881167701648,72.912301326087,85.48990767862848,82.99795403424537,83.1465401812643,75.65968604049641,85.54742201890753
2023-03-23,85.74211120605469,77.80705302926845,82.90724541143288,73.07795058643035,84.37682794316629,83.12635247221704,83.1588141017802,75.63703719088932,85.85968604959218
2023-03-24,85.966796875,77.98598728401385,82.90909275664728,73.27107364425797,85.60630117917748,83.37661014337993,83.1588141017802,75.63890638642346,85.74198277304747
2023-03-27,88.04733276367188,78.11375206271305,83.12104681730557,73.4911480782888,88.04380231940364,83.72118968568327,83.1588141017802,75.66085602579886,85.96704273151113
2023-03-28,87.7640609741211,78.35330109081053,83.00317030148517,73.90489182814076,87.86543455712386,84.25332839985128,83.1588141017802,75.71829952319956,88.04960853411397
2023-03-29,88.51618957519531,78.6426529567741,83.01344789733389,74.10486098842154,89.2136720108045,84.88018626370047,83.1588141017802,75.79527819964437,87.76374982934348
2023-03-30,88.40874481201172,79.0084014861203,83.35652175396785,74.47779529337322,91.20535740089235,85.58580261185693,83.1588141017802,75.8976330428784,88.51701250614786
2023-03-31,90.7627944946289,79.52808551803639,83.44234583712205,75.0260744414548,88.89244661787674,86.24864993871097,83.1588141017802,76.01696757094328,88.40862681756083
2023-04-03,91.73957824707033,79.98455657494401,83.43368715132681,75.62291393876632,91.35045105330882,86.95478274897039,83.1588141017802,76.17029921013125,90.7653696665244
2023-04-04,91.81771087646484,80.39924584772291,83.02743210196763,76.05975049699464,93.77339107907456,87.76029279980105,83.1588141017802,76.356537430848,91.74064531552033
2023-04-05,92.68706512451172,80.96436463994974,83.07162139405318,76.81185240720208,91.7196151216627,88.60685364224548,83.1588141017802,76.56647927569747,91.81779574948472
2023-04-06,93.6931381225586,81.51702874992463,83.06073000285903,77.73573557202906,92.6734685414112,89.49152342870957,83.1588141017802,76.79629100676163,92.6880160677214
2023-04-10,91.96681213378906,81.99733254649072,83.07024681030225,78.43877159606348,91.09893941161457,90.41879140670358,83.1588141017802,77.04112781223625,93.69423813880232
2023-04-11,92.17279815673828,82.04559394361877,83.28295570018793,79.13921537761962,91.85987893659072,91.23755268326032,83.1588141017802,77.27700797301009,91.9649230826928
2023-04-12,92.1041259765625,82.194339002054,83.07085861925498,79.69180201827908,92.00826008505598,91.93752568974573,83.1588141017802,77.50234436131291,92.17302454203
2023-04-13,93.72257232666016,82.40003791208846,83.08594129905384,80.06051623193184,92.70078667367834,92.5047341670968,83.1588141017802,77.71208359410662,92.10405072916618
2023-04-14,93.87950134277344,82.75949156295678,83.07024681030225,80.2532817390728,93.6396771757764,93.02258277215468,83.1588141017802,77.92170761612351,93.72434279474004
2023-04-17,93.76179504394533,82.88388940602329,83.07024681030225,80.40810714557392,93.07807254014212,93.489579723999,83.1588141017802,78.12474475993508,93.87967201823778
2023-04-18,94.6249771118164,82.87299801482914,83.07024681030225,80.29611432494175,94.43319376065874,93.89405297910298,83.1588141017802,78.3125422989242,93.76166618904692
2023-04-19,93.97760009765624,82.896278537316,83.07133932628926,80.26595095173673,93.56422706916366,94.26873431643752,83.1588141017802,78.49493287697396,94.62592142275064
2023-04-20,93.0163345336914,82.98613897044402,83.0704891502121,80.27436133844401,92.96093546554786,94.56247015109808,83.13135818183025,78.66554414629104,93.97689140093212
2023-04-21,93.33023071289062,82.87295828697506,83.07924914203522,80.12925733783459,91.95475368364971,94.73424544653948,83.1588141017802,78.80997873255933,93.01528339706196
2023-04-24,93.61466979980467,82.86088300572953,83.42831395906342,80.02957617917968,92.82742725200792,94.81234643486188,83.1588141017802,78.93677812440455,93.33057467310402
2023-04-25,92.26107025146484,83.04132890532242,83.42831395906342,79.97006186738543,92.14316754325688,94.81140091193492,83.1588141017802,79.05334362104054,93.61498075673008
2023-04-26,91.91775512695312,83.07120822437082,83.42831395906342,79.839134751502,91.1791863202443,94.6809624486566,83.1588141017802,79.13915975862392,92.25958936874429
2023-04-27,93.22232055664062,83.05856284841934,83.42831395906342,79.72699096502436,92.15734382501408,94.42789601821072,83.1588141017802,79.19769875160068,91.91738040094071
2023-04-28,92.90843963623048,82.84279690016274,83.45657436805834,79.69070950229207,94.56097074631953,94.08794079812152,83.1588141017802,79.25063214436773,93.22374783636528
2023-05-01,93.05558013916016,82.50610333689292,83.45533485901126,79.54252659299198,93.04958032917118,93.76224390485912,83.1588141017802,79.28919994510193,92.90809548239667
2023-05-02,92.98692321777344,82.39580292284427,83.34238459709593,79.40616470667135,92.91828394039392,93.4705739186104,83.1588141017802,79.32044987511586,93.0557412892682
2023-05-03,92.96729278564452,82.17319583811627,82.99484731605685,79.11222625995504,91.2282301941542,93.21550917710464,83.1588141017802,79.34247897019941,92.98684802354356
2023-05-04,93.1536636352539,81.95751729113863,83.11141082630013,78.84050561562913,92.91222105315458,92.99566715102014,83.1588141017802,79.35903356699168,92.96727135386648
2023-05-05,95.11542510986328,81.78440316701494,83.14015194232934,78.56074604003152,95.50756694559097,92.824479827819,83.1588141017802,79.37407055975837,93.1538675191782
2023-05-08,94.93885803222656,81.74337422572091,83.303151354806,78.36635367726626,94.0060322891591,92.83234991571088,83.1588141017802,79.40976206385767,95.1175709758882
2023-05-09,94.30128479003906,81.72188542945275,83.15239606695468,78.23988998578795,94.96412832787564,92.95916519869776,83.1588141017802,79.4598072416336,94.9386636848639
2023-05-10,95.6548843383789,81.56844255227338,83.17291351719075,77.91298536576176,96.69184815273836,93.12618904279202,83.1588141017802,79.50947500479583,94.30058745436232
2023-05-11,95.57642364501952,81.5886084110009,82.55490701922906,77.64068469476638,95.37580044368713,93.40023575297391,83.1588141017802,79.57666672438972,95.65636543713458
2023-05-12,95.97857666015624,81.66057144586898,82.53613759457221,77.37055117821069,95.55484044754714,93.7317011306477,83.1588141017802,79.65353217645043,95.5763369883778
2023-05-15,95.39987182617188,81.69498172667443,82.50808178402576,76.97887823768906,97.22014500114682,94.11153914344096,83.1588141017802,79.7424391410807,95.97901662566632
2023-05-16,96.37092590332033,81.82668154931957,83.50904095854003,76.98382832830657,96.48671190882764,94.46776291977312,83.1588141017802,79.82690453162559,95.39923853225932
2023-05-17,97.86185455322266,82.02881091166557,83.49108595489167,77.00436166968427,96.51396136646711,94.84777573512427,83.1588141017802,79.91764692311403,96.37198849799424
2023-05-18,100.38270568847656,82.3538820912263,83.48863474629536,76.8334286047492,99.08560353833288,95.30400246572935,83.1588141017802,80.02825721442446,97.86348489289672
2023-05-19,100.8731460571289,82.72969765879463,83.17067882539914,76.85296676338237,100.49351010979429,95.8945013975308,83.1588141017802,80.17632292655503,100.38546234771646
2023-05-22,99.82360076904295,83.1567502397611,83.15905445529734,76.93574372012915,99.65184895245886,96.61964199957151,83.1588141017802,80.35519361673391,100.87368101080962
2023-05-23,96.65538024902342,83.65903347159315,83.16781444712046,77.18003426761027,96.95100685704402,97.34815152363764,83.1588141017802,80.54940720415584,99.82245236745224
2023-05-24,96.43959045410156,83.97344566790605,83.18993491626838,77.22479762718717,96.43270171828377,97.8740211824329,83.1588141017802,80.71386462887699,96.65191515993077
2023-05-25,102.29541778564452,84.21580742807191,83.1408908804151,77.28340415751586,97.90453395849472,98.20007562638192,83.1588141017802,80.84753693947687,96.4393563380666
2023-05-26,102.08943176269533,84.61252977884624,83.52675958145664,77.32148926482307,102.0516846223635,98.6728688721355,83.1588141017802,81.00945575432274,102.30182363336095
2023-05-30,103.1389617919922,84.89635152752282,83.51036985525877,77.53675265572565,102.91808350858268,99.21687429631515,83.1588141017802,81.1913576797674,102.08920285193706
2023-05-31,103.91385650634766,85.18102742506198,83.50015582397657,77.72400592311396,102.80941088312244,99.84971517498776,83.1588141017802,81.39651231820108,103.14011000577412
2023-06-01,103.96289825439452,85.46229665911437,82.9860754058775,77.89248976584543,104.05315208529258,100.56400212729568,83.1588141017802,81.62111771398895,103.91470352528972
2023-06-02,103.86481475830078,85.6828041267546,82.99367137157628,78.07824330674248,103.6724770561556,101.30179605085868,83.1588141017802,81.85933387258228,103.96295142779948
2023-06-05,104.88491821289062,85.79033352298165,82.92503753087954,78.41601945403579,104.6176294926127,102.01186787784944,83.1588141017802,82.10243655722661,103.86470743457645
2023-06-06,105.05168151855467,85.89163955086815,82.9008452541417,78.68045003713928,104.58256251112556,102.72098623634248,83.1588141017802,82.35128388956991,104.88603416882262
2023-06-07,103.23705291748048,85.94614020747838,82.8814521021759,78.85368731761059,103.51858139977227,103.39814750901904,83.1588141017802,82.60012724912781,105.05186331775016
2023-06-08,105.4244155883789,85.94487686171885,82.89504498744702,79.18926850096636,103.08116453588671,103.90860276043396,83.1588141017802,82.82758907762354,103.23506778514566
2023-06-09,107.74907684326172,85.99222451820322,82.87714957557978,79.53447375697135,105.9870141901281,104.38668775635006,83.1588141017802,83.05323534318813,105.42680946454396
2023-06-12,114.20323181152344,86.05352062425266,82.90277602784965,79.98427450718009,109.64889262302388,104.9436166514597,83.1588141017802,83.2929373235238,107.75161846256243
2023-06-13,114.44844818115234,86.29210426549616,83.01486022254619,80.39090895754566,116.11468991975303,105.88596929564528,83.1588141017802,83.60942530021202,114.2102906206401
2023-06-14,119.9315414428711,86.73522874982791,82.92027018839076,80.42828293626496,115.0440744392873,107.0907760621942,83.1588141017802,83.98318495133208,114.44871247770578
2023-06-15,124.12969207763672,87.40555881799662,82.54740441398735,80.71986552123474,119.64691360029708,108.7482737803357,83.1588141017802,84.4519934933221,119.9375392763747
2023-06-16,123.0605239868164,88.30888083194804,82.66259731326511,81.08558624108309,123.66570409661632,110.90261995987204,83.1588141017802,85.03036748406043,124.13428110063086
2023-06-20,119.7059326171875,89.18111580008724,82.64834891840178,81.40872664693586,121.1116590194252,113.26649878736087,83.1588141017802,85.67185711656475,123.05935185300748
2023-06-21,119.76478576660156,89.86195189926559,82.65456235477882,81.61960010996336,119.7423363291252,115.48153323677934,83.1588141017802,86.3083648761683,119.702263669423
2023-06-22,118.27385711669922,90.43073955881609,82.65451666774663,81.87537200727161,118.96613320759768,117.45763642623116,83.1588141017802,86.91619707070186,119.76485219774676
2023-06-23,116.37096405029295,90.86979193810532,82.66668133666383,82.25698982792733,117.67853443963124,119.04733856139684,83.1588141017802,87.47785358044621,118.27222614575544
2023-06-26,114.5465316772461,91.15026462868354,83.06708050033262,82.27553280381596,115.40941791071069,120.14696980707254,83.1588141017802,87.9649448808807,116.36888337861822
2023-06-27,115.58626556396484,91.25362657301832,83.0182351037497,82.30492148386656,114.84215125734228,120.69888901978356,83.1588141017802,88.36281536663773,114.54453708552975
2023-06-28,114.30132293701172,91.27837503971318,83.01097086563243,82.39590224247945,115.63301465623066,120.85936174074118,83.1588141017802,88.68915187835069,115.58740404894206
2023-06-29,115.52742004394533,91.2356417734794,83.4124963139642,82.32819803356801,114.29607990831812,120.6280661743274,83.1588141017802,88.94012862367231,114.29991669572355
2023-06-30,116.81236267089844,91.15286680312532,83.38442659866882,82.23355039402418,115.3133103999346,120.18446892853216,83.1588141017802,89.13624517530434,115.5287620635548
2023-07-03,114.90946197509768,90.99990661937296,83.4189103760043,81.9925413672895,114.65590315893265,119.67178097171836,83.1588141017802,89.29859702375961,116.81376752526752
2023-07-05,113.74221801757812,90.72895073623796,83.00463625930047,81.77247289243678,114.31352016564512,119.024077902837,83.1588141017802,89.41012900128453,114.90737959766275
2023-07-06,113.2419662475586,90.40665852006964,83.09603018759572,81.49888503896943,111.53258834874296,118.23567466597024,83.1588141017802,89.47136154276745,113.74094232828683
2023-07-07,112.41803741455078,89.99476410182479,83.03631326374568,81.12055668463097,110.2442686424289,117.1577070191206,83.1588141017802,89.4911023134564,113.24141973308872
2023-07-10,112.19243621826172,89.39775774752616,83.07092019742879,80.901441678276,112.717750902643,115.90552478658948,83.1588141017802,89.4773088025222,112.41713642053094
2023-07-11,113.0783233642578,88.63835981691818,83.37760929890987,80.53478735385693,113.5411042932643,114.66004464304046,83.1588141017802,89.43311156486584,112.19218993583225
2023-07-12,114.2004470825195,87.71655839164464,83.36162876960896,79.86892071009333,114.06911984555369,113.56425110806822,83.1588141017802,89.36300382078298,113.07929257803984
2023-07-13,115.60801696777344,86.86731989183568,83.26392407169419,79.50291593608836,115.55012667968202,112.70148527394736,83.1588141017802,89.29959022011144,114.20167403697148
2023-07-14,117.39948272705078,86.11142993074236,83.24674972037838,79.067008016449,117.7057724659084,112.16433687738072,83.1588141017802,89.257089361824,115.60955602900816
2023-07-17,117.0254364013672,85.55827319537696,83.24840041271511,78.73717743997031,118.16809086598954,112.02797499106008,83.1588141017802,89.2530172567815,117.40144155926409
2023-07-18,118.87594604492188,85.19161092538707,83.46168138369944,78.5366193142529,117.55386355924476,112.165568440857,83.1588141017802,89.2789833822037,117.02502613511032
2023-07-19,116.82857513427734,84.98513930859087,83.14216415813814,78.46934019338005,118.2062554943581,112.63706655856777,83.1588141017802,89.34886467751835,118.87797055543862
2023-07-20,114.0626449584961,84.84626066271471,83.22390620428632,78.33221553226122,115.00693622050473,113.17727399989803,83.1588141017802,89.42853094329121,116.826334373734
2023-07-21,115.80487823486328,84.6235343944245,82.34630400306185,78.04659212540241,114.08128213364576,113.5353451214446,83.1588141017802,89.48696664384738,114.05962054745456
2023-07-24,116.21829223632812,84.27982091933995,82.66594041218536,77.81439076391575,117.09015958556364,113.8632191011102,83.1588141017802,89.55082916926995,115.80678576299825
2023-07-25,116.10017395019533,83.93346355556685,82.68101514641342,77.53796832806029,116.72805095013923,114.18316340110276,83.1588141017802,89.6120259556842,116.2187434052795
2023-07-26,113.68859100341795,83.69564268912154,82.69973093846727,77.31194862066741,115.17833064876768,114.46891790988002,83.1588141017802,89.66779591723207,116.1000444877904
2023-07-27,114.57449340820312,83.45510443745763,83.50502844527864,76.73213250882623,114.39365854623432,114.54489345800948,83.1588141017802,89.68013538870719,113.6859530339766
2023-07-28,114.17091369628906,83.21532101502112,83.59439823940886,75.9192012948547,114.57873366264312,114.5124795018712,83.1588141017802,89.68102926542383,114.57546397593552
2023-07-31,115.39147186279295,83.00578240789048,83.4791477347427,75.0083925668032,114.1032786602529,114.38045192442996,83.1588141017802,89.65438776648239,114.17047167588946
2023-08-01,116.06080627441406,83.08295575082025,83.46543963869476,74.09984634004115,115.23277989394327,114.26706862890524,83.1588141017802,89.61904586749893,115.39280728420698
2023-08-02,113.8953094482422,129.79054485985398,113.60567931429568,122.46704072987497,114.3156568661827,133.83877346205236,123.26089860110596,127.18961787268154,116.06153771577588
2023-08-03,112.75350952148438,129.8915410104787,113.60567931429568,122.86432721617712,112.5098273982728,133.63453256426237,123.26089860110596,126.95338810679186,113.89294019220011
2023-08-04,112.64523315429688,129.53403799724538,113.60567931429568,123.12194248591436,112.78310527149902,133.26329165909056,123.26089860110596,126.6948948514796,112.75226182593876
2023-08-07,114.2791976928711,129.1514031435254,113.60567931429568,123.39637852906615,112.58144046552228,132.7723586751672,123.26089860110596,126.4779887138111,112.64511540789532
2023-08-08,113.4228515625,128.7055771651167,113.60567931429568,123.70083293875564,114.6414800891154,132.34847041777766,123.26089860110596,126.34421708357604,114.28098516013206
2023-08-09,111.32624816894533,128.510751768742,113.60567931429568,124.21253961757384,113.8582617736924,131.91825748601968,123.26089860110596,126.27339026533446,113.42191380205338
2023-08-10,111.21796417236328,128.30891837890886,114.95188943184712,124.57959320692636,109.91696927383371,131.33978020286077,123.26089860110596,126.129305284182,111.32395520904748
2023-08-11,111.28685760498048,127.82458021876164,120.3034538514812,124.90572710658353,110.99715302998568,130.676642862672,123.26089860110596,126.0054497263236,111.21784700205228
2023-08-14,113.75750732421876,127.31379125337251,120.23830811637208,125.14606075979896,113.07940017843872,129.9880638047348,123.26089860110596,125.8136913202834,111.28693303334076
2023-08-15,115.45052337646484,127.211929035529,120.32880816795068,125.50300361028984,116.04362864253028,129.51739997195955,123.26089860110596,125.6001541046403,113.7602099372898
2023-08-16,113.5311050415039,127.66303087295864,120.32880816795068,125.97723500436086,113.8928524142548,129.3592513304652,123.26089860110596,125.51152523498854,115.45237386351052
2023-08-17,113.0783233642578,128.17426479031337,123.25516984454862,126.41406659660744,113.52398222458372,129.28413390398373,123.26089860110596,125.47944499282448,113.52900434618093
2023-08-18,114.63355255126952,128.6169443226795,123.25516984454862,126.75956385233984,113.26140265701773,129.25470350968635,123.26089860110596,125.46566340024653,113.0778292388275
2023-08-21,114.76151275634766,129.28202832771785,123.25516984454862,127.21831727446396,114.33721624217192,129.3921618847794,123.26089860110596,125.50097351694671,114.63525410000636
2023-08-22,114.71228790283205,130.13943487432425,123.16466979297002,127.90621301331112,115.93070993177922,129.65109214648646,123.26089860110596,125.55609194168778,114.76165178122928
2023-08-23,115.9918975830078,130.9550953918706,123.25516984454862,129.04641831635172,116.23826588037072,129.98690375139586,123.26089860110596,125.58145420372809,114.71223397780264
2023-08-24,111.13922882080078,132.22723689828808,123.25516984454862,130.06094058024655,113.26472826845452,130.47183782935417,123.26089860110596,125.5861977095044,115.993297384153
2023-08-25,114.23982238769533,132.64581751437345,120.32880816795068,130.8925716951303,111.9130234555342,130.63230657752638,123.26089860110596,125.48355682572104,111.13391968115272
2023-08-28,115.00757598876952,133.07576029672373,120.32880816795068,131.69552724494406,114.81461576523608,130.82323069863105,123.26089860110596,125.31626283221908,114.24321710993956
2023-08-29,118.7578353881836,133.730475331849,120.32880816795068,132.6850686341977,117.38143112191528,131.06246389028863,123.26089860110596,125.18303547358482,115.00841393992914
2023-08-30,119.22046661376952,134.81046115368554,120.32880816795068,134.03850922119045,118.73368058098296,131.63613410310472,123.26089860110596,125.05901703152472,118.76193734590116
2023-08-31,118.5019073486328,135.7698173194144,120.32880816795068,135.51679061682262,118.91381159332944,132.4556164402129,123.26089860110596,125.0913316680278,119.2209703947052
2023-09-01,119.033447265625,136.75795234263387,120.23830811637208,137.03786685686237,117.80667330193305,133.37085879677898,123.26089860110596,125.27280850543389,118.50112103162508
2023-09-05,122.03561401367188,137.4797836144303,120.23830811637208,138.43048705354204,119.5376240266984,134.3748452337736,123.26089860110596,125.4274690413406,119.03402915926974
2023-09-06,122.38011932373048,138.4708823355636,120.32880816795068,139.8523310596779,123.00260160587314,135.64429319168494,123.26089860110596,125.6500761260686,122.03889777251965
2023-09-07,123.1281967163086,139.63468598392365,120.32880816795068,141.20686018987226,122.9892411532421,137.06990339838694,123.26089860110596,125.95212700058664,122.38049434365423
2023-09-08,124.33890533447266,140.98719693913108,120.23830811637208,142.55430187089996,122.89226426515086,138.61122495286236,123.26089860110596,126.41128564682232,123.12901483197152
2023-09-11,124.7228012084961,142.46001178204278,120.32880816795068,144.01272728506638,124.51444250694853,140.27432827121356,123.26089860110596,126.90483272354368,124.34022927684272
2023-09-12,107.89097595214844,143.88657545724254,120.32880816795068,145.3518658445928,118.90662719465044,141.97839100711417,123.26089860110596,127.47180482016302,124.72322041372928
2023-09-13,110.08599853515624,143.92530216939304,120.32880816795068,145.72900236330906,108.56288855739136,142.2055310399919,123.26089860110596,127.75624036418505,107.87256330564747
2023-09-14,111.8774642944336,143.64511750575684,120.32880816795068,145.79226499813512,111.14456815526628,141.5785301558681,123.26089860110596,127.85811847317018,110.08840997561468
2023-09-15,112.12353515625,143.34547413919563,123.16466979297002,145.62590063641846,111.5461045167698,140.43696616021816,123.26089860110596,127.93838462953954,111.87942263887544
2023-09-18,110.45020294189452,142.87647887629146,123.25516984454862,145.3429111862847,111.12776885512964,138.96056786486906,123.26089860110596,127.98096494353511,112.12380323934802
2023-09-19,111.00141143798828,142.52305988645685,123.16466979297002,144.93465186668757,109.8790683959072,137.16324001874636,123.26089860110596,127.94116557932466,110.44837232609206
2023-09-20,111.099853515625,142.34028792100798,123.25516984454862,144.5495459404442,110.3747496645226,135.26046650234275,123.26089860110596,127.78963559831892,111.00201543107988
2023-09-21,107.71380615234376,141.8375478188541,123.25516984454862,143.99145699199562,110.99779106706876,133.37008013083914,123.26089860110596,127.65119197244483,111.0999608641633
2023-09-22,107.320068359375,141.00234119710376,123.16466979297002,143.36692718039512,107.1339061783094,131.31511715105216,123.26089860110596,127.51849299426976,107.71010207932702
2023-09-25,106.60152435302734,140.081942165079,123.25516984454862,142.68808939227665,106.32773852096383,129.2332266317744,123.26089860110596,127.32362787004104,107.319639718818
2023-09-26,103.2351531982422,138.70619041523878,123.25516984454862,141.7102200465497,105.74868764290984,127.1751013148032,123.26089860110596,127.06556367555277,106.60073857405406
2023-09-27,102.97923278808594,137.27093428556782,120.32880816795068,140.55532338307285,103.26856619438588,124.94990050752745,123.26089860110596,126.62548234484302,103.23147114849408
2023-09-28,104.48523712158205,135.6030397880154,120.32880816795068,139.32594493877968,102.7454961063752,122.71052082913296,123.26089860110596,126.05622986939989,102.97895489429264
2023-09-29,104.25884246826172,134.10471171721792,120.3272428905002,138.06261507039562,104.59604965461295,120.69464211218316,123.25704102647546,125.5337251598446,104.48688470212105
2023-10-02,105.03645324707033,132.43668214496165,120.3272428905002,136.84065778924332,108.01785256412896,118.92165154946564,123.25704102647546,125.00553936715689,104.258593892887
2023-10-03,102.88080596923828,131.20951256935496,120.32880816795068,135.45438610364454,103.12405118941624,117.48991530766556,123.26089860110596,124.41420217763448,105.0373040181116
2023-10-04,105.4006576538086,129.24094178103542,120.32880816795068,133.71747637799626,103.05644425186856,116.2056726968974,123.26089860110596,123.7919090442183,102.87844742094248
2023-10-05,106.65072631835938,127.38889278871238,120.32880816795068,132.12955405069306,106.33931474608298,115.3138141552388,123.26089860110596,123.1864446297875,105.40341545004289
2023-10-06,108.23548126220705,125.70176603700315,120.23938871400289,130.10021553678325,107.83770469656514,114.84942335062168,123.25704102647546,122.56275307590796,106.65209223233836
2023-10-09,108.58984375,124.42651781239717,120.33145404303195,128.84580854442402,108.45333952701878,114.84854933783208,123.26089860110596,122.17801661870747,108.2372140693072
2023-10-10,107.9894027709961,123.49978616043312,120.33145404303195,127.07104611941486,107.99830321620618,115.23083855922164,123.26089860110596,121.69986408543946,108.59023041991668
2023-10-11,108.31542205810548,122.56105272375362,120.32880816795068,125.10899864473411,110.00294976250292,115.8309516317088,123.26089860110596,121.20732212342614,107.98874572961223
2023-10-12,107.79182434082033,121.64349026050968,120.32880816795068,123.04338860005556,107.99927062064724,116.5959670808827,123.26089860110596,120.575490332247,108.31577905949354
2023-10-13,106.94221496582033,120.69438785391708,120.32880816795068,121.4727717259866,107.95919436297471,117.38213761235056,123.26089860110596,119.93421125736928,107.79125137522718
2023-10-16,107.39665222167967,119.90221444369875,120.23830811637208,120.24158169154772,109.35720911810446,118.0856265339214,123.26089860110596,119.31700726205986,106.94128589452544
2023-10-17,107.72266387939452,120.19587479543657,120.32880816795068,119.44035033060072,107.88510837387663,118.72828416533548,123.26089860110596,118.69001432350684,107.39714985218188
2023-10-18,106.94221496582033,119.80406678021107,120.32880816795068,118.120598963862,106.13419175469583,119.31435741419318,123.26089860110596,117.9436153467516,107.7230202268276
2023-10-19,107.03111267089844,119.3361521149377,120.32880816795068,116.968773263505,107.40767496547534,119.75832015624589,123.26089860110596,117.1898627442074,106.94136102987184
2023-10-20,100.61952209472656,118.83756357353444,120.32880816795068,115.92753401774598,102.77730254667534,120.08254711890754,123.26089860110596,116.42385807146708,107.03121039397176
2023-10-23,102.4076690673828,117.698852037807,120.32880816795068,114.67613045115468,102.77951908763136,119.78156095087866,123.26089860110596,115.54530836092296,100.61250837126714
2023-10-24,101.95321655273438,116.70961655302972,123.16466979297002,113.603565792459,100.47756775604962,119.19177314766512,123.26089860110596,114.64617167639813,102.40962905125964
2023-10-25,100.20460510253903,115.86433892027183,123.25360456709814,113.27165546281958,100.60536007655912,118.33781497879228,123.25704102647546,114.38702688427908,101.95271832912864
2023-10-26,99.18704223632812,114.66422401328896,120.3272428905002,112.4716159374948,98.46876571129668,117.21049341882758,123.25704102647546,113.9698605797987,100.20269256689298
2023-10-27,99.7699203491211,113.24919333412664,120.3272428905002,111.56419202261031,99.52720581018512,115.86473619881258,123.25704102647546,113.41924841348668,99.18593018891713
2023-10-30,100.42195129394533,111.6882541653099,123.25360456709814,110.58311266627425,100.32738600459244,114.47291055921436,123.25704102647546,112.82769272076688,99.77055858398246
2023-10-31,102.15081024169922,110.42010530822677,123.25360456709814,109.2672109285952,101.34622432162108,113.16626938431978,123.25704102647546,112.2937662531656,100.42266419678054
2023-11-01,104.47241973876952,109.4428874993066,123.25360456709814,107.7271964205188,103.58284807842284,112.1313508401438,123.25704102647546,111.76420190394153,102.15270104995768
2023-11-02,105.57888793945312,109.15540085609176,123.25360456709814,106.88943132496615,105.49376643011962,111.53496821315412,123.25704102647546,111.29742345529462,104.47495830101738
2023-11-03,106.74462890625,109.25399744433048,123.17874139888272,106.46844320092396,105.75472567930916,111.3816067780756,123.20877962934742,111.03782576563913,105.58009689079508
2023-11-06,107.79182434082033,109.66312283114644,123.25516984454862,106.079312843063,107.19281634738408,111.66971317581395,123.26089860110596,110.87393247644582,106.74590343976952
2023-11-07,107.67327880859376,110.4559795604548,123.25516984454862,106.12533756200672,107.95408566911422,112.36077919741616,123.26089860110596,110.82165062048556,107.79296916016072
2023-11-08,110.9729232788086,111.63267092467618,123.18178455250472,106.1103839977336,108.95254772351905,113.31008024327912,123.21263720397792,110.96047166097333,107.67314849098312
2023-11-09,110.82473754882812,113.05549620880764,123.161177714597,106.44686303059144,114.49390110812388,114.67447379963984,123.19239586232766,111.2023467549268,110.97653284814048
2023-11-10,111.7039794921875,114.91008778379135,123.17001716212826,106.92656892295372,110.88871580739942,116.2460798972752,123.20195041123225,111.45762205405912,110.82457342955676
2023-11-13,112.77093505859376,116.796036553995,123.17001716212826,107.8574084350289,112.02802513596868,117.98432050603492,123.20195041123225,111.78833657529094,111.70494139081168
2023-11-14,114.69737243652344,118.85894907738202,123.15730822161026,109.1190141145462,114.87829371084771,119.84735822279458,123.25134405220138,112.153074030751,112.77210166843734
2023-11-15,112.68202209472656,121.33246486375651,123.24780827318888,111.35671727749876,113.54599173149634,121.86396793225936,123.25134405220138,112.67328644312624,114.69947912306748
2023-11-16,113.28465270996094,123.6709377285656,123.24780827318888,113.42977232203066,112.9420752485562,123.7131446007329,123.25134405220138,113.11209648250563,112.67981631568584
2023-11-17,113.96631622314452,125.67185096288608,123.24780827318888,115.48280452810968,113.01231300921036,125.41900303563762,123.25134405220138,113.5188858715021,113.28531316371256
2023-11-20,115.50746154785156,127.52767807413149,123.25516984454862,117.6940648313912,114.19837446078007,126.98259602510645,123.26089860110596,113.88400074157585,113.9670615287612
2023-11-21,114.67761993408205,129.28820203624082,123.25516984454862,119.75321512699747,114.1381928148416,128.481734544127,123.26089860110596,114.27404086729508,115.50914699718544
2023-11-22,114.83567810058594,130.84198224575357,120.32880816795068,121.88543289181509,114.75598346180756,129.7854517489618,123.26089860110596,114.70129804671,114.67671122409077
2023-11-24,114.84556579589844,132.36526735447978,120.23830811637208,124.10297416882554,114.25405017089597,130.8985467643829,123.26089860110596,115.1258140041939,114.83585150923612
2023-11-27,115.06290435791014,133.5116225293309,120.32880816795068,126.1036649271632,114.87995764746265,131.81289921701773,123.26089860110596,115.5761848491086,114.84557651513684
2023-11-28,114.83567810058594,134.67690405386247,120.32880816795068,127.92480564901734,114.68805086376776,132.55106658240902,123.26089860110596,116.06413824397646,115.06314209958286
2023-11-29,114.80604553222656,135.53504953855463,120.23830811637208,129.17697199040686,113.69896183750748,133.10298976790546,123.26089860110596,116.5364865377644,114.83542940379584
2023-11-30,114.80604553222656,136.03329244762745,120.32880816795068,130.64409780461528,115.16257325844046,133.4871183889386,123.26089860110596,116.99997552009404,114.8060132560752
2023-12-01,115.74456787109376,136.54701332864715,120.32880816795068,131.58653785007982,115.08605455677105,133.7259145742014,123.26089860110596,117.49741195372916,114.80604555027304
2023-12-04,114.3812255859375,136.9099113844636,123.25516984454862,132.21374531904485,113.37683381176195,133.92377517862724,123.26089860110596,118.01443421942236,115.7455945250452
2023-12-05,113.1463394165039,137.19881233928345,120.32880816795068,132.6627415802086,111.89598145681776,133.95937133587677,123.26089860110596,118.74607827117484,114.3797336454256
2023-12-06,110.67654418945312,136.75817481861668,123.25516984454862,132.662638287788,112.56962804424217,133.78939968501027,123.26089860110596,119.37869667386462,113.144989402952
2023-12-07,111.5063934326172,136.09723840154356,123.25516984454862,132.4835848494804,111.20636767658348,133.27033143483231,123.26089860110596,119.95848497620796,110.67384322377109
2023-12-08,112.2374496459961,135.25786035511555,123.25516984454862,132.13406713491577,111.2364690719747,132.59001577054232,123.26089860110596,120.55128017797485,111.50730271875774
2023-12-11,113.73908233642578,134.34423889499567,123.25781571962987,131.5506159244269,112.48704114886846,131.86629345289202,123.26089860110596,121.14741251948384,112.23824884338866
2023-12-12,99.59209442138672,133.39714274503376,123.25781571962987,130.9916529631887,109.3496200540366,131.26985917969205,123.26089860110596,121.71848453064354,113.7407245325724
2023-12-13,101.7457504272461,131.46090248435894,123.25781571962987,129.92376824570283,101.23445330095308,129.61554366266182,123.26089860110596,122.04519051139935,99.57661804716092
2023-12-14,99.09812927246094,128.94831435350352,123.25781571962987,128.60262640407154,100.81718846081264,127.50703548115509,123.26089860110596,122.16218904164477,101.74811497486152
2023-12-15,102.07176971435548,126.3437641860396,120.32988876558149,126.84586069695752,100.8981608113019,124.90483720265227,123.25704102647546,122.04236983376018,99.09523170525318
2023-12-18,103.7314682006836,123.8916934952938,120.010882042945,125.34127151635812,102.0891347563471,122.29317972209468,123.25704102647546,121.81816171651305,102.07502421360726
2023-12-19,104.96637725830078,121.38262922509466,120.010882042945,123.70107527866548,104.75270357738464,119.9448185944068,123.25704102647546,121.52778288552167,103.73328193291368
2023-12-20,102.8917465209961,119.20210238972412,119.818472100098,121.86533854322488,104.05953686845196,118.01100967840124,123.25704102647546,121.19362395934172,104.96772711696748
2023-12-21,104.58108520507812,117.17728093282244,119.818472100098,119.8433496823186,103.68271978973485,116.31791183022484,123.25704102647546,120.83788486282924,102.88947631801788
2023-12-22,104.91697692871094,115.12455065843436,119.82003737754847,117.8117387351558,104.36567533897292,115.04985037442066,123.26089860110596,120.36019714545388,104.5829344498733
2023-12-26,104.9071044921875,113.40934028668084,119.818472100098,115.9349233986036,105.75553157070966,114.18001298227476,123.25704102647546,119.90620709303312,104.91734332826906
2023-12-27,104.66012573242188,112.27789100267796,119.79135386690768,114.39077322091816,104.78472429977576,113.65428237096876,123.21263720397792,119.43437923413352,104.90709348781898
2023-12-28,104.96637725830078,111.08613880897748,119.80826998717204,112.58453044434144,104.96616293986514,113.3939457432275,123.25021180836028,118.93363347025412,104.6598555673581
2023-12-29,104.15628051757812,109.53162363416436,119.7887079918264,110.41750313378498,104.03211144280635,113.37048644539732,123.21263720397792,118.37508367869827,104.96671241932935
2024-01-02,102.8028335571289,107.90724305517824,119.80562411209075,108.26797991573312,103.67444318881556,113.45264762040595,123.25021180836028,117.90387954710764,104.15539416157922
2024-01-03,101.22215270996094,106.57349556544956,119.81002993110748,106.34821082335702,106.13545810427478,113.50450836111304,123.25134405220138,117.3887324361267,102.80135351077588
2024-01-04,101.35057830810548,106.0445350796074,119.81739150246722,104.449783534189,100.81574626264316,113.40403661816208,123.26089860110596,116.80638565998106,101.22042442334872
2024-01-05,101.48890686035156,105.48430479982426,119.80846465365698,102.5653205857277,102.39356461556125,113.20467430085228,123.24748647757087,116.13839754880996,101.35071975979906
2024-01-08,103.39558410644533,104.21384378163408,102.19235946447452,103.48886209100964,101.524899156505,104.3851939890369,102.04092483031854,102.69245369154714,101.48905809951012
2024-01-09,102.37802124023438,105.36289647777676,104.56586832379072,103.56066224167604,100.99471627179844,104.27432943946042,105.02144351758898,102.3622675507745,103.39766974501104
2024-01-10,103.06232452392578,106.09589922213854,103.32129000252915,103.65714530807804,102.56558721272664,104.16564594907254,103.07942285414651,102.02711542824272,102.37690695733302
2024-01-11,103.9053192138672,106.51707009430947,104.32569358199156,103.6622304733994,104.59951861702037,104.10971310332296,104.96502599201972,101.6880858671534,103.06307370950432
2024-01-12,105.72020721435548,107.16331117816094,103.23149710675308,103.73163503446516,104.5666310333942,104.1453648795682,104.7563117378611,101.36408138047454,103.90624095079778
2024-01-16,105.6904525756836,107.8895125139054,106.49460796561652,103.86812404991883,104.81668769528788,104.35086912311772,106.45082787042791,101.06402881701638,105.7221920134308
2024-01-17,105.5516128540039,108.374498238074,106.38288529439204,103.68752122530236,106.1931786356433,104.66882703040665,106.86851460979663,100.78474597566763,105.6904189171893
2024-01-18,107.80287170410156,108.5076898416396,106.71408449544356,103.48564810761512,106.58196896557604,105.04446183623897,106.96504534962357,100.49723549574036,105.55146099540454
2024-01-19,108.7648696899414,108.77393002849612,110.6783601964146,103.38157702108516,108.65180920230424,105.56674406981142,109.44841364380818,100.27748881650564,107.80533445156058
2024-01-22,109.19132995605467,109.09205876555755,112.29585196550444,103.42987417328186,109.16186305942898,106.21709301377405,110.97010566558606,100.1250490676416,108.76592064703205
2024-01-23,110.90705108642578,109.4970405371937,112.9458989777761,103.591610239999,111.60513747415511,106.94643284999027,110.84783127631977,100.0700180441795,109.19179587530844
2024-01-24,113.3665771484375,110.17208034246278,112.08477787681386,103.84319084870252,112.50603922457172,107.78547718244408,111.11683254903436,100.03146216180151,110.90892766125994
2024-01-25,114.0508804321289,111.28303005376392,113.24529603164206,104.23853464294052,113.87032809486928,108.7907587474815,113.21718857488533,100.02455746076362,113.36926658621698
2024-01-26,113.69385528564452,112.50296121435848,116.4220901819608,104.7376793743008,113.19129340174044,109.89224528394244,114.7435049188773,100.02571751410257,114.05162749094148
2024-01-29,112.81120300292967,113.77415322506364,114.61381731204096,105.6874929094813,112.9286270388372,110.97677994507036,113.7044427595215,100.43427081981986,113.69346431647112
2024-01-30,113.21781158447266,114.76733368575036,115.05463360805106,106.608837464433,113.55645336524869,111.9266649903882,114.57680287040102,100.7981342624903,112.81023768408475
2024-01-31,110.77811431884766,115.7402410225036,115.0343962391862,107.57949223186029,111.0466883057267,112.73721253311533,114.557022371858,101.2381997020584,113.21825691523206
2024-02-01,114.5765151977539,116.30343102741516,113.1385750972454,108.31466808983988,111.10798865705398,113.24680569009683,112.155259062725,101.58024063448649,110.77544527363902
2024-02-02,114.83436584472656,116.7923935097765,114.86150061825992,108.98293429598948,114.52248555169264,113.72262222554536,114.22923182068598,101.88710255213276,114.58067177851946
2024-02-05,115.42940521240236,117.1821396493756,115.98204857910514,109.48759722628051,114.63304581751925,114.15026873793022,116.97364787119976,102.16907099641683,114.83464558469144
2024-02-06,114.3484115600586,117.60593653270077,115.93934908154732,109.94790400749888,115.04914230436454,114.55409840179824,114.888372538755,102.5132254506816,115.43005597233012
2024-02-07,116.3021469116211,117.78578452808983,117.34230249307144,110.30475151114,113.99295779865412,114.85282405493037,116.069429994139,102.8101991054491,114.34722869220514
2024-02-08,115.71701049804688,117.93728669959772,116.3070859899899,110.53111287807792,115.8951422249354,115.17102032934372,116.65220185832322,103.10888503072717,116.30428477320406
2024-02-09,115.6773452758789,117.85707616222408,115.59948523552248,110.60059689485183,115.296939789402,115.44494388317798,115.9957149609063,103.41105906159282,115.71636921925854
2024-02-12,114.88394927978516,117.91019230311986,116.89542769931518,110.67329092223486,114.7283753340291,115.66830976991878,116.0823057916441,103.72028478655648,115.67730224446429
2024-02-13,112.74178314208984,117.75392278912318,115.5818420955286,110.704230974987,112.24793998639645,115.7927175449488,116.19607842013876,104.01470791309248,114.88308140426658
2024-02-14,113.3169937133789,117.14907018364512,112.06232766647712,110.56757510254624,112.84574122947954,115.71185944355376,114.59816851032156,104.30519798207524,112.73944030181916
2024-02-15,111.84920501708984,116.5833614327853,111.15816938119748,110.72851263939651,112.61537234057704,115.5203473502088,115.10393984774124,104.61137260784608,113.3176242488514
2024-02-16,110.3913345336914,115.91235003191925,111.0886575549257,110.7228593657619,111.73798157920788,115.17100443820208,113.94116117801627,104.92952120883456,111.84759904364276
2024-02-20,107.55494689941406,115.35525825260788,110.2881254042104,110.73656944820254,108.9870439846858,114.64611208461702,112.33542090816128,105.20928475721756,110.38974066031795
2024-02-21,107.26734161376952,114.55650590975506,109.2198473809692,110.623714533137,108.52756025768984,113.86375542714018,110.28526897150256,105.43444634296247,107.55184505293764
2024-02-22,110.09381866455078,113.75426943410002,107.07419365590408,110.40585492697072,106.46658516139853,112.92918546956751,109.14926290263747,105.56751876296585,107.26702873533544
2024-02-23,111.02605438232422,113.11211237364728,109.55188483974166,110.17841693518744,110.57560989825843,112.10417301517236,110.3032180159728,105.71262872275338,110.09691073591164
2024-02-26,110.0541534423828,112.52531210506004,110.15815572961014,109.90054840544371,110.3327593376266,111.4634262935392,111.038731560712,105.84169657506618,111.02707243045856
2024-02-27,110.46076202392578,111.73061200332268,111.5419166148315,109.58526815551932,110.71702221650077,110.94796930529652,110.11705329178608,105.94826257083196,110.05308970619494
2024-02-28,110.75829315185548,111.32357232884556,110.8471956306546,109.34176421954884,109.22522625224288,110.58567114007656,110.91554740358742,106.0151007125246,110.46120740971308
2024-02-29,110.75829315185548,110.95356298715,110.45726277014136,109.16294914836568,111.01497297084892,110.37556243823995,111.4928686061928,106.09257400075262,110.75861837351572
2024-03-01,112.84095764160156,110.50588966352689,111.5671199654555,108.95600675649872,112.16528533537944,110.28983370193556,111.39516986745616,106.18394011955002,110.758292970015
2024-03-04,113.11863708496094,110.14847802435791,111.9026097747469,108.76523757402492,113.3867163382222,110.4189849827419,113.21020044535383,106.24543486486982,112.84323587809718
2024-03-05,110.02439880371094,109.75160073495272,111.44439665143818,108.60224610711909,112.69918982056448,110.70996767711516,113.88982087219756,106.30882065604352,113.11893956597312
2024-03-06,111.34341430664062,109.28875137107366,109.4239810135532,108.3614516107964,110.52233078074076,110.92336584526902,110.9228652743077,106.35983519345882,110.02101383290534
2024-03-07,113.5946807861328,108.847744381364,110.31053985947848,108.0445385460696,112.97747069401976,111.14317211628486,112.35158219919822,106.37435969690796,111.34485907647932
2024-03-08,111.49217987060548,108.79552211718487,111.49444580199952,107.82119649604124,113.35185132030416,111.47555918017316,114.08604071625018,106.349283475417,113.5971426492183
2024-03-11,113.18805694580078,108.78891934783792,110.62826337242836,107.6292553418723,113.62682627904688,111.74492992193063,112.5951417541644,106.3093569820735,111.48987855855682
2024-03-12,126.48739624023438,109.14667661933731,112.32355817093504,107.6109566922862,115.90132315126102,112.0530154574824,113.85141992845048,106.29085969321704,113.18991336036645
2024-03-13,124.48405456542967,110.07821534164418,109.19803678908306,107.7968909949193,124.9628253889991,113.13552797083798,118.58207374399012,106.40571291934248,126.50194341151216
2024-03-14,124.49398040771484,111.08084705881492,109.88324692499486,108.09072614921502,124.66666308206356,114.59016334772582,119.78443724751357,106.59428515148602,124.4818549669049
2024-03-15,124.50389862060548,112.09694254573104,112.51154243083828,108.5974191728492,124.60954278891856,116.2423891796318,120.28870687204926,106.91050297876654,124.49399249549668
2024-03-18,126.74525451660156,113.22501496213772,112.04608294694664,109.00020002136966,124.9933649951105,117.9283558780021,120.60691903760426,107.18426364839912,124.50390946342618
2024-03-19,128.123779296875,114.53415899183892,109.88563059623924,109.54401872463518,126.59245160154282,119.65161511299084,118.02718288779442,107.50465687314272,126.74770634020204
2024-03-20,128.17335510253906,115.6984155377354,112.446746300845,110.25687944698188,128.42410796260214,121.35692530350934,117.85893145300928,107.85831820288718,128.12528590067558
2024-03-21,127.94525909423828,116.77020947606206,113.01373031582057,110.97871866434912,127.49809918363906,122.9309706913848,117.09984339966309,108.27047482496891,128.1734084913599
2024-03-22,126.7353286743164,117.76878100654652,110.56648258655925,111.69962030436022,127.6812360263126,124.2851939171028,117.63016257811456,108.65245814188212,127.94500954910036
2024-03-25,125.03944396972656,118.47816554166184,111.06145986602723,112.31165570585472,127.09298511481592,125.31207948918518,116.44223220397588,109.04519181610748,126.73400526531744
2024-03-26,125.42623138427734,119.18316014890206,113.29792749271816,113.04271973093772,125.18528821884644,125.92903717179934,116.44062322588591,109.41497868182024,125.0375895734974
2024-03-27,124.23612213134766,119.77458871248882,112.75785115330632,113.74524723844002,124.22311539328102,126.22896657890988,116.74037385765314,109.77932680431036,125.42665552967766
2024-03-28,124.57331848144533,120.18733727959624,112.99699694368496,114.4333892899824,125.4821003623805,126.20369966371936,117.89290274102724,110.15975676212928,124.23482002813654
2024-04-01,124.44439697265624,120.8556869142394,109.16151894561904,115.09412309499976,124.0901327394442,125.96610325964956,112.27864583190537,110.49722501855354,124.57368807014667
2024-04-02,123.31379699707033,121.09014481783744,109.42785447932532,115.73450034759004,118.3113790157625,125.58171243477956,112.24386409566432,110.84234485967228,124.44425573816947
2024-04-03,125.19811248779295,120.62206329557694,109.10686136398522,116.15019274868428,125.76471375676869,125.05142901139676,112.52756070160058,111.1905118271984,123.31256030745472
2024-04-04,123.1650390625,120.50162830595424,109.49564211673032,116.54366138821,124.21137196160886,124.56626848467022,113.59463099807796,111.5924305812855,125.20017444075978
2024-04-05,123.86917877197266,120.20885785814768,109.4378341162685,116.80174147383993,123.2680432541762,124.02117054450356,112.18472918487646,111.97799337785068,123.1628139211074
2024-04-08,123.32371520996094,120.06862250605492,111.60113892689832,117.03941733361783,122.25073066340724,123.51620965530697,114.7257386225358,112.2865477020805,123.8699502778217
2024-04-09,122.60736083984376,119.69849398079714,107.96313617307374,117.17290292330358,121.42476048497905,123.03816836003034,112.65632264943702,112.562775471451,123.32311809345734
2024-04-10,121.13483428955078,118.98945905079768,108.31793371944468,117.26066969852197,122.31210671706772,122.57044438845652,113.19482973861297,112.84886369420246,122.60657755032337
2024-04-11,122.6173095703125,118.32640116631704,108.33735666730104,117.2717776065208,122.21547112727286,122.0545464210336,113.03088480320936,113.10651471900836,121.133223923852
2024-04-12,120.4980697631836,117.97261270743957,118.30545266886428,117.35875777022852,122.60549383333358,121.62591068508232,112.65658088048848,113.35343127764372,122.6189321573331
2024-04-15,119.27428436279295,117.39624100054652,120.52976357220882,117.16295506864368,120.43992023334732,121.1586912572552,112.53674578146229,113.5842302458816,120.49575060964597
2024-04-16,120.0105438232422,117.01172304654348,116.36270101290688,116.9074930485972,119.77158264092684,120.62692598491547,109.20990747188011,113.7471939032896,119.27294695494184
2024-04-17,118.07039642333984,116.67634050245806,117.31826714135718,116.66858562534298,119.50936561686332,120.12666490085576,112.17565137022076,113.8930507467337,120.01134996868008
2024-04-18,115.41388702392578,116.42464865576312,116.83250275124874,116.5569622737537,117.37335230205916,119.5662081723044,110.70008735980718,114.08685116447327,118.06827363631652
2024-04-19,114.29954528808594,115.91024445565336,113.87933669150766,116.37087700527512,114.98771321236543,118.84767431239608,112.83305995385216,114.21494568436128,115.41098224281932
2024-04-22,113.9513168334961,115.3864009174158,114.99113657888596,116.07747885737422,114.65960851481957,117.99954819250117,112.68107707531,114.25514629989787,114.29832792861032
2024-04-23,114.50848388671876,114.9443252484316,113.17228815421186,115.86487127351644,112.80065433595996,117.09269635871532,111.95994501374524,114.30994292902096,113.95093658542584
2024-04-24,114.75721740722656,114.34596814709448,115.66759466854546,115.55660298983594,115.28590796002358,116.23450320059828,112.1848006950138,114.30542189922744,114.50909358696286
2024-04-25,114.30949401855467,113.84640627326644,115.4519002304262,114.86662948422077,113.89759501244522,115.47988850362071,113.16104517150916,113.98906899724308,114.7574891570838
2024-04-26,116.6177749633789,113.30368008598792,114.66632561676944,114.26478030451062,116.41922636813692,114.82945613116452,112.7903723746506,113.70901940831072,114.3090040999098
2024-04-29,115.9014129638672,112.9575273206633,115.33529897872154,113.73739701447516,116.47876601879346,114.43586036250576,112.7725107314593,113.44111859715396,116.62030027659192
2024-04-30,113.17526245117188,112.74042254372443,114.54443261490223,113.29080031569742,115.55752332288286,114.21337246134,112.5326776492052,113.18249026713784,115.9006279201637
2024-05-01,114.05081176757812,112.56912398253188,111.46858296899792,112.87404320811402,112.68944148037066,113.97755586513269,109.82619375376044,112.86339614322242,113.1722807413575
2024-05-02,114.37914276123048,112.24943394080536,114.4956905107399,112.41031983144536,114.93950361131098,113.80196669570024,112.29266579160776,112.51159010426318,114.05177120221369
2024-05-03,115.21489715576172,111.94386317841644,114.64035551856182,111.96846266565854,115.4880599196346,113.69620320258672,111.91909683418726,112.1613930433939,114.37950138758842
2024-05-06,117.7420654296875,111.58355935147095,113.96402455803536,111.59312581873178,116.287597238527,113.69663226341072,113.27945404057414,111.8260700910896,115.2158111908719
2024-05-07,117.33413696289062,111.63282586330706,116.53482591346416,111.2964342317282,118.43461144572814,113.92163493773931,115.0662182502988,111.54662436553916,117.74482939978064
2024-05-08,116.79685974121094,111.7609958661178,116.45397575763992,111.09680971058152,118.64259873773756,114.27222927714934,115.86731850932732,111.32876475937292,117.33368918262669
2024-05-09,116.05065155029295,112.18253223454622,115.32406791437506,110.94045279530587,117.06622318362936,114.66510199886396,114.52212145205476,111.11626046793572,116.79627226151996
2024-05-10,116.08049774169922,112.52586829501706,114.2440105824012,110.87003914674663,116.37237461880504,115.02101589793438,114.0673567064796,110.93684947894144,116.0498355981506
2024-05-13,115.78202056884766,112.97589748038672,114.9285810998624,110.84803388837554,115.4611502063308,115.3276195845292,115.1567778936585,110.7519123454456,116.08053084680866
2024-05-14,120.25928497314452,113.36074120279318,114.37397628421604,110.82930220518006,117.79061200652048,115.55872048445804,114.2370701262946,110.56795251715994,115.7816940447669
2024-05-15,121.01544189453122,113.8834842794729,117.17179054338952,111.01491868498056,120.70888888995394,115.98007807754313,112.99274209051372,110.44003279982984,120.26418285611642
2024-05-16,121.54276275634766,114.5181764761453,117.29490319037676,111.19807998339934,120.47257638190038,116.55084815701184,113.13464998526295,110.29889959823504,121.01626631956994
2024-05-17,122.87599945068358,115.1999660438214,118.14717689823692,111.48728286991012,122.3826629951742,117.23002760467534,117.2423909128629,110.23584354825016,121.5433391341376
2024-05-20,123.89083099365234,116.01927357837168,118.29960472874473,111.84261674231108,125.65088302696348,118.02334517709096,117.42970377203233,110.18978307423777,122.87745756224972
2024-05-21,124.00028228759766,117.0619311085211,118.25552270186516,112.37833493613108,123.69907892845129,118.9053829932227,117.1401036069808,110.19091134529344,123.89194030733724
2024-05-22,123.9704360961914,118.06685909565726,120.68285883066504,112.97513867837392,124.00521336180068,119.7984254249327,118.97447370424128,110.23623288122008,124.0004013966302
2024-05-23,123.4630126953125,118.8937069769106,118.53563982814944,113.69952445118724,123.16355334694197,120.6373108459702,112.06271699944703,110.33539360498662,123.97040338070632
2024-05-24,122.28897857666016,119.64370132445949,119.75767259222448,114.4043164463717,121.43257115930624,121.3478355704974,113.57669387196393,110.40821476150268,123.462457640781
2024-05-28,123.8609848022461,119.97872631785822,121.02816936548334,114.98086692860808,123.2468452784655,121.84667439738132,112.92131935446103,110.52532452973946,122.28769460561126
2024-05-29,123.11477661132812,120.35694343420528,119.91542395517808,115.56318589525586,123.65508394363906,122.24986444279877,112.06461996365717,110.67351737100309,123.86270514508828
2024-05-30,116.49837493896484,120.77009722542424,120.6577269901784,116.05505248374992,119.18762946566753,122.50593827179796,112.38197798034956,110.79876340375404,123.11395936881804
2024-05-31,116.5978775024414,120.42847740824936,115.83799935302136,116.3554784890364,116.5726979751237,122.25101655056687,114.2194627413694,110.91318756905548,116.49113768327524
2024-06-03,118.67731475830078,119.9435711397889,114.89741857112745,116.50967023626504,117.44808358665917,121.66089900616451,114.04353588517732,111.03787741184942,116.59799039531028
2024-06-04,119.46331787109376,119.49457885141057,115.64024204101612,116.62910805675052,117.14752245371928,120.9804005937458,110.6249182871154,111.15895201992272,118.679589401287
2024-06-05,122.01039123535156,118.80326254432772,116.72517000789937,116.67705957661678,120.22193724616832,120.32048120973695,109.49360010503096,111.27125471781665,119.46417641174678
2024-06-06,122.87599945068358,118.14387551356344,117.65981147560932,116.6872855262552,122.20244243924893,119.87176701633712,112.4517361193166,111.37844841367678,122.01317701074429
2024-06-07,125.28376770019533,117.68169755041822,117.85934064990624,116.71903205444504,123.23631242852272,119.65766169238076,112.41265582926484,111.49746114612368,122.87694478594102
2024-06-10,123.87094116210938,117.3197410447433,120.11916428200676,116.8174379489842,124.26200621999465,119.77445363778496,110.491933268391,111.66276874692198,125.28640104054436
2024-06-11,123.25406646728516,117.02154377207034,118.0195074663875,116.82758047012908,123.5582917144945,120.03951788016091,110.27010882238824,111.79807784510967,123.8693941921995
2024-06-12,139.67071533203125,116.70144056066148,116.60181899378767,116.86998995435216,127.20419828675296,120.36339523770675,112.5685836837165,111.96564993359016,123.25339253013472
2024-06-13,139.1433868408203,120.16883204516898,120.56122405984934,112.1558986811756,139.31659411048688,119.38098102547384,119.52283727401276,111.70920663554809,139.68867395756973
2024-06-14,137.4320831298828,121.74764874831862,120.99123040676614,112.2973060049635,139.31126403827489,121.54063484631432,118.66092161596907,112.14079017827156,139.1427999525588
2024-06-17,140.59600830078125,123.36786982098327,120.65951077082627,112.52429507199577,137.32025702153848,123.86687947763971,119.08764644213944,112.63047570757703,137.4302114549215
2024-06-18,143.9091796875,124.95000777273344,120.8405784113354,112.58445496141871,141.47264010865723,126.34345430877784,119.09193705037931,113.16939596643532,140.59947037978026
2024-06-20,142.18792724609375,126.72519131299578,121.06550957552668,113.00111274936694,145.2831798964782,128.92757641367734,119.20028285400758,113.72358761239934,143.9128020453801
2024-06-21,140.78504943847656,128.60918944556445,120.74341599862872,113.43697895475952,142.02654716517375,131.24237545024425,119.09193705037931,114.32109056487388,142.18604233466326
2024-06-24,139.1831817626953,130.2477727323817,120.23996874067234,114.1326653257904,139.69021557663342,133.07089760738518,119.0841464181956,114.9362883035526,140.7835158778095
2024-06-25,138.46681213378906,131.40595091660498,120.28766997505797,114.657835774354,139.1793865982539,134.2768922367709,119.0841464181956,115.54953540459633,139.18143032963386
2024-06-26,137.53155517578125,132.20711871298545,119.58431612819096,115.216913946369,137.5579098441183,134.8741528493356,119.08721340853003,116.13357061454008,138.46602947298746
2024-06-27,139.47171020507812,132.67759185206114,119.29572107784747,115.74955323149834,137.92640144395685,134.90835853169256,119.086549953367,116.68734511803632,137.53053253144247
2024-06-28,140.48655700683594,132.97793442885404,119.8692085425348,116.11880377118108,138.99075994338304,134.65224894762468,119.086549953367,117.13029877259557,139.47383312149785
2024-07-01,142.3670196533203,133.2193685436273,119.21574890759824,116.47393503152624,141.3421043364565,134.26680930740713,119.086549953367,117.54779879105013,140.48766596550163
2024-07-02,142.55606079101562,133.3100275066222,120.58504090836618,116.88952811298532,142.34244979928872,133.94218506620473,119.086549953367,117.95864042116204,142.3690760801257
2024-07-03,143.65049743652344,133.76251981894438,120.33190296778298,117.4328382997187,139.8435951223262,133.69015155996476,119.12074371736776,118.34725431692004,142.556266434192
2024-07-05,144.0982208251953,133.89460698816674,120.26258978078158,117.96061092272409,143.67811937574965,133.5877808255891,119.086549953367,118.72642490176486,143.651694530891
2024-07-08,144.29721069335938,134.14759396290447,120.84612839254942,118.44243430970846,145.4762567302337,133.62932026980798,119.08108737343196,119.11451041706368,144.09870992256856
2024-07-09,139.96917724609375,134.71569433057948,121.16218730841364,118.88675857523322,140.67365013016249,133.78370271073618,119.12074371736776,119.51239282117696,144.29742809583584
2024-07-10,141.3521728515625,134.71355697203035,120.98669348583098,119.31551746753212,139.37666102274284,133.70819595128478,119.12074371736776,119.8972921625791,139.96444266857432
2024-07-11,142.43971252441406,134.5024987744814,120.32812484886064,119.56753110984504,142.30066549910657,133.58944939546018,119.1152811374327,120.29304118092864,141.35368836413625
2024-07-12,144.44520568847656,134.6091839538094,120.561045284506,119.91408909928124,144.3544100167341,133.50517867140024,119.1152811374327,120.65497384989112,142.4409013417667
2024-07-15,142.7490234375,135.10740302616978,120.85840429945802,120.40149027697748,143.99912066840128,133.58786822686807,119.1152811374327,121.04116037376524,144.44739884209676
2024-07-16,142.29005432128906,135.56367743019973,121.05130686769552,120.6582831801354,143.27902646534096,133.6689289403189,119.1152811374327,121.54929949128768,142.7471667495755
2024-07-17,138.9475555419922,135.910938602653,121.09103074898326,121.03669496296745,140.7828600387024,133.7084978829757,119.1152811374327,122.04720471360088,142.28955329095913
2024-07-18,137.72032165527344,135.96421365496508,120.55771211754929,121.46636759591,138.00712341316324,133.48115921082763,119.1152811374327,122.47725476115716,138.943899447136
2024-07-19,138.24913024902347,135.6631241945156,111.2320075707778,121.72576664629514,137.05884915728333,133.01255328089337,119.1152811374327,122.86092651186846,137.71898122262812
2024-07-22,139.85552978515625,135.11660399717312,120.46474496623271,121.84100125981968,138.50677704418982,132.4426651597851,119.1152811374327,123.17544001420924,138.2497094646824
2024-07-23,142.78892517089844,134.6143962482638,119.9632960193362,122.00299555758828,140.64242737798773,131.9546084724966,119.1152811374327,123.46774961890856,139.8572867092417
2024-07-24,138.4586639404297,134.39207123129972,119.96912409552874,122.0658489955174,141.27305141910088,131.75751858843978,119.1152811374327,123.73125255661944,142.7921330434402
2024-07-25,137.51080322265625,133.8821403875586,120.01725041795294,122.12291805789346,137.8383781048764,131.48698779334336,119.1152811374327,124.00835036599416,138.45392525387288
2024-07-26,138.6981201171875,133.41314512465442,119.5099177758682,122.15438251831938,138.08848257838363,131.1472828587348,119.1152811374327,124.2811853766268,137.5097690029299
2024-07-29,137.99969482421875,133.02721285904636,119.26207555823294,122.08146204216814,139.51431583764233,130.83751683495575,119.1152811374327,124.25287133502889,138.69941950693425
2024-07-30,135.36561584472656,132.8478733801894,119.6495254278666,122.01714661920914,136.90343488612822,130.5529621073715,119.1152811374327,124.22800964394992,137.99893008701005
2024-07-31,139.1371307373047,132.40127668141167,119.71836585340452,121.95028066801864,136.80778608436304,130.13790932472784,119.1152811374327,124.21421216023032,135.36273484103762
2024-08-01,137.2014923095703,132.16435565086113,119.72281934584612,121.8278195578382,138.0901666512932,129.92577847511893,119.1152811374327,124.15035758037855,139.14125802587634
2024-08-02,132.98098754882812,131.38685770993743,118.99450448826497,121.41492399767073,136.4868157617016,129.72621751853876,119.1152811374327,124.02208428514724,137.1993725979892
2024-08-05,127.5731430053711,130.08677957653572,120.32483140975796,121.17815393296564,132.45817533584375,129.28749488043832,119.1152811374327,123.89651645677829,132.97637190418558
2024-08-06,127.92236328125,128.54498128781142,120.40521674968954,120.76602909316716,128.10235354952832,128.36242385277455,119.1152811374327,123.74006816743828,127.56722991975089
2024-08-07,125.61754608154295,127.06261586878054,119.97921099767792,120.43258526836053,127.8499812945623,127.20745567916038,119.1152811374327,123.56909537464912,127.92274860110828
2024-08-08,128.67068481445312,125.62072518747937,122.01327712622242,119.98954023973693,126.36403138562312,125.81446204065242,115.28825722671354,123.3636904507348,125.61502461582094
2024-08-09,131.7637176513672,124.40382526215058,124.84131236398936,119.47647089552402,129.1144562276198,124.58150014392186,119.1152811374327,123.15886555348992,128.67402606696723
2024-08-12,132.28256225585938,123.4929251600347,124.70114852203392,119.08168726402846,131.0517048272172,123.7569246959215,119.1152811374327,122.9286863397756,131.7670992662189
2024-08-13,133.9587860107422,122.98900514061484,124.37864177545362,118.68599783746004,133.69061113858592,123.32877761257532,119.1152811374327,122.6966279985636,132.28312793163602
2024-08-14,135.29579162597656,122.9963190385497,124.20084373733472,118.4168773811832,134.50611680386197,123.34503027767664,119.1152811374327,122.45746234425792,133.96061932343653
2024-08-15,136.6227874755859,123.2374551944174,125.69682389195646,118.0660685113612,135.4018850567425,123.778933927078,119.1152811374327,122.24855342361434,135.2972531575956
2024-08-16,137.16159057617188,123.73263111315578,124.55215715090344,117.89927906160597,136.90743831705905,124.57144899684135,119.1152811374327,122.0561871814068,136.62423826534882
2024-08-19,137.61056518554688,124.41701888248826,124.62315082613212,117.87806836031632,138.08202428098528,125.59739699156762,119.1152811374327,121.88886140562158,137.16217916421843
2024-08-20,138.85777282714844,125.3213797798237,125.51333682513427,117.8959220579368,136.84113521407713,126.74020844183542,119.1152811374327,121.74645293991102,137.61105599186908
2024-08-21,139.8854522705078,126.15372996886616,124.82252108901277,118.03174364544202,139.75603832012112,127.96592397798304,119.1152811374327,121.71478189464392,138.85913687897815
2024-08-22,137.7702178955078,126.97705001667782,125.94685908713654,118.17955509930653,140.75584436113513,129.2023104157347,119.1152811374327,121.68433049449686,139.88657569116228
2024-08-23,138.8777313232422,127.83338391122425,125.84295485759368,118.240871069283,141.03431924323766,130.19294829376076,119.1152811374327,121.63875072751875,137.76790340262883
2024-08-26,138.58836364746094,129.21908351572438,125.99869599113116,118.5724516577336,138.61445968937932,131.00325349657805,119.1152811374327,121.56275928824766,138.8789441314409
2024-08-27,138.1693115234375,130.51902657442224,129.1527618361347,119.2555363534525,139.92420559203032,131.59101915201927,119.1152811374327,121.51981745078,138.58804642869669
2024-08-28,137.57066345214844,131.72299508325025,125.55537684031448,120.02409155442432,137.12759341666134,131.9345141239064,119.1152811374327,121.48088812657376,138.1688532977314
2024-08-29,139.10720825195312,132.4275844663789,126.10908380645878,120.62205137722071,137.1258678017691,132.0344535136128,119.1152811374327,121.49524180025035,137.57000884443931
2024-08-30,140.97300720214844,132.84865999170006,116.84973669434568,121.26285769063496,139.49850984620207,132.04987586656398,119.1152811374327,121.5327965407057,139.10888945148182
2024-09-03,139.18702697753906,133.2713484678966,125.49236051818366,122.19012169584356,138.5415322367944,132.11653126012789,119.1152811374327,121.57154311678325,140.97504726831232
2024-09-04,140.43421936035156,133.32057922466402,123.0454743123944,122.9278242453422,139.1438481469154,132.08050604205437,119.1152811374327,121.57742681197146,139.18507214478808
2024-09-05,142.29005432128906,133.50992217717658,123.93898155999705,123.8896872386631,140.61583666789195,132.06577495376405,119.1152811374327,121.53290777869712,140.4355847629144
2024-09-06,141.49183654785156,134.09375477506455,122.93233732956492,124.92973862158532,141.53574035198153,132.20055567149257,119.1152811374327,121.58573787904356,142.29208366436953
2024-09-09,139.57615661621094,134.7698672323936,121.23548122639318,125.93872282262237,140.10650058662887,132.36232749327837,119.1152811374327,121.6637117382329,141.49096223904607
2024-09-10,155.54025268554688,135.1394634044068,118.28452403533856,127.11521554757336,143.13472129820565,132.39972729510282,119.1152811374327,121.71213204677724,139.5740615338539
2024-09-11,156.82736206054688,136.5062922782222,118.16684615878852,128.67470862250184,155.23439761966293,133.45348478768028,119.1152811374327,121.868012227804,155.5577170560746
2024-09-12,161.0179443359375,138.2244266200355,118.24592842510653,130.42708042895538,158.42259056781987,135.1686315948673,119.1152811374327,122.15978947925872,156.82876027067715
2024-09-13,161.66648864746094,140.32684849429825,118.7120473913758,131.5922268787831,160.5985943487742,137.5053206790285,119.1152811374327,122.4765158230714,161.02252765164533
2024-09-16,169.94786071777344,142.35516997514378,119.43621466099172,132.60464356641205,162.67176356399602,140.12978244695387,119.1152811374327,122.90632750350323,161.66719553044737
2024-09-17,167.0942840576172,144.5123288867485,118.5589203506363,133.7145682990781,168.63897968197708,143.3109585795769,119.1152811374327,123.5203016242765,169.9569193540479
2024-09-18,164.16087341308594,146.38990699809892,119.44107735033026,134.76621226981888,166.8999566754441,146.3627331459129,119.1152811374327,124.2872677110854,167.09115745187097
2024-09-19,167.21400451660156,147.78369519368837,119.6062935770642,135.7035353676788,163.8002577266696,148.84237894017087,119.1152811374327,125.05840124978658,164.1576662896796
2024-09-20,167.6230926513672,148.84557305963835,119.94423459495192,136.42267309096906,167.50189702088122,150.90737717589673,119.1152811374327,125.88221392298874,167.21734614414012
2024-09-23,165.5776824951172,149.76777573623804,119.69892701440654,137.09261978534596,167.15980576577445,152.4662743330141,119.1152811374327,126.65384803265124,167.62353828638797
2024-09-24,165.4280242919922,150.41272566483212,119.54212911995069,137.53653088118836,165.8039352702019,153.35723502517067,119.1152811374327,127.3515803881669,165.57544476224538
2024-09-25,165.90695190429688,150.8049190402421,119.84901884709484,137.71158769737622,164.94945420572543,153.67989671038185,119.1152811374327,128.0146780005016,165.4278618313648
2024-09-26,167.72286987304685,151.03155055658772,119.16892963157306,137.87683967917883,166.61795362572803,153.5800844498085,119.1152811374327,128.62646311651542,165.9074758962808
2024-09-27,168.36143493652344,151.2048831839088,119.11214263696093,137.97202761753806,168.04983634304776,153.2951086069711,119.1152811374327,129.20476559711642,167.72485602119954
2024-09-30,170.0177001953125,151.61656704452707,118.74997954644482,138.0668977330647,167.2527296737214,152.92130128242616,119.1152811374327,129.75376481255307,168.3621323553125
2024-10-01,166.78497314453125,151.81189301186305,118.75256582974498,138.13594474344382,168.1139780921838,152.62164997029413,119.1152811374327,130.29583549023937,170.01951160165376
2024-10-02,167.333740234375,151.60706414183278,118.63970694189402,138.09982417852052,166.48061946235305,152.1547364469434,119.1152811374327,130.81166989309577,166.78143583653298
2024-10-03,166.4856414794922,151.28883608513615,118.6880477947302,137.91567762932073,166.4207453741517,151.66610767855627,119.1152811374327,131.29412495295992,167.33434251105996
2024-10-04,170.47666931152344,150.9326838189413,119.95876704397187,137.7410180916736,165.6609086236721,151.13384978082604,119.1152811374327,131.74402700919654,166.48471340356107
2024-10-07,169.5886688232422,150.52844495817635,119.22401230124548,137.54875116910125,170.6867085466221,150.9061058845664,119.1152811374327,132.2353334349482,170.48103563438664
2024-10-08,173.97879028320312,150.3948481304992,120.38542830557572,137.50978608982632,172.77840104262978,150.81667053947697,119.1152811374327,132.71109832418642,169.58769499403604
2024-10-09,177.88999938964844,151.08680405603263,120.42408748037428,137.62355077275015,173.55659729889095,151.15602586896966,119.1152811374327,133.21607907731004,173.9835932020283
2024-10-10,175.41000366210935,152.1114410315745,120.79307184343476,138.0067020885731,177.09898973868826,152.0175323301164,119.1152811374327,133.76754936527004,177.89427519407715
2024-10-11,175.77000427246094,152.81146965705557,119.87880281929348,138.2567492021094,175.9968606866004,152.97745263137313,119.1152811374327,134.34350790248072,175.40728839250107
2024-10-14,176.1199951171875,153.59712769920588,120.30110196252008,138.4358979872668,176.34894269185472,153.96469775066134,119.1152811374327,134.90700778465407,175.7703995969895
2024-10-15,174.08999633789062,154.37772441274728,119.76928107118464,138.61307627086217,174.66679443556416,154.89843739608386,119.1152811374327,135.44949163202273,176.12037775276713
2024-10-16,174.77000427246094,154.75011742568722,119.89943746669906,139.11348037519656,174.28081410850123,155.5622103819378,119.1152811374327,136.00688137023965,174.08777549882066
2024-10-17,175.67999267578125,155.01518166806318,119.35740651686685,139.63347825715982,174.40601155975207,156.02347460443934,119.1152811374327,136.53712109298294,174.77074937804338
2024-10-18,174.69000244140625,155.26006416056998,119.18536901758851,140.0645572561366,175.2097163268142,156.3461760175046,119.1152811374327,137.03559442360938,175.68098769972843
2024-10-21,173.75999450683594,155.25516174337736,119.42211127279576,140.40915666236697,175.3405716539382,156.4599804282825,119.1152811374327,137.5325898780643,174.68891893012835
2024-10-22,175.30999755859375,155.33393413243357,119.64270415532224,140.70297592552106,174.40324483765036,156.35191271963276,119.1152811374327,138.03780105274154,173.75897777264225
2024-10-23,173.10000610351562,155.4363525402341,119.38731364541307,140.8976821383335,174.27602085062705,156.17645862490417,119.1152811374327,138.31885178359653,175.31169368264196
2024-10-24,174.3800048828125,155.31925866313895,118.95201952111915,141.04850496353674,172.768483642859,155.8189794483833,119.1152811374327,138.5675799323776,173.09758763521066
2024-10-25,173.52000427246094,155.00002151894887,119.00157207350458,141.18268976345416,174.02365799311352,155.46476590146722,119.1152811374327,138.75403864268446,174.3814064316769
2024-10-28,172.4199981689453,154.95889524441236,110.6535422059751,141.4635021271847,171.77170081681757,155.0754408771213,119.1152811374327,138.92354945044372,173.51906273013932
2024-10-29,173.42999267578125,154.60814596637147,119.31824279832152,141.6166212223534,170.34318526578068,154.61199956821656,119.1152811374327,138.97062695752038,172.41879539358334
2024-10-30,174.55999755859375,154.12618353189782,119.54055192414398,141.76766652353945,175.63923716444427,154.2349742874917,119.1152811374327,139.05311787371784,173.43109818598563
2024-10-31,167.83999633789062,154.1368782702143,119.34099891313464,141.9895942619628,171.55564246460534,154.0248695584405,119.1152811374327,139.1786340558765,174.56123305808123
2024-11-01,170.02000427246094,153.79119826635315,119.73501976983198,142.14330927494257,169.12826074004036,153.46098034329725,119.1152811374327,139.2340385211669,167.83264460642704
2024-11-04,169.58999633789062,153.37167212734084,119.60652797140324,142.11273471844788,170.07831006308973,152.90867577040171,119.1152811374327,139.27120790143772,170.0223931038604
2024-11-05,171.77999877929688,153.03361987146172,120.60364943521404,142.18677154729858,170.71375710533346,152.36609657618328,119.1152811374327,139.32463391959527,169.58952461454442
2024-11-06,181.2400054931641,152.86785937312698,120.40964243263328,142.28815703089322,173.91868516680353,152.0364268975136,119.1152811374327,139.38311332079093,171.78239469693014
2024-11-07,186.3699951171875,153.43533998627845,120.20954515002312,142.49172255516396,182.80006905980773,152.54337020662842,119.1152811374327,139.48572242229102,181.2503524989833
2024-11-08,189.25,154.4052160877659,120.81213724060444,142.83015619844218,186.76978423623507,153.902475985612,119.1152811374327,139.63233409496252,186.37560105145275
2024-11-11,189.1300048828125,155.7543899032312,122.90627983007836,143.31817315787657,189.2566071727196,155.93390418464605,119.1152811374327,139.83975322107835,189.25314731633316
2024-11-12,189.5800018310547,156.96059111745808,120.90215261236337,143.78090731097882,189.65378333633845,158.24022529715376,119.1152811374327,140.07804883537983,189.1298718598424
2024-11-13,189.6300048828125,158.11214269562197,123.83874421138512,144.31751938151547,189.75535605945905,160.57322763645698,119.1152811374327,140.3969443200249,189.5804941591909
2024-11-14,187.0500030517578,159.2008686453546,120.82877129310486,144.86980806326935,188.696386239744,162.69397994258907,119.1152811374327,140.73229508182703,189.6300593061096
2024-11-15,183.7400054931641,159.90653862611407,120.03896566298933,145.38208285040082,186.64978292528207,164.27006336937848,119.1152811374327,141.07676735892437,187.04718074529825
2024-11-18,185.72999572753903,160.11723927297635,119.9898501169987,145.67114271663695,183.66648937616355,165.07242300138114,119.1152811374327,141.3469247121925,183.7363862494348
2024-11-19,188.8999938964844,160.20480740892435,120.59953760231748,145.97636387391003,186.2000656094402,165.40807569487424,119.1152811374327,141.6136893067228,185.7321746107528
2024-11-20,190.75,160.27975797841873,120.47449020883688,146.30958522273386,191.1527998158124,165.55948649231777,119.1152811374327,141.82648758428013,188.9034603539846
2024-11-21,192.42999267578125,160.8393645308929,120.70911099663658,146.7187503374039,190.96416942434303,165.6552703484881,119.1152811374327,141.99952622548108,190.75202179210797
