Date,Total_Capital,voo_Capital,tsla_Capital,avgo_Capital,cof_Capital,crm_Capital,gm_Capital,gs_Capital,ibm_Capital,ilmn_Capital,nke_Capital,nvda_Capital,orcl_Capital,regn_Capital
2022-09-19,100.0,90.0,3.559682616777959,0.0,0.0,0.0,0.0,0.0,0.0,0.0,0.0,6.440317383222041,0.0,0.0
2022-09-20,100.2682855683941,100.2682855683941,0.0,0.0,0.0,0.0,0.0,0.0,0.0,0.0,0.0,0.0,0.0,0.0
2022-09-21,97.78394206028014,97.78394206028014,0.0,0.0,0.0,0.0,0.0,0.0,0.0,0.0,0.0,0.0,0.0,0.0
2022-09-22,96.24493621320033,92.23846574606274,0.0,0.0,0.8156754716704362,0.0,0.0,0.0,0.0,0.0,0.0,0.0,0.0,3.1907949954671624
2022-09-23,95.24843248644159,95.24843248644159,0.0,0.0,0.0,0.0,0.0,0.0,0.0,0.0,0.0,0.0,0.0,0.0
2022-09-26,95.68774571806583,95.68774571806583,0.0,0.0,0.0,0.0,0.0,0.0,0.0,0.0,0.0,0.0,0.0,0.0
2022-09-27,94.69728305830557,85.22755475247502,0.0,0.0,0.0,0.0,0.0,0.0,0.0,0.0,0.0,9.469728305830557,0.0,0.0
2022-09-28,95.32450051793164,87.69085986286233,0.0,0.0,0.0,0.0,0.0,3.538174213314501,0.0,0.0,0.0,0.0,0.0,4.095466441754803
2022-09-29,94.05991297253554,94.05991297253554,0.0,0.0,0.0,0.0,0.0,0.0,0.0,0.0,0.0,0.0,0.0,0.0
2022-09-30,93.83932358692678,84.45539122823408,0.0,0.0,0.294056253927419,0.0,0.0,0.0,0.282615329800474,0.0,0.0,7.231090101402068,0.9114162507786651,0.6647544227840506
2022-10-03,96.87586478095436,86.22899345319013,0.0,0.0,0.0,0.2376199330748759,0.0,2.264022621058558,1.2015116405541875,0.0,0.0,0.0,3.8024052244793927,3.141311908597221
2022-10-04,97.23260911792588,81.28652801169532,0.0,0.0,0.6057792755884109,0.0,0.0,6.406635948527331,3.720352531925471,0.0,0.0,0.0,5.213313350189336,0.0
2022-10-05,97.82336782306135,93.70393686990002,0.0,0.0,0.0,4.119430953161331,0.0,0.0,0.0,0.0,0.0,0.0,0.0,0.0
2022-10-06,96.06373609736363,96.06373609736363,0.0,0.0,0.0,0.0,0.0,0.0,0.0,0.0,0.0,0.0,0.0,0.0
2022-10-07,94.75768407416014,85.28191566674413,0.0,0.0,0.0,0.0,0.0,0.0,0.0,0.0,0.0,9.475768407416012,0.0,0.0
2022-10-10,93.0392291815422,85.65061230422565,0.0,0.0,0.0,0.0,0.0,0.0,0.0,0.0,0.0,0.0,0.0,7.388616877316549
2022-10-11,93.12765792922063,84.56389591786322,0.0,0.0,0.9797636161278003,0.0,0.0,0.0,0.0,0.0,0.0,7.583998395229619,0.0,0.0
2022-10-12,90.58276962975035,82.49770138410108,0.0,0.0,0.0,0.0,0.0,2.592368067122759,2.545035097384356,0.0,0.0,0.0,2.947665081142152,0.0
2022-10-13,95.5844620302802,85.81653053968724,0.0,0.0,0.0,0.0,0.0,4.519909780006258,3.4123052746384754,0.0,0.0,0.0,0.0,1.8357164359482478
2022-10-14,94.46796032251532,86.16843991408737,0.0,0.0,0.0,0.0,0.0,0.0,0.0,0.0,0.0,8.299520408427945,0.0,0.0
2022-10-17,97.66698234700412,89.01354316126196,4.37467456421358,0.0,0.36745402894705137,0.0,0.0,2.898166724802959,1.0131438677785691,0.0,0.0,0.0,0.0,0.0
2022-10-18,95.92639906409336,83.34628905262782,0.0,0.0,0.0,0.0,0.0,3.7303732297287455,1.6560926284454487,0.0,0.0,6.437991766186025,0.7556523871053209,0.0
2022-10-19,95.89773576508196,90.56340537111433,0.0,0.0,0.0,0.0,0.0,0.0,5.33433039396764,0.0,0.0,0.0,0.0,0.0
2022-10-20,95.27311636196195,80.86352980468081,0.0,0.0,0.0,0.0,0.0,1.4625703567016257,8.960596011473987,0.0,0.0,0.0,3.986420189105548,0.0
2022-10-21,98.03542671390356,75.9406700097666,0.0,0.0,0.0,0.23383957022440954,0.0,3.951980878310837,9.66574066939883,0.12170874430683568,0.0,0.0,5.999535954478889,2.1219508874171686
2022-10-24,98.7796222043163,79.13663659121902,1.092499129996768,0.0,0.0,0.0,0.0,0.0,10.400872391165516,0.2281534760930931,0.0,5.121449771616975,0.0,2.800010844224911
2022-10-25,99.65563949654485,77.19621982770822,3.2674052875556474,0.0,0.0,0.5699574909362177,0.0,0.955835870551225,11.57598970297742,0.6568772239588619,0.0,0.0,1.8048895017508675,3.628464591106394
2022-10-26,100.3721849328936,78.49492576525917,0.0,0.0,0.0,0.0,0.1868386865299975,0.0,12.265853162259017,0.9320177365095922,0.0,5.660402813164118,2.832146769171718,0.0
2022-10-27,99.5071304005481,94.494326209249,0.0,0.0,0.0,0.0,1.932438358482,0.0,0.0,3.080365832817111,0.0,0.0,0.0,0.0
2022-10-28,101.11704756931482,86.8555576444128,0.0,0.0,0.0,0.0,2.700625599839655,0.0,2.216824114105124,3.7943444573890184,0.0,0.0,1.6666496707196279,3.8830460828486015
2022-10-31,102.07842901054407,86.75206863272155,0.0,0.0,0.0,0.0,3.8037279041463488,1.4651671155211081,0.0,4.482299734207468,0.0,5.575165623947592,0.0,0.0
2022-11-01,100.41768940823953,88.15936919463473,0.0,0.0,0.0,0.0,6.258206902165046,0.0,0.0,6.000113311439751,0.0,0.0,0.0,0.0
2022-11-02,97.0928580794125,76.77048116601573,0.0,0.0,0.0,0.26430121897269204,6.332058710588655,0.0,0.0,5.893234324839464,0.0,7.832782658995954,0.0,0.0
2022-11-03,98.98134312503787,79.36469692414508,0.0,0.0,0.0,2.9818972650605433,9.348107348195411,0.0,0.0,7.286641587636835,0.0,0.0,0.0,0.0
2022-11-04,99.60366269279207,75.53794049776157,0.0,0.0,0.0,3.191051849993553,9.608884030328568,1.1083509732692762,0.805176962713416,8.022575038744595,0.0,0.0,0.8351816984680158,0.49450164151306414
2022-11-07,100.25338958311121,70.63854541156863,0.0,0.0,0.0,4.352362792415397,10.892330308235207,0.0,3.096864957578696,8.447009007331562,0.0,0.0,0.0,2.826277105981737
2022-11-08,99.72793155823138,75.29040803729828,0.0,0.0,0.0,0.0,14.094614036944247,0.0,0.0,10.342909483988846,0.0,0.0,0.0,0.0
2022-11-09,102.23244003862456,83.51957225673902,0.0,0.0,0.0,0.0,0.0,0.0,0.0,11.121700032145805,0.0,7.591167749739727,0.0,0.0
2022-11-10,104.79534283699235,77.3531956545383,2.546180505818786,0.0,0.13137988025902048,0.0,0.0,1.5411403389339078,0.811777193500548,11.749501482490478,0.11008090370720318,9.523702505121895,1.0283843726222341,0.0
2022-11-11,105.54802708400553,85.40409798317276,0.0,1.3372345796839797,0.0,0.0,0.8998541725145965,0.0,3.3494306849661593,13.373248049490721,1.1841616141773057,0.0,0.0,0.0
2022-11-14,106.36588392878522,82.00042002571372,1.2397780647321794,1.8333168801907604,0.0,0.0,0.0,0.0,0.0,13.464235675423755,1.6171862078471955,5.51592298108209,0.0,0.6950240937955268
2022-11-15,105.24072476923513,80.68068530431978,0.0,3.4938759107310684,0.0,0.0,0.0,0.0,0.0,14.741856350223827,3.1531152053962854,0.0,3.171191998564175,0.0
2022-11-16,103.00070577537514,74.61110415469722,0.0,6.326140444496169,0.0,0.0,0.0,0.0,0.0,15.9452258696826,6.118235306499144,0.0,0.0,0.0
2022-11-17,105.02325216619654,68.75648605186899,0.0,6.891466989675335,0.0,0.0,0.0,0.0,1.0654206118393115,16.48447948785081,6.797859923386059,3.857767077615808,0.0,1.1697720239602278
2022-11-18,103.45682960291589,67.78050072017479,0.0,7.8990076730679,0.0,0.0,0.0,0.0,0.0,16.38612515842329,7.8785627809045575,0.0,3.512633270345354,0.0
2022-11-21,104.23762951929997,61.35359767343294,0.0,8.294663538754792,0.0,0.0,0.0,0.0,0.0,16.79016665555846,8.161189885250518,3.3141412992774097,4.840555258283727,1.4833152087421306
2022-11-22,105.0901832777457,83.54632085343354,2.7601808019755265,8.71746516019233,0.0,0.0,0.0,0.567707286212754,0.9025743136110622,0.0,8.59593486232047,0.0,0.0,0.0
2022-11-23,105.80870349031319,77.89628370496521,8.022016051384883,9.997102053046092,0.0,0.0,0.0,0.0,0.0,0.0,9.893301680917004,0.0,0.0,0.0
2022-11-25,104.83990954145413,81.29556081165883,0.0,11.873782531908015,0.0,0.0,0.0,0.0,0.0,0.0,11.670566197887286,0.0,0.0,0.0
2022-11-28,104.15328843384313,84.40478781993089,0.0,0.0,0.0,0.0,0.0,0.0,0.0,0.0,13.46294818194717,0.0,6.285552431965068,0.0
2022-11-29,104.19399533753582,82.3339675059126,1.5926074764630935,0.0,0.0,0.0,0.0,0.0,0.4605703591573324,0.0,13.834365428565539,5.972484567437271,0.0,0.0
2022-11-30,108.03166050134712,89.19213098504632,0.0,0.0,0.0,0.0,0.0,0.0,0.0,0.0,14.662335352675468,0.0,1.736009092731802,2.441185070893528
2022-12-01,106.40196786673876,80.8744615730145,0.0,0.0,4.098288082938931,0.0,0.0,0.0,0.0,0.0,15.68240706129256,0.0,0.0,5.746811149492757
2022-12-02,107.09487772113252,82.94749919919875,0.0,0.0,0.0,0.0,0.0,0.0,0.0,0.0,16.550996331557826,7.596382190375948,0.0,0.0
2022-12-05,105.88669444099025,85.4393674509923,0.0,0.0,0.0,0.0,0.0,0.0,0.0,0.0,20.44732698999796,0.0,0.0,0.0
2022-12-06,104.04639023748008,75.63020324137405,0.0,0.0,0.0,0.0,0.0,0.0,0.0,0.0,20.201001796948006,8.21518519915803,0.0,0.0
2022-12-07,104.98399161801714,68.55126713517083,0.0,0.0,0.0,0.0,0.0,0.0,0.0,0.0,20.74705397174734,11.540996926137948,2.2045614006437275,1.9401121843172984
2022-12-08,105.89995513776059,79.75814463137455,0.0,0.0,4.143574112290844,0.0,0.0,0.0,0.0,0.0,21.99823639409519,0.0,0.0,0.0
2022-12-09,105.79925214527236,97.83925803104412,0.0,0.0,0.0,0.0,0.0,0.0,2.2716089114793685,0.0,0.0,4.016076928591711,1.6723082741571549,0.0
2022-12-12,110.29209527402573,100.10766252368076,0.0,0.0,0.0,0.0,0.0,10.184432750344968,0.0,0.0,0.0,0.0,0.0,0.0
2022-12-13,107.95860986361599,102.63290452392086,0.0,0.0,0.0,0.0,0.0,0.0,1.2347851702495551,0.0,0.0,0.0,2.0680640164743496,2.0228561529712326
2022-12-14,106.11735544200174,96.40134844279049,7.908754667128781,0.0,1.8072523320824716,0.0,0.0,0.0,0.0,0.0,0.0,0.0,0.0,0.0
2022-12-15,104.56163295292559,95.10288101466939,0.0,0.0,0.0,0.0,0.0,0.0,0.0,0.0,0.0,9.458751938256203,0.0,0.0
2022-12-16,103.99138960364425,103.99138960364425,0.0,0.0,0.0,0.0,0.0,0.0,0.0,0.0,0.0,0.0,0.0,0.0
2022-12-19,102.8134751154561,93.04519845338233,0.0,0.0,9.76827666207378,0.0,0.0,0.0,0.0,0.0,0.0,0.0,0.0,0.0
2022-12-20,103.98843596708853,94.60090512714568,0.0,0.0,0.0,0.0,0.0,0.0,1.1869160976714617,0.0,0.0,7.308815197279585,0.0,0.891799544991809
2022-12-21,103.91416111958664,94.45997972892822,0.0,0.0,0.0,0.0,0.0,9.45418139065842,0.0,0.0,0.0,0.0,0.0,0.0
2022-12-22,103.03245877898522,93.66831298161574,0.0,0.0,0.0,0.0,0.0,0.0,0.0,0.0,0.0,6.08053818844045,3.2836076089290347,0.0
2022-12-23,103.75842924596297,103.75842924596297,0.0,0.0,0.0,0.0,0.0,0.0,0.0,0.0,0.0,0.0,0.0,0.0
2022-12-27,103.36317687928435,102.09349172286645,0.0,0.0,0.0,0.0,0.0,0.0,0.0,0.0,1.269685156417912,0.0,0.0,0.0
2022-12-28,102.90703128018527,91.4881894575231,7.718346675552429,0.0,0.0,0.0,0.0,0.0,0.0,0.0,1.529341780651155,0.0,0.0,2.1711533664585874
2022-12-29,103.12850350183702,90.55305236157164,0.0,0.0,0.0,0.0,0.0,0.0,0.0,0.0,1.744969121369135,7.0278461492433735,0.9957479794471108,2.8068878902057404
2022-12-30,104.30853264649917,93.68819226501536,0.0,0.0,3.7430859214950654,2.7822088281299036,0.0,0.0,0.0,0.0,4.0950456318588415,0.0,0.0,0.0
2023-01-03,104.27160979204758,93.49510599959133,0.0,0.0,0.0,0.0,0.0,0.0,0.0,0.0,4.973282337794088,0.0,5.8032214546621645,0.0
2023-01-04,103.97621877455344,89.6765389300671,3.564546879993714,0.0,0.0,0.6962550449057894,0.0,0.0,0.0,0.0,5.357882986507484,4.680994933079371,0.0,0.0
2023-01-05,104.02469708364877,84.92505001602085,0.0,0.0,0.0,0.0,0.0,0.0,0.8752351675035599,0.0,5.657516084276768,9.243892505910484,2.04173882387176,1.2812644860653666
2023-01-06,106.40871444092062,83.51470733724572,4.100266971707965,0.0,0.0,0.0,0.0,0.8648367445987671,0.0,0.0,6.0203590052881495,11.908544382080004,0.0,0.0
2023-01-09,105.99435252545055,86.95543188680551,7.9768064601264,0.0,0.0,0.0,0.0,3.4884310075847544,0.0,0.6654482924667878,6.908234878467092,0.0,0.0,0.0
2023-01-10,107.34010484875193,84.37294774402494,9.741023795224075,0.0,0.0,0.0,0.0,4.468411617622392,0.0,0.0,7.227725190247639,0.0,0.6572438998671711,0.8727526017657133
2023-01-11,108.55845029988996,86.66558791226115,0.0,0.0,0.0,0.0,0.0,7.660656922421647,0.0,0.0,8.122645831291333,0.0,2.686390903893722,3.423168730022095
2023-01-12,107.7426105817817,77.39981848066641,0.0,0.0,0.0,0.0,0.0,8.204680537351994,0.4297431761327294,0.0,8.209430253452355,6.0899773119882745,3.5856293688506677,3.8233314533392755
2023-01-13,109.15400304238473,92.13715894500872,3.272242043741518,0.0,0.0,0.3230335960811235,0.0,0.0,0.0,0.0,8.682792197379552,0.0,0.0,4.738776260173827
2023-01-17,109.5622760421666,92.72520219872278,6.6994236537426355,0.0,0.0,0.0,0.0,0.0,0.0,0.0,8.868250826552254,1.2693993631489213,0.0,0.0
2023-01-18,106.59861588589288,88.89203483803577,0.0,0.0,0.0,4.623775449387363,0.0,0.0,0.0,0.0,13.082805598469754,0.0,0.0,0.0
2023-01-19,106.78366291265634,97.9775832345536,2.1587369998300194,0.0,0.0,0.0,0.0,0.0,0.0,0.0,0.0,6.647342678272707,0.0,0.0
2023-01-20,108.97218953383806,89.9678267667847,5.56106143873769,0.0,0.0,0.0,0.0,0.0,0.4237256652035085,0.0,0.0,11.770179725967845,0.6485304848674441,0.6008654522768667
2023-01-23,110.29088057256469,96.81129853719169,11.064907018802076,0.0,0.0,0.0,0.0,1.0400561721221204,0.0,0.0,0.0,0.0,1.3746188444487986,0.0
2023-01-24,109.47883001681882,109.47883001681882,0.0,0.0,0.0,0.0,0.0,0.0,0.0,0.0,0.0,0.0,0.0,0.0
2023-01-25,111.48916264352323,100.3402463791709,8.17289042229611,0.0,0.695441234368632,0.0,0.0,0.0,0.0,0.0,0.0,0.0,0.0,2.2805846076875826
2023-01-26,111.74983944099516,93.51212236401966,16.63123224075419,0.0,0.0,0.0,0.0,1.284047908972382,0.0,0.3224369272489228,0.0,0.0,0.0,0.0
2023-01-27,113.16952156098988,108.178767751433,0.0,0.0,0.0,0.0,0.0,0.0,1.6276540652004465,0.509546212764169,0.0,0.0,0.0,2.8535535315922678
2023-01-30,112.69597841583753,101.98541491225336,0.0,0.0,0.0,0.5920020425073534,0.0,1.6757705629579873,0.0,0.0,0.0,8.44279089811882,0.0,0.0
2023-01-31,113.99725906239571,106.56507923378356,1.7082008936662165,0.0,1.4742532751113744,0.8403822013554234,0.0,2.545140983816557,0.0,0.0,0.0,0.0,0.0,0.8642024746625764
2023-02-01,116.8175288515739,109.52300798102533,4.324672979291611,0.0,0.0,0.0,0.0,0.0,0.4189867927638597,0.0,0.0,2.5508610984930975,0.0,0.0
2023-02-02,115.87313792011395,106.19372296301769,5.68814148624607,0.0,3.259975996030808,0.4250808397945548,0.30621663502482,0.0,0.0,0.0,0.0,0.0,0.0,0.0
2023-02-03,115.70964751930639,105.83256410044395,0.0,0.0,0.0,1.4219368183688597,1.6827458167746778,0.0,0.0,0.0,0.0,0.0,0.0,6.772400783718887
2023-02-06,115.33396480509614,108.35588066116874,1.4346081270678412,0.0,0.0,0.0,1.9828478288925908,0.0,0.0,0.11185025415086101,0.0,3.4487779338161,0.0,0.0
2023-02-07,116.6096331076276,100.07224105258685,0.0,0.0,4.492639742826059,0.0,2.9266369605714773,0.0,0.0,0.5533455467074296,0.0,8.564769804935795,0.0,0.0
2023-02-08,117.0471170779349,109.02804484226458,0.0,0.0,0.0,0.0,8.019072235670317,0.0,0.0,0.0,0.0,0.0,0.0,0.0
2023-02-09,114.60426829682876,101.40978336829183,0.0,0.0,0.0,0.0,13.19448492853693,0.0,0.0,0.0,0.0,0.0,0.0,0.0
2023-02-10,115.16156315206887,92.0531274389213,0.0,0.0,0.0,0.0,13.429670273505367,0.7595955681375399,1.0166981582856862,0.0,0.0,4.499437112023152,2.264379960555037,1.1386546406407865
2023-02-13,116.13131688493004,93.24306150544668,1.6863245806182514,0.0,0.0,0.24335659302226723,14.092263246695161,0.0,0.0,0.0,0.0,6.8663109591476825,0.0,0.0
2023-02-14,116.56419482642536,95.81061807413523,4.490695664868571,0.0,0.0,0.0,14.605083277431264,0.0,1.428215488108518,0.2295823218817782,0.0,0.0,0.0,0.0
2023-02-15,116.2518075168024,96.78847232670792,0.0,0.0,0.0,0.0,19.46333519009448,0.0,0.0,0.0,0.0,0.0,0.0,0.0
2023-02-16,115.8929207536046,91.34202938705648,0.0,0.0,0.0,0.0,20.199173585295163,0.0,0.0,0.0,0.0,4.3517177812529635,0.0,0.0
2023-02-17,114.81776061549807,88.46890529518612,0.0,0.0,0.0,0.0,26.348855320311955,0.0,0.0,0.0,0.0,0.0,0.0,0.0
2023-02-21,113.30347916485138,113.30347916485138,0.0,0.0,0.0,0.0,0.0,0.0,0.0,0.0,0.0,0.0,0.0,0.0
2023-02-22,113.88669749264969,102.51478066276692,0.0,0.0,0.3095469491540894,0.0,0.0,0.0,0.0,0.0,0.0,8.508418145130083,2.553951735598599,0.0
2023-02-23,112.20770170673696,102.11621720036459,0.0,1.634325956499932,0.0,0.0,6.111656945682863,0.0,0.0,0.0,2.345501604189559,0.0,0.0,0.0
2023-02-24,113.52922638904371,103.2001153798562,0.0,0.0,0.0,0.0,0.0,0.0,0.0,0.0,0.0,0.0,0.0,10.329111009187516
2023-02-27,112.76873816818114,103.07130327775387,9.697434890427274,0.0,0.0,0.0,0.0,0.0,0.0,0.0,0.0,0.0,0.0,0.0
2023-02-28,112.09544830968225,102.3347755141489,0.0,0.0,2.3034121264484324,0.0,0.0,0.0,0.0,0.0,0.0,4.683929913032262,0.0,2.7733307560526526
2023-03-01,111.21199600448784,96.50802542988235,0.0,0.0,0.0,0.0,0.0,0.0,0.0,0.0,0.0,14.703970574605492,0.0,0.0
2023-03-02,113.48923799778834,88.8188614338976,0.0,0.0,0.0,0.558749245207052,0.0,2.2499569176544507,0.0,0.0,0.0,21.86167040102925,0.0,0.0
2023-03-03,115.26510219140621,105.36638448974979,0.0,0.0,1.3308933365728401,1.3813209271708946,0.0,5.465699845733522,0.0,0.0,0.0,0.0,0.0,1.7208035921791727
2023-03-06,115.0316530143046,103.3976445411215,0.0,2.633471782795189,0.0,4.081347704952029,0.0,0.0,4.919188985435895,0.0,0.0,0.0,0.0,0.0
2023-03-07,113.37277578212988,96.52685086628092,0.0,3.555888576574722,0.0,4.7454567695837815,0.0,0.0,0.0,0.0,0.0,8.544579569690463,0.0,0.0
2023-03-08,113.95785799102633,100.80597359281401,0.0,6.800168759136136,0.0,6.351715639076177,0.0,0.0,0.0,0.0,0.0,0.0,0.0,0.0
2023-03-09,111.57709065724866,88.7446598329414,0.0,9.28570892984158,5.739122363162225,7.807599531303464,0.0,0.0,0.0,0.0,0.0,0.0,0.0,0.0
2023-03-10,108.53600763966485,83.41983174139816,5.1067724921816176,9.787339817570937,0.0,8.197954931513415,0.0,0.0,0.0,0.0,0.0,0.0,0.0,2.0241086570007285
2023-03-13,111.47859047014224,92.89336893718152,0.0,18.58522153296072,0.0,0.0,0.0,0.0,0.0,0.0,0.0,0.0,0.0,0.0
2023-03-14,110.46210439390555,86.82481485354815,0.0,19.37619257646962,1.8342200100053796,0.0,0.0,2.050021105928598,0.0,0.3768558479538088,0.0,0.0,0.0,0.0
2023-03-15,110.5348529333501,101.43649825107215,0.0,0.0,0.0,0.0,0.0,0.0,0.0,0.5592172852135443,0.0,7.303565583283539,1.235571813780846,0.0
2023-03-16,113.20833099415712,108.85710622807834,0.0,0.0,2.8898272153096163,0.0,0.0,0.0,0.0,1.4613975507691659,0.0,0.0,0.0,0.0
2023-03-17,112.4733275536535,100.19126947602196,0.0,0.0,0.0,0.0,0.0,0.0,4.069869808681942,3.2305004605827903,0.0,0.0,4.981687808366815,0.0
2023-03-20,114.26734177074138,101.240531599232,4.234426219885294,0.0,0.0,0.0,0.0,2.5887732886319346,0.0,3.45934556380462,0.0,2.7442650991875364,0.0,0.0
2023-03-21,114.96450950190307,96.19158638730977,6.7595625379295186,0.0,3.783691912239457,0.0,0.0,3.9321629670714007,0.0,3.8887463361509265,0.4087593612019781,0.0,0.0,0.0
2023-03-22,113.73343497804609,99.9702696389375,0.0,0.0,0.0,0.0,0.0,0.0,0.0,5.508921291083514,2.045167888520395,0.0,0.0,6.209076159504691
2023-03-23,112.84960263425938,97.21912223064164,2.4858868031419763,0.0,0.0,0.0,0.0,0.0,0.0,0.0,0.0,0.0,1.4455979590940535,11.6989956413817
2023-03-24,114.68625926751787,92.91448703418709,0.0,0.0,2.693426629623597,0.0,0.0,0.0,2.2922811446930127,0.0,0.0,0.0,3.5378262738687005,13.248238185145464
2023-03-27,114.21091541414826,89.34320848845809,0.0,0.0,0.0,0.0,0.0,3.922589356260379,4.473887721214551,0.0,0.0,0.0,0.0,16.471229848215245
2023-03-28,115.35395579458371,106.91083071278933,1.2458864868970572,0.0,0.6804847606429756,0.0,0.0,0.0,0.0,0.0,0.0,5.64595825616718,0.8707955780871685,0.0
2023-03-29,116.59500350780576,101.18780473877331,0.0,0.0,0.0,0.0,0.0,0.0,0.0,0.0,0.0,10.910260069714083,4.496938699318357,0.0
2023-03-30,116.69489566943479,107.56330816573013,4.804869870720002,0.0,0.0,0.0,1.156597993812066,3.1701196391725883,0.0,0.0,0.0,0.0,0.0,0.0
2023-03-31,117.8876580719847,107.61648215233524,0.0,0.0,0.0,0.771297808306634,2.6232903059753663,0.0,2.6601232100277548,0.0,0.0,0.0,4.216464595339732,0.0
2023-04-03,118.7266581942545,101.0165114265048,0.0,0.0,1.3118557848913255,2.2674456723409904,4.638310402069415,0.0,0.0,0.0,0.0,0.0,9.492534908447967,0.0
2023-04-04,117.58971842993512,104.5519099064735,0.0,0.0,4.548564792624635,2.98653445470978,5.502709276127205,0.0,0.0,0.0,0.0,0.0,0.0,0.0
2023-04-05,117.16378556016971,98.38281965081876,0.0,0.0,0.0,3.547635889120677,6.262869213992179,0.0,0.0,0.0,0.0,8.970460806238101,0.0,0.0
2023-04-06,117.034158680242,95.6045115909709,0.0,0.0,0.0,4.76920883711043,0.0,0.0,0.0,0.0,0.0,16.660438252160674,0.0,0.0
2023-04-10,118.41290188948658,104.37547571853969,0.0,0.0,7.492649792168274,5.861195948279015,0.0,0.0,0.0,0.6835804304995876,0.0,0.0,0.0,0.0
2023-04-11,119.11386536363713,104.39947883414305,0.0,0.0,14.71438652949408,0.0,0.0,0.0,0.0,0.0,0.0,0.0,0.0,0.0
2023-04-12,117.8741079062149,117.8741079062149,0.0,0.0,0.0,0.0,0.0,0.0,0.0,0.0,0.0,0.0,0.0,0.0
2023-04-13,118.92770744831219,112.9813220758966,0.9539695485276415,0.0,0.9711385016944439,0.15939929337904307,0.0,0.0,0.0,0.0,0.13283502201830064,3.131507017156213,0.0,0.5975359896399681
2023-04-14,118.80173326483008,109.62402064303258,0.0,0.0,3.424065508662449,1.1083678806022195,0.0,3.5750633119616237,0.0,0.0,1.0702159205712058,0.0,0.0,0.0
2023-04-17,119.70645440812369,106.44620349636541,0.0,0.0,0.0,2.6865906452080366,0.0,0.0,4.748780771783647,0.6116868019068614,2.0266094318674583,0.0,3.1865832609922777,0.0
2023-04-18,118.6921544713172,103.71368993764611,0.0,0.0,5.187949190824871,5.188716030956048,0.0,0.0,0.0,1.358147066598291,3.2436522452918766,0.0,0.0,0.0
2023-04-19,118.41624795356859,93.91511569191121,0.0,0.0,7.5845803174473545,7.760542804758874,0.0,2.9051611267495234,0.0,2.0717829537353474,4.179065058966293,0.0,0.0,0.0
2023-04-20,118.57713016481388,106.1155476772377,0.0,0.0,0.0,8.431445199119569,0.0,0.0,0.0,0.0,0.0,4.030137288456615,0.0,0.0
2023-04-21,118.59097725716941,104.79579142854087,3.282344514035376,0.0,0.8134417615486468,8.849809378313596,0.0,0.8495901747309417,0.0,0.0,0.0,0.0,0.0,0.0
2023-04-24,117.91892808647317,99.35067266855498,0.0,0.0,0.0,10.82552532333766,0.0,0.0,7.7427300945805335,0.0,0.0,0.0,0.0,0.0
2023-04-25,116.97280406514638,96.38027473640744,0.0,0.0,0.0,11.810197215073279,0.0,0.0,0.0,0.0,0.0,8.782332113665655,0.0,0.0
2023-04-26,117.24458445531778,109.72816112898703,0.0,0.0,0.0,0.0,0.0,0.0,7.516423326330745,0.0,0.0,0.0,0.0,0.0
2023-04-27,118.47500211119743,108.8703536370564,3.089689943737724,0.0,0.0,0.0,0.0,1.80256692071487,0.0,0.0,0.0,0.0,2.8096804669125968,1.902711142775845
2023-04-28,119.65377918869169,106.72226536725812,0.0,0.0,2.1098250837179795,0.0,0.0,0.0,1.356601094980086,0.0,0.0,6.009803893371422,0.0,3.4552837493640642
2023-05-01,119.53896098941382,119.53896098941382,0.0,0.0,0.0,0.0,0.0,0.0,0.0,0.0,0.0,0.0,0.0,0.0
2023-05-02,118.55080000286341,118.55080000286341,0.0,0.0,0.0,0.0,0.0,0.0,0.0,0.0,0.0,0.0,0.0,0.0
2023-05-03,117.27404524287638,105.54664071858875,0.0,0.0,0.0,0.0,0.0,0.0,0.0,0.0,0.0,0.0,11.727404524287639,0.0
2023-05-04,117.81292614333378,95.47474596937792,3.0266770407321375,0.0,0.0,0.0,0.0,0.0,0.9565682981940066,0.0,0.0,4.644288319677048,13.710646515352684,0.0
2023-05-05,119.34684580367903,108.06529352327738,7.462926873368199,0.0,0.0,0.0,0.0,3.8186254070334575,0.0,0.0,0.0,0.0,0.0,0.0
2023-05-08,118.60444881999628,107.8463386586359,0.0,0.0,10.758110161360372,0.0,0.0,0.0,0.0,0.0,0.0,0.0,0.0,0.0
2023-05-09,119.63902470027975,109.03305898258093,3.4762814760351746,0.0,0.0,0.0,0.0,0.0,0.0,0.0,0.0,5.739648909195992,1.3900353324676546,0.0
2023-05-10,119.03170254343236,110.97527125790295,0.0,0.0,8.05643128552941,0.0,0.0,0.0,0.0,0.0,0.0,0.0,0.0,0.0
2023-05-11,119.61070655603606,110.12064456076084,0.0,0.0,0.0,0.0,0.0,0.0,9.490061995275234,0.0,0.0,0.0,0.0,0.0
2023-05-12,119.41320904652623,113.92326581602386,0.0,0.0,0.0,0.0,0.0,0.0,0.0,0.0,0.0,4.4218418659655025,1.0681013645368682,0.0
2023-05-15,119.35193154601323,110.54894988455213,8.802981661461102,0.0,0.0,0.0,0.0,0.0,0.0,0.0,0.0,0.0,0.0,0.0
2023-05-16,119.63300133646226,114.09883398272954,0.0,0.0,2.795474715893056,0.0,0.0,0.0,0.0,0.0,0.0,2.738692637839655,0.0,0.0
2023-05-17,120.51673243297635,103.40710649419,2.1047971567588153,0.39677134282508075,4.0462724599480095,0.0,0.0,2.2321904454350876,1.3203273331955807,0.0,0.0,5.052248788047057,1.9570184125767178,0.0
2023-05-18,122.31803078324458,103.08388411493154,6.320452727127059,1.1472882968286127,8.141589228317747,0.3576183705965694,0.0,0.0,0.0,0.0,0.0,0.0,3.267198045443063,0.0
2023-05-19,121.99211072957901,104.12400571873032,9.415793771823349,1.9638910871166515,0.0,0.0,0.0,0.0,0.7659596574506755,0.0,0.0,4.82144213004993,0.0,0.9010183644080838
2023-05-22,121.91043991121737,113.9692156248061,0.0,2.629113200530054,3.7636765857910364,0.25197762824800324,0.0,0.0,1.296456871842178,0.0,0.0,0.0,0.0,0.0
2023-05-23,120.67476937524073,106.7025674227443,0.0,6.432316775188082,0.0,1.6916194468513461,0.0,0.0,0.0,0.0,0.0,0.0,0.0,5.848265730457003
2023-05-24,121.34454664931734,107.63747268311441,0.0,7.153424802420005,0.0,1.951974195333201,0.0,0.0,0.0,0.0,0.0,3.8182348928228484,0.7834400756268648,0.0
2023-05-25,122.00444012423954,102.43005875912245,0.8527892719304759,7.901298789883741,0.0,2.040443612717962,0.0,0.46190715358205614,0.3300032791158253,0.0,0.0,6.35571149791325,1.632227759973777,0.0
2023-05-26,125.18685511849101,95.30619503833809,4.016066546494063,10.064307294537363,0.0,2.3663314266279696,0.0,1.6314901877023211,1.130066426889928,0.0,0.0,10.672398197901293,0.0,0.0
2023-05-30,123.53326288407384,102.67504004206785,0.0,17.14025820123596,0.0,3.717964640770037,0.0,0.0,0.0,0.0,0.0,0.0,0.0,0.0
2023-05-31,123.43535301384678,92.70127476751402,0.0,21.172435162895944,1.5007850240773428,4.621562269378966,0.0,0.0,1.835270326538712,0.0,0.0,0.0,0.0,1.604025463441767
2023-06-01,124.75665669192787,90.37831450470465,5.004459639000386,23.756348052148194,0.0,5.617534496074643,0.0,0.0,0.0,0.0,0.0,0.0,0.0,0.0
2023-06-02,126.23405211427382,87.2486171630447,0.0,25.713885016223742,4.667983687485013,6.023960380517231,0.0,1.396827079024463,1.1827787879786655,0.0,0.0,0.0,0.0,0.0
2023-06-05,125.53384360899638,85.63472869889937,0.0,29.391158312888557,0.0,7.331744161384766,0.0,0.0,0.0,0.0,0.0,0.0,0.0,3.1762124358237003
2023-06-06,125.63083614539174,80.53290441062778,0.0,29.985903645054904,4.802457842866546,8.047074091975123,0.44511550894977,1.8173806459176218,0.0,0.0,0.0,0.0,0.0,0.0
2023-06-07,125.18728566960061,77.03376085238894,2.6636132759229763,31.19382263731621,0.0,8.195642728321289,1.2666543444786462,3.6703386548649926,1.163453176307565,0.0,0.0,0.0,0.0,0.0
2023-06-08,126.76966080089625,86.99583366603306,4.160349251938142,31.87123852802254,0.1353230480883791,0.0,1.5925809725146611,0.0,0.0,0.0,0.0,1.2238819822464255,0.7904533520530267,0.0
2023-06-09,127.1666795755603,84.20357439275227,5.101441339355334,32.352959030369064,0.0,0.0,1.9943610461636023,0.0,0.4288120978958147,0.0,0.0,0.0,2.3643682838633207,0.7211633851608951
2023-06-12,130.36743006670008,81.96819444291246,6.662194529741562,34.57100061825579,0.0,0.0,2.359709428030662,0.3953287663461909,0.0,0.0,0.0,0.0,4.411002281413379,0.0
2023-06-13,130.47585770550202,82.74700680248328,7.56355086280835,34.576004709558056,0.32680570535305636,0.0,2.7594832007873396,0.0,0.7055576307773413,0.0,0.0,1.2093668632520322,0.0,0.5880819304825505
2023-06-14,131.15798082416018,84.13751430968139,0.0,36.76076375752533,1.1319310554522184,0.0,3.9253234041225764,0.0,0.0,0.0,0.5482676398657076,0.0,4.654180657512958,0.0
2023-06-15,133.29007144789045,78.35707489646447,0.0,37.855219400689975,0.0,0.0,4.978889526995146,0.0,0.0,0.0,1.1718600352240316,2.919266638910017,8.007760949606828,0.0
2023-06-16,130.87864006356477,84.2193214702975,1.9746126846912204,37.34836409201276,0.0,0.0,5.59569072529203,0.0,0.0,0.0,1.7406510912712672,0.0,0.0,0.0
2023-06-20,130.72494775695387,77.65324635922917,0.0,38.321488783474926,0.0,0.0,6.358442788013025,0.0,0.0,0.0,2.5299291433492472,5.861840682887501,0.0,0.0
2023-06-21,129.44942290793014,119.15417297126889,0.0,0.0,0.0,0.0,0.0,0.0,0.0,0.0,10.295249936661259,0.0,0.0,0.0
2023-06-22,128.88142199624681,112.92780739227328,0.0,0.0,0.0,0.0,0.0,0.0,0.0,0.0,15.953614603973527,0.0,0.0,0.0
2023-06-23,129.08369893220862,107.20351725980133,0.0,0.0,2.710783942019327,0.0,0.0,0.0,2.3422906911756414,0.0,16.827107039212308,0.0,0.0,0.0
2023-06-26,129.4738436773947,100.42747674018474,0.0,0.0,0.0,0.0,0.0,0.0,9.7032384647622,0.0,19.343128472447777,0.0,0.0,0.0
2023-06-27,130.3113890924592,103.21657409197388,7.086228109847677,0.0,0.0,0.0,0.0,0.0,0.0,0.0,20.008586890637645,0.0,0.0,0.0
2023-06-28,130.805743256728,100.5550067430551,0.0,0.0,0.0,0.0,0.0,4.285547458213118,4.629672807468476,0.0,21.335516247991304,0.0,0.0,0.0
2023-06-29,131.84386570397584,96.31685982279245,0.0,0.0,0.0,0.0,0.0,7.502896809979577,0.0,0.0,21.250939010719915,3.8493679998870007,0.0,2.92380206059691
2023-06-30,132.10256030429122,123.88612256939689,8.216437734894331,0.0,0.0,0.0,0.0,0.0,0.0,0.0,0.0,0.0,0.0,0.0
2023-07-03,131.89474344528423,111.24815824935666,11.605630388206208,0.0,9.040954807721363,0.0,0.0,0.0,0.0,0.0,0.0,0.0,0.0,0.0
2023-07-05,131.0881887062853,131.0881887062853,0.0,0.0,0.0,0.0,0.0,0.0,0.0,0.0,0.0,0.0,0.0,0.0
2023-07-06,130.84470688443338,118.10946020847273,0.0,0.0,0.0,0.0,1.0499865655354994,0.0,0.0,0.0,0.0,11.685260110425157,0.0,0.0
2023-07-07,130.8210357649157,117.97076362375901,0.0,0.0,0.0,0.0,2.5528970631676233,0.0,3.852870894427197,0.0,0.0,0.0,6.444504183561865,0.0
2023-07-10,131.5210713048424,121.6827519064705,0.0,0.0,0.5047166439498638,0.0,0.0,1.5702674567861812,5.311915728963252,0.0,0.0,0.0,0.0,2.4514195686726006
2023-07-11,133.2856562722201,117.21497798564279,1.448846663357213,0.0,5.2923177338052305,0.0,0.0,2.479123623218687,0.0,0.0,0.0,3.8161739416506664,0.0,3.0342163245455174
2023-07-12,133.77807826264078,119.51772133050179,0.0,0.0,0.0,0.0,2.477368447481127,11.782988484657862,0.0,0.0,0.0,0.0,0.0,0.0
2023-07-13,134.63539336981148,128.62465782602507,3.918532262497301,0.0,0.0,0.0,0.0,0.0,0.0,0.0,0.0,0.0,2.09220328128909,0.0
2023-07-14,134.3824821606299,117.50548695302147,10.694245696984686,0.0,0.0,0.0,0.0,0.0,0.0,0.0,0.0,6.182749510623743,0.0,0.0
2023-07-17,134.92765759958053,123.84075990825922,0.0,0.8994701803852341,0.0,0.0,0.0,1.9752491860929189,1.9551000101826497,0.0,0.0,0.0,0.0,6.257078314660501
2023-07-18,136.30600357518352,120.22537615947093,0.0,1.6584013401515925,0.0,0.0,0.0,6.16766091036518,3.34703060205131,0.0,0.0,4.9075345631445115,0.0,0.0
2023-07-19,136.0390489701085,116.5108980510941,0.0,4.0339092519140864,2.8369457435931102,0.0,0.0,12.657295923507208,0.0,0.0,0.0,0.0,0.0,0.0
2023-07-20,136.54675353939416,111.77270061284553,0.0,0.0,0.0,0.0,0.0,18.372937215110245,4.438330060201535,0.0,0.0,0.0,0.0,1.9627856512368445
2023-07-21,136.50065923983414,125.33759055495499,0.0,0.0,0.0,0.0,0.0,0.0,0.0,0.0,0.0,0.0,11.163068684879136,0.0
2023-07-24,136.65487146194005,127.56425773064002,0.0,0.0,0.0,0.0,0.0,9.090613731300012,0.0,0.0,0.0,0.0,0.0,0.0
2023-07-25,136.7455096155324,123.97256782840506,0.0,0.0,0.0,0.0,0.0,0.0,7.313738568685724,0.0,0.0,0.0,0.0,5.459203218441622
2023-07-26,138.090214799761,138.090214799761,0.0,0.0,0.0,0.0,0.0,0.0,0.0,0.0,0.0,0.0,0.0,0.0
2023-07-27,137.15385789969244,130.29616500470783,0.0,0.0,0.0,0.0,0.0,0.0,1.8969771844545584,0.0,0.0,4.9607157105300645,0.0,0.0
2023-07-28,137.60022786266566,131.06380285527115,6.5364250073945,0.0,0.0,0.0,0.0,0.0,0.0,0.0,0.0,0.0,0.0,0.0
2023-07-31,137.23987440404161,124.67499164598934,0.0,0.0,0.0,0.0,0.0,0.0,2.676864546290158,0.0,0.0,9.888018211762109,0.0,0.0
2023-08-01,136.24609850442522,123.86186217678855,0.0,5.260585335541551,0.7736034996143478,5.710744674592931,0.0,0.0,0.0,0.0,0.6393028178878232,0.0,0.0,0.0
2023-08-02,134.50711078790246,122.26308863968941,0.0,0.0,0.0,0.0,0.0,0.0,4.408033034796879,0.0,0.0,0.0,0.0,7.835989113416188
2023-08-03,135.42211883101422,115.14517123293002,0.0,0.0,0.0,0.0,0.0,0.0,0.0,0.0,0.0,0.0,0.0,20.2769475980842
2023-08-04,134.74684624072682,123.2840424069636,0.0,0.0,11.462803833763246,0.0,0.0,0.0,0.0,0.0,0.0,0.0,0.0,0.0
2023-08-07,134.4105427654503,116.96927831030358,0.0,0.0,13.093090313564332,0.0,0.0,0.0,0.9818265161523549,0.0,0.0,0.0,1.6431199822791982,1.7232276431508262
2023-08-08,134.89408354083383,134.89408354083383,0.0,0.0,0.0,0.0,0.0,0.0,0.0,0.0,0.0,0.0,0.0,0.0
2023-08-09,134.6129712102097,134.6129712102097,0.0,0.0,0.0,0.0,0.0,0.0,0.0,0.0,0.0,0.0,0.0,0.0
2023-08-10,133.3544595914748,120.01901363232733,0.0,0.0,0.0,0.0,0.0,0.0,0.0,0.0,0.0,0.0,0.0,13.33544595914748
2023-08-11,133.78847150209936,121.76862522467667,0.0,0.0,1.883024367712475,0.0,0.0,0.0,0.0,0.0,0.0,6.5961168363140885,3.540705073396124,0.0
2023-08-14,134.94415522915904,111.8501061217196,0.0,0.0,0.0,0.0,0.0,0.0,0.0,0.0,0.0,14.093544264141107,9.00050484329832,0.0
2023-08-15,134.1102115774777,134.1102115774777,0.0,0.0,0.0,0.0,0.0,0.0,0.0,0.0,0.0,0.0,0.0,0.0
2023-08-16,133.694609674056,133.694609674056,0.0,0.0,0.0,0.0,0.0,0.0,0.0,0.0,0.0,0.0,0.0,0.0
2023-08-17,131.3329422661653,131.3329422661653,0.0,0.0,0.0,0.0,0.0,0.0,0.0,0.0,0.0,0.0,0.0,0.0
2023-08-18,132.64242866535997,119.37818579882398,4.596808728033055,0.0,0.0,0.0,0.0,0.0,1.4050277240272393,0.0,0.0,5.4392880932758425,0.0,1.8231183211998636
2023-08-21,134.47905225099268,109.71533238070148,8.23338154719846,0.0,0.0,0.0,0.0,0.0,0.0,0.0,0.0,9.518181508719845,1.4645608527726506,5.547595961600226
2023-08-22,133.18446608288178,122.2613832813972,0.0,0.0,2.212562877667087,0.0,0.0,0.0,8.710519923817488,0.0,0.0,0.0,0.0,0.0
2023-08-23,134.85625730713028,120.22999462579706,0.0,0.0,6.741417406467717,0.0,0.0,7.884845274865496,0.0,0.0,0.0,0.0,0.0,0.0
2023-08-24,133.17645911986187,114.5969763070072,0.0,0.0,18.57948281285469,0.0,0.0,0.0,0.0,0.0,0.0,0.0,0.0,0.0
2023-08-25,134.16388071651738,122.610933130627,3.3535203689453863,0.0,0.0,0.0,0.0,1.5635938873018738,2.783639490467553,0.0,0.0,0.0,3.8521938391755626,0.0
2023-08-28,134.42451123233243,116.6007939524432,5.229638036456976,0.0,0.20937777875225838,0.0,0.0,2.4565165277926324,3.229428420896204,0.0,0.0,1.8683046747471466,4.830451841244054,0.0
2023-08-29,136.70596309012194,116.7839260645628,11.405428240290435,1.4894478132129525,0.0,0.0,0.0,7.027160972055722,0.0,0.0,0.0,0.0,0.0,0.0
2023-08-30,137.33402307386723,124.1016647221019,0.0,2.818011321872852,0.0,0.0,0.0,0.0,0.0,0.0,0.0,10.414347029892456,0.0,0.0
2023-08-31,137.86930143271425,122.58475079770227,0.0,7.145739292156481,0.0,2.4367028602003056,0.0,0.0,5.702108482655181,0.0,0.0,0.0,0.0,0.0
2023-09-01,136.92737910546836,121.55082005031335,0.0,8.063484582868924,1.472856820516551,3.404170232605011,0.0,0.0,0.0,0.36435554011059795,0.0,0.0,2.071691879053968,0.0
2023-09-05,136.30504501452845,110.63185214872286,3.504789775925512,9.039006697578532,0.0,4.39391920208038,0.0,0.0,2.0305500043820413,0.0,0.0,0.0,6.704927185839119,0.0
2023-09-06,134.7629612490251,119.43220076149143,0.0,0.0,0.0,15.330760487533654,0.0,0.0,0.0,0.0,0.0,0.0,0.0,0.0
2023-09-07,135.4945805729485,107.92456050427649,0.0,0.0,0.0,27.570020068672022,0.0,0.0,0.0,0.0,0.0,0.0,0.0,0.0
2023-09-08,136.63448944255623,97.8591382512415,5.275782811152085,0.0,2.46396803111163,28.80362250414677,0.0,0.0,0.0,0.0,0.0,0.0,2.2319778449042262,0.0
2023-09-11,135.86683475676966,92.2262432442082,8.447707228855243,0.0,0.0,28.974985256241872,0.0,0.0,0.0,0.0,0.0,4.166199889802767,0.0,2.0516991376615787
2023-09-12,135.38050283679283,97.49229122559383,0.0,0.0,1.2868114025746675,30.935994880830094,0.0,5.6654053277942085,0.0,0.0,0.0,0.0,0.0,0.0
2023-09-13,135.8511762541087,94.49651251682015,1.240357878198326,0.0,0.0,31.188556373402186,0.0,6.660207921095758,0.5520566559479135,0.0,0.0,0.0,1.1300061019447807,0.5834788066995896
2023-09-14,135.85459715195068,88.52108916006266,0.0,0.0,1.3790542983587109,33.07740156355988,0.0,12.877052129969426,0.0,0.0,0.0,0.0,0.0,0.0
2023-09-15,134.32531145272455,96.10786747156934,0.0,0.0,5.229270690247073,32.98817329090813,0.0,0.0,0.0,0.0,0.0,0.0,0.0,0.0
2023-09-18,134.14855902753428,91.58420410686544,0.0,0.0,0.0,34.94643200248081,0.0,0.0,3.5320433688625354,0.0,0.0,0.0,0.0,4.085879549325476
2023-09-19,134.70395588599803,86.82536032596686,0.0,0.0,0.0,35.97664890594637,0.0,0.0,6.437704137261652,0.0,0.0,5.464242516823159,0.0,0.0
2023-09-20,131.95189034165026,88.35789641320409,0.0,0.0,0.0,43.59399392844615,0.0,0.0,0.0,0.0,0.0,0.0,0.0,0.0
2023-09-21,131.19035343110733,131.19035343110733,0.0,0.0,0.0,0.0,0.0,0.0,0.0,0.0,0.0,0.0,0.0,0.0
2023-09-22,130.19033005035178,117.9054078674745,0.0,0.0,0.0,0.0,0.0,0.0,0.0,0.0,0.0,0.0,0.0,12.284922182877278
2023-09-25,130.35676903301587,124.46209504129108,4.601179687323453,0.0,1.2934943044013147,0.0,0.0,0.0,0.0,0.0,0.0,0.0,0.0,0.0
2023-09-26,129.79650842904118,129.79650842904118,0.0,0.0,0.0,0.0,0.0,0.0,0.0,0.0,0.0,0.0,0.0,0.0
2023-09-27,129.30912035839262,129.30912035839262,0.0,0.0,0.0,0.0,0.0,0.0,0.0,0.0,0.0,0.0,0.0,0.0
2023-09-28,131.2113696286597,119.13816345364972,0.0,0.0,0.0,0.0,0.0,0.0,0.0,0.0,0.0,0.0,12.073206175009982,0.0
2023-09-29,129.6470187837202,111.83432886707587,2.739113769965132,0.0,0.22467887622819463,0.0,0.0,0.0,0.0,0.0,0.0,1.5109186661687206,13.337978604282275,0.0
2023-10-02,129.4099592091955,129.4099592091955,0.0,0.0,0.0,0.0,0.0,0.0,0.0,0.0,0.0,0.0,0.0,0.0
2023-10-03,128.46567451212428,115.61910706091186,12.846567451212428,0.0,0.0,0.0,0.0,0.0,0.0,0.0,0.0,0.0,0.0,0.0
2023-10-04,129.72378423665816,110.45004699446186,14.32235636751636,0.0,0.0,0.0,0.0,0.6037951466015277,0.41045074298945083,0.0,0.15615254714574264,1.5977804007641523,1.1874765032138799,0.9957255339651765
2023-10-05,128.8053184916535,117.87074975452363,0.0,0.0,0.0,0.0,0.0,0.0,0.0,0.0,2.7977833868289412,0.0,8.13678535030095,0.0
2023-10-06,130.5913192011541,121.79385842550568,0.0,0.0,4.828412408954201,0.0,0.0,0.0,0.0,0.0,3.9690483666942367,0.0,0.0,0.0
2023-10-09,132.298704108479,116.51921880284911,0.0,0.0,0.0,0.0,0.0,0.0,0.0,0.0,5.48053052636635,7.966539147914986,0.0,2.332415631348569
2023-10-10,133.27290414286225,116.53357440123447,0.0,0.8453088249672858,1.0303039638814808,0.0,0.0,0.0,5.471934962980478,0.0,6.627097033167589,0.0,2.764684956630917,0.0
2023-10-11,133.7431920435857,120.32713824606954,0.0,3.8274457677054454,0.0,0.0,0.0,0.0,0.0,0.0,9.588608029810725,0.0,0.0,0.0
2023-10-12,133.38972886766422,107.8439601905992,0.0,9.617216850670188,0.0,2.562548351002926,0.0,0.0,0.0,0.0,13.366003475391892,0.0,0.0,0.0
2023-10-13,132.89106555275364,104.7056804186012,0.0,11.347781377632769,0.0,0.0,0.0,0.0,0.0,0.0,14.686212591357783,0.0,0.0,2.15139116516189
2023-10-16,132.90184697769402,97.24862740284131,0.0,14.724237466460826,0.0,0.0,0.0,3.534135959313323,0.0,0.0,17.39484614907857,0.0,0.0,0.0
2023-10-17,133.22214031119486,96.14113139621547,0.0,15.874139316445543,2.575335053348205,0.0,0.0,0.0,0.0,0.0,18.63153454518565,0.0,0.0,0.0
2023-10-18,132.72350096967534,93.17366440959978,0.0,18.31822306869858,0.0,0.0,0.0,0.0,0.0,0.0,21.231613491376987,0.0,0.0,0.0
2023-10-19,131.30108802048693,82.88426041904768,0.0,21.639903841947714,0.0,0.0,0.0,0.0,0.0,0.0,26.77692375949155,0.0,0.0,0.0
2023-10-20,129.32421887150562,98.77395856240938,0.0,0.0,0.0,0.0,0.0,0.0,0.0,0.0,26.922449051701033,3.6278112573952104,0.0,0.0
2023-10-23,130.60761212133121,98.30726863279826,0.0,0.0,0.0,0.0,0.0,0.0,0.0,0.0,32.30034348853297,0.0,0.0,0.0
2023-10-24,130.6847264040793,93.2283505565611,3.9550184834701856,0.0,0.0,0.0,0.0,0.0,0.0,0.0,33.50135736404803,0.0,0.0,0.0
2023-10-25,128.6745491750856,86.70111633652166,0.0,0.0,1.8448198952990558,0.0,0.0,0.0,6.114333617799178,0.0,34.01427932546569,0.0,0.0,0.0
2023-10-26,127.60692196698523,110.8181002177503,0.0,0.0,4.9974024332147415,0.0,0.0,0.0,11.791419316020184,0.0,0.0,0.0,0.0,0.0
2023-10-27,127.50137563160882,111.58256938681443,0.0,0.0,15.918806244794393,0.0,0.0,0.0,0.0,0.0,0.0,0.0,0.0,0.0
2023-10-30,128.58281590079454,101.5414849171305,0.0,0.0,20.224747384921173,0.0,0.0,6.816583598742868,0.0,0.0,0.0,0.0,0.0,0.0
2023-10-31,129.50213764356104,112.53046512591754,0.0,0.0,0.0,0.0,0.0,7.744540104358566,1.5016589191446243,0.0,0.0,5.126291905560946,1.8088913720442559,0.7902902165351159
2023-11-01,132.03192559045246,103.40182839915123,4.178138246728853,0.0,0.0,0.0,0.0,9.174778971549227,2.078721995240276,0.0,0.0,8.030526738002255,2.9343077126416524,2.2336235271389704
2023-11-02,134.33518219859207,112.62401846769188,0.0,0.0,4.762630302235087,0.0,0.0,12.946697828861831,0.0,0.0,0.0,0.0,0.0,4.001835599803271
2023-11-03,135.2298379687616,102.06226366771924,0.0,0.0,5.123990824886824,0.4950532902132282,0.0,16.361610919670227,0.0,0.0,0.0,5.3559318320546145,1.1057860088517317,4.7252014253657215
2023-11-06,135.1399000030983,114.89422578736276,0.0,0.0,9.307410563877585,2.3290835499836047,0.0,0.0,0.0,0.0,0.8922482196117443,0.0,0.0,7.716931882262598
2023-11-07,135.66219008984854,126.62181151287257,3.6649137913982677,0.5269369916788268,0.0,3.3873869861793184,0.0,0.0,0.0,0.0,1.4611408077195556,0.0,0.0,0.0
2023-11-08,135.89631058792958,124.1451716001106,0.0,1.1290036878434246,0.9515464398699399,4.255809813768755,0.0,0.0,0.0,0.0,1.980087640078212,0.0,3.434691406258665,0.0
2023-11-09,135.0758276982031,114.98840539073514,0.0,4.53644684921276,3.0585475701478826,8.330395108251954,0.0,0.0,0.0,0.0,4.1620327798553545,0.0,0.0,0.0
2023-11-10,136.1272064261341,107.5281547137478,4.505308396656866,6.928881030042513,0.0,10.297027763842342,0.0,1.988075030543628,0.0,0.0,4.879759491300944,0.0,0.0,0.0
2023-11-13,138.71907335134065,103.3583562532966,8.076551242491018,7.866400034986666,0.4377857121581001,11.31106065523926,0.0,2.9272566922395877,0.0,0.0,0.0,3.3189650091139073,1.4226977518155064,0.0
2023-11-14,140.06878431107884,104.24245272328471,10.645799084804457,8.784072873584789,0.0,11.999463899451868,0.0,4.396995729952994,0.0,0.0,0.0,0.0,0.0,0.0
2023-11-15,139.66847644082867,108.66072075125219,0.0,11.816921146371822,0.0,14.257551078085125,0.0,0.0,4.93328346511952,0.0,0.0,0.0,0.0,0.0
2023-11-16,139.99860565315404,108.47045080479771,0.0,14.479945909577276,0.6378340866194567,16.410374852159595,0.0,0.0,0.0,0.0,0.0,0.0,0.0,0.0
2023-11-17,140.26468429089007,97.6352022521301,0.0,18.148082902045417,5.337168762025679,19.144230374688863,0.0,0.0,0.0,0.0,0.0,0.0,0.0,0.0
2023-11-20,141.05582661351667,98.59383591092887,0.0,20.820316916746222,0.0,21.641673785841583,0.0,0.0,0.0,0.0,0.0,0.0,0.0,0.0
2023-11-21,141.6658020734755,89.09033232014632,0.0,26.03455413571015,0.0,26.540915617619035,0.0,0.0,0.0,0.0,0.0,0.0,0.0,0.0
2023-11-22,141.46741942247877,80.2043109096246,0.0,27.139540267966495,0.0,28.199535418302666,0.0,1.9718880138372357,0.0,0.0,0.0,0.0,0.0,3.952144812747788
2023-11-24,141.55965014795544,82.03778476094678,0.0,28.223585911059534,1.6849227101855224,29.613356765763605,0.0,0.0,0.0,0.0,0.0,0.0,0.0,0.0
2023-11-27,140.16914631928117,106.70740152369144,1.4823110543896585,0.0,0.0,29.900978755196558,0.0,0.0,0.0,0.0,0.0,0.0,0.0,2.0784549860035213
2023-11-28,141.65558247376143,103.6155222045255,0.0,0.0,0.0,32.51340763437629,0.0,0.0,0.0,0.0,0.0,0.0,0.0,5.526652634859642
2023-11-29,144.23996286529868,92.91652540129661,0.0,0.0,3.069017526070852,36.08254940147215,1.0370623180870775,1.7358081964443859,0.0,0.0,0.0,0.0,0.0,9.39900002192761
2023-11-30,144.60067790616645,95.44737420058274,0.0,0.0,5.16868991429649,37.38866876196387,3.4725390512505583,0.0,2.5720205565080527,0.0,0.551385421564768,0.0,0.0,0.0
2023-12-01,145.22597004733828,87.73284880773676,0.0,0.0,5.916586905131719,38.32620551994744,5.105830590832274,1.7575959059715114,4.201878033655747,0.20399624266310357,1.0215428824805584,0.0,0.0,0.9594851589191518
2023-12-04,144.9063035963325,85.91794575848824,0.0,0.0,8.857273302615324,38.63401433814086,8.279950669713493,0.0,0.0,0.9855437562789665,2.231575771095616,0.0,0.0,0.0
2023-12-05,146.08431485520714,91.33634964950764,0.0,0.0,0.0,39.353025219493816,10.428325455117339,0.0,0.0,1.6756626173030806,3.2909519137852494,0.0,0.0,0.0
2023-12-06,145.18422925950068,120.77140079399801,3.935979330537382,0.0,1.0612393706842396,0.0,11.837197088982023,0.0,0.0,2.2837932651753765,4.10141895176238,0.0,0.0,1.1932004583612617
2023-12-07,145.60801321757293,115.27418828604424,0.0,0.0,0.0,0.0,16.00657028964128,3.8871539299859896,0.0,3.9193818899699306,6.520718821931459,0.0,0.0,0.0
2023-12-08,146.41296653813671,104.25023647696742,0.0,0.0,2.2618445249610373,0.0,18.543679197870617,7.510507271936194,0.0,5.482809435102869,8.363889631298566,0.0,0.0,0.0
2023-12-11,147.00841294157425,106.97196293046974,0.0,0.0,2.690453112317539,0.0,19.08217780110141,0.0,0.7812467687347309,5.924918665886822,8.979546610736312,1.8165876528059213,0.0,0.7615193995217854
2023-12-12,147.80839331306944,99.54398726925955,4.544471716219754,1.3029765074564879,3.07592783987324,0.0,19.55535875899396,1.0511809758249195,0.0,6.847857353483193,9.776209881311988,0.0,0.0,2.1104230106463526
2023-12-13,151.5136841242647,116.14144987921777,0.0,3.4189552432639765,3.757234351567267,0.0,0.0,5.590380848423514,0.0,8.30998999505526,10.848155962399996,0.0,0.0,3.447517844336926
2023-12-14,151.71783174202335,113.52929333174907,0.9102856033206099,4.441022993025132,4.6904057638855345,0.0,0.3459388941116681,7.653709898678393,0.0,9.005702310870594,11.14147294638234,0.0,0.0,0.0
2023-12-15,152.22170188120444,115.86612050657808,0.0,8.439032260434002,0.0,0.0,1.5355927656314443,0.0,0.0,10.236639007520216,12.261148470460297,3.8831688705803797,0.0,0.0
2023-12-18,152.79676030997655,108.50044598966522,3.1077572336333654,11.74654886439244,0.4265271220686767,0.0,2.277349050470222,0.0,0.0,11.0671021937995,12.99024624433611,0.0,2.680783611611011,0.0
2023-12-19,153.64036066642052,104.21694062316782,0.0,17.772035200835216,0.0,0.0,3.6948845685652594,0.0,0.0,13.718733986885745,14.237766286966481,0.0,0.0,0.0
2023-12-20,153.22975663792124,96.98789591390523,0.0,24.28857952180298,0.0,0.0,0.0,0.0,0.0,16.28395202809708,15.669329174115946,0.0,0.0,0.0
2023-12-21,152.01403648055646,87.758664539888,0.0,27.6366770457793,1.9246972602507655,0.0,0.0,0.0,2.1959919464847584,17.941677764767316,14.556327923386348,0.0,0.0,0.0
2023-12-22,152.00371483931858,97.71263161719179,0.0,30.364547637334397,0.0,0.0,0.0,0.0,0.0,19.50593408748296,0.0,0.0,2.4268211434976332,1.9937803538118046
2023-12-26,152.7042794456548,92.60363476528943,0.0,32.431005475805215,0.0,0.0,0.0,0.0,1.4032079311843781,20.995827550904618,0.0,5.270603722471141,0.0,0.0
2023-12-27,153.01163154619445,90.29571933278514,0.0,34.230982294046996,0.0,0.0,0.0,0.0,0.0,22.830249338783812,0.0,0.0,0.0,5.654680580578513
2023-12-28,152.46781444746654,81.19568476086145,0.0,35.79225454208726,0.0,0.0,0.0,0.0,0.0,25.55395872408077,0.0,0.0,0.0,9.925916420437053
2023-12-29,150.14929782712508,117.15176806157316,0.0,0.0,0.0,0.0,0.0,0.0,0.0,32.997529765551924,0.0,0.0,0.0,0.0
2024-01-02,149.37062715351948,137.69837891915338,0.0,0.0,0.0,0.0,0.0,0.0,0.0,0.0,0.0,0.0,5.345625706529323,6.326622527836786
2024-01-03,148.78596785844712,148.78596785844712,0.0,0.0,0.0,0.0,0.0,0.0,0.0,0.0,0.0,0.0,0.0,0.0
2024-01-04,148.53011714903778,133.677105434134,0.0,0.0,0.0,0.0,0.0,0.0,0.0,0.0,0.0,0.0,14.85301171490378,0.0
2024-01-05,148.85712521256954,140.20534662221968,1.4597254657911112,0.0,0.22616628466190686,3.889187991892402,0.0,0.0,0.0,0.0,0.0,3.076698848004451,0.0,0.0
2024-01-08,150.19470135018042,136.0709137025929,0.0,0.0,0.0,0.0,0.0,0.0,0.0,14.123787647587537,0.0,0.0,0.0,0.0
2024-01-09,150.90995349635918,123.07101491094684,0.0,0.0,1.7036916759716554,0.7892846480503588,0.0,0.0,0.0,15.130267426719174,0.0,7.621916409927569,2.5937784247435802,0.0
2024-01-10,152.04637147751467,118.57145283780845,0.0,0.0,3.1519650450020342,0.0,0.0,0.0,0.0,15.559293433133154,0.0,10.588684340541894,4.174975821029135,0.0
2024-01-11,152.19553214028096,124.62095713284451,0.0,0.0,0.0,4.270125380140767,0.0,0.0,0.0,23.304449627295703,0.0,0.0,0.0,0.0
2024-01-12,150.53279257946036,111.56628205223568,0.0,0.0,0.0,5.792901092885039,0.0,0.0,4.730588361210606,23.523540854395986,0.0,0.0,0.0,4.919480218733059
2024-01-16,149.24294434463022,132.40517989352546,0.0,0.0,2.967140442616005,8.142688698530687,0.0,0.0,0.0,0.0,0.0,0.0,5.727935309958073,0.0
2024-01-17,150.0043585859433,150.0043585859433,0.0,0.0,0.0,0.0,0.0,0.0,0.0,0.0,0.0,0.0,0.0,0.0
2024-01-18,151.18214544755045,136.0639309027954,0.0,2.0092040838207703,2.847067635051087,0.0,0.0,0.0,3.8398826250536784,0.0,0.0,0.0,6.422060200829511,0.0
2024-01-19,153.2343620985946,130.53258858220173,0.0,3.2194981164157004,8.365435100758221,0.0,0.0,1.6982780759522,6.16628930289181,0.0,0.0,3.2522729203749408,0.0,0.0
2024-01-22,153.29974811886788,127.61718436497044,0.0,5.520868504644994,0.0,0.6955091723998208,0.0,0.0,7.96713631766329,0.0,0.0,8.018923197278488,3.480126561910853,0.0
2024-01-23,154.67850113434406,136.19947704259076,0.0,10.247261782762115,8.231762308991192,0.0,0.0,0.0,0.0,0.0,0.0,0.0,0.0,0.0
2024-01-24,155.0533407712401,130.8723781873187,0.0,22.427189391770494,0.0,0.0,0.0,0.0,0.0,1.7537731921509088,0.0,0.0,0.0,0.0
2024-01-25,153.98650685489923,117.77462587034148,0.0,23.245814066982646,0.0,0.0,0.0,0.0,10.831449050113383,2.1346178674617415,0.0,0.0,0.0,0.0
2024-01-26,153.6496606159079,116.641396721235,0.0,27.302694621984955,3.1147368872208863,0.0,0.0,0.0,0.0,2.8761444381806305,0.0,0.0,0.0,3.714687947286418
2024-01-29,154.45639767428617,115.379843778333,6.761730169461101,29.32966011715339,0.0,0.0,0.0,2.985163609338694,0.0,0.0,0.0,0.0,0.0,0.0
2024-01-30,153.06439198531055,109.90063898456197,0.0,29.77943301166032,4.683450754326274,0.0,1.4939250800082147,5.649798982538074,0.0,0.9030305984103884,0.6541145738052957,0.0,0.0,0.0
2024-01-31,152.03330526355742,139.60130220607581,0.0,0.0,0.0,0.0,12.432003057481607,0.0,0.0,0.0,0.0,0.0,0.0,0.0
2024-02-01,153.28780892432695,126.95584744409332,0.0,0.0,0.0,0.0,14.581883213255615,0.0,2.2088253792220542,0.0,0.0,4.959210061935764,4.5820428258202215,0.0
2024-02-02,154.6365652068242,121.9654085997374,0.0,0.0,0.0,0.0,18.45129654149439,0.0,0.0,0.0,0.0,14.219860065592396,0.0,0.0
2024-02-05,154.4437250181719,109.73257832345381,0.0,0.0,0.0,0.0,20.934402315879883,0.0,0.0,0.0,0.0,23.776744378838213,0.0,0.0
2024-02-06,155.1411635549337,122.6479689428108,0.0,0.0,0.0,0.0,32.49319461212289,0.0,0.0,0.0,0.0,0.0,0.0,0.0
2024-02-07,155.84042495682766,110.78487242269175,0.0,0.0,2.2211367547977146,0.0,35.60162410504043,0.0,0.0,1.1855615170498686,0.0,0.0,6.047230157247889,0.0
2024-02-08,155.8547377680907,109.35861950629389,0.0,0.0,0.0,0.0,38.440891069924774,0.0,8.055227191872024,0.0,0.0,0.0,0.0,0.0
2024-02-09,156.33256584650232,145.34733533794696,0.0,0.0,7.730970049161785,0.0,0.0,0.0,0.0,0.0,3.254260459393585,0.0,0.0,0.0
2024-02-12,154.37975588355292,136.77642923967576,0.0,0.0,0.0,0.0,0.0,0.0,0.0,0.0,17.603326643877164,0.0,0.0,0.0
2024-02-13,154.9832510424023,123.66758711265632,12.552527138630087,0.0,0.0,0.0,0.0,0.0,0.0,0.0,18.763136791115862,0.0,0.0,0.0
2024-02-14,156.2669186698402,124.680377082791,0.0,0.0,0.0,0.0,0.0,1.8843909107964851,7.215619160898215,0.0,20.22937546133954,0.0,0.0,2.257156054014966
2024-02-15,156.54889927170245,122.34066213872589,7.748297196197722,0.0,0.0,0.0,0.0,5.400324757221961,0.0,0.0,21.0596151795569,0.0,0.0,0.0
2024-02-16,155.02150552639378,142.88402073936825,0.0,0.0,12.137484787025521,0.0,0.0,0.0,0.0,0.0,0.0,0.0,0.0,0.0
2024-02-20,154.84451490782675,140.62233208741483,0.0,0.0,0.0,0.0,0.0,0.0,0.0,0.0,0.0,0.0,0.0,14.222182820411927
2024-02-21,157.30782724431506,143.00160827789054,0.0,0.0,4.925766972023915,0.0,0.0,9.380451994400596,0.0,0.0,0.0,0.0,0.0,0.0
2024-02-22,158.8532108986375,139.45354514162764,0.0,0.0,5.8470056084117505,0.0,0.0,0.0,1.9176466802233347,0.0,0.0,7.255820981004721,2.429765414254815,1.9494270731152583
2024-02-23,158.48139972361898,136.77946659628466,7.289883843936531,0.0,10.080550509268223,0.0,0.0,0.0,0.0,0.0,0.0,0.0,0.0,4.331498774129544
2024-02-26,158.56968405958602,134.82912282238428,0.0,0.0,23.740561237201746,0.0,0.0,0.0,0.0,0.0,0.0,0.0,0.0,0.0
2024-02-27,158.3954441049594,121.02832743586706,0.0,0.0,37.36711666909236,0.0,0.0,0.0,0.0,0.0,0.0,0.0,0.0,0.0
2024-02-28,159.61449044506043,147.4470385326507,0.0,0.0,0.0,0.0,0.0,0.0,0.0,0.0,0.0,0.0,12.167451912409717,0.0
2024-02-29,159.88603299662486,145.11417486157794,0.0,0.0,0.0,0.0,14.771858135046916,0.0,0.0,0.0,0.0,0.0,0.0,0.0
2024-03-01,160.81711950083985,131.37883998386047,0.0,1.366529035528872,0.0,0.6821708448317294,15.94858610846509,0.0,3.8754874274746056,0.0,0.0,5.436937661727715,0.0,2.1285684389513504
2024-03-04,160.36157211018735,120.60567599857247,0.0,3.1462776724095862,0.0,0.0,16.841008323464962,0.0,7.552946345100581,0.0,0.0,12.21566377063973,0.0,0.0
2024-03-05,160.86359275714346,145.65674429382796,0.0,15.206848463315524,0.0,0.0,0.0,0.0,0.0,0.0,0.0,0.0,0.0,0.0
2024-03-06,161.49754761782592,131.7559469997847,0.0,16.34064109690136,0.0,0.0,0.0,0.0,3.028879025251788,0.0,0.0,6.659812009112635,3.7122684867754163,0.0
2024-03-07,162.5891447828741,132.8681635053376,0.0,29.720981277536474,0.0,0.0,0.0,0.0,0.0,0.0,0.0,0.0,0.0,0.0
2024-03-08,158.827933254203,158.827933254203,0.0,0.0,0.0,0.0,0.0,0.0,0.0,0.0,0.0,0.0,0.0,0.0
2024-03-11,159.74867058606867,143.7738035274618,0.0,0.0,0.0,0.0,0.0,0.0,0.0,0.0,0.0,0.0,15.974867058606868,0.0
2024-03-12,161.00160607676247,130.32593046513188,0.0,0.0,0.0,0.0,0.0,0.0,2.045177198901398,0.0,0.0,3.5843365357359924,25.046161876993217,0.0
2024-03-13,160.74541452714348,160.74541452714348,0.0,0.0,0.0,0.0,0.0,0.0,0.0,0.0,0.0,0.0,0.0,0.0
2024-03-14,159.13850169748457,159.13850169748457,0.0,0.0,0.0,0.0,0.0,0.0,0.0,0.0,0.0,0.0,0.0,0.0
2024-03-15,160.33607790546415,144.30247011491772,16.033607790546412,0.0,0.0,0.0,0.0,0.0,0.0,0.0,0.0,0.0,0.0,0.0
2024-03-18,160.02392836634831,160.02392836634831,0.0,0.0,0.0,0.0,0.0,0.0,0.0,0.0,0.0,0.0,0.0,0.0
2024-03-19,161.15583457190473,145.04025111471427,6.294413823739285,0.0,0.0,0.0,0.0,4.161634695187836,0.0,0.0,0.0,0.0,3.127961585569445,2.5315733526939095
2024-03-20,163.63741589399814,144.61137319261283,0.0,0.0,0.0,0.0,3.2826866046626986,15.743356096722595,0.0,0.0,0.0,0.0,0.0,0.0
2024-03-21,163.88102809770345,129.82479886828398,3.441490460667414,0.0,0.0,0.0,5.32047713880931,21.857657250554713,0.0,0.0,0.0,0.0,0.0,3.436604379388037
2024-03-22,162.851072004073,144.63550053695275,0.0,0.0,0.0,0.0,18.21557146712025,0.0,0.0,0.0,0.0,0.0,0.0,0.0
2024-03-25,163.52024618634974,130.53435075655597,0.0,5.028130682992773,0.0,0.0,27.957764746800986,0.0,0.0,0.0,0.0,0.0,0.0,0.0
2024-03-26,163.8255076238437,117.5912697124831,0.0,7.851434272207352,0.0,0.0,32.72410515995462,0.0,4.685089157490519,0.9736093217081077,0.0,0.0,0.0,0.0
2024-03-27,164.45157026227798,111.84689567932176,0.0,9.608780417485379,0.0,0.0,36.3142346372976,6.681659528173256,0.0,0.0,0.0,0.0,0.0,0.0
2024-03-28,165.05525971642976,107.4707326574569,0.0,13.685390585973394,0.0,0.0,43.899136472999444,0.0,0.0,0.0,0.0,0.0,0.0,0.0
2024-04-01,163.65682057464423,95.69702746667753,0.0,17.756493885521923,0.0,0.0,50.20329922244478,0.0,0.0,0.0,0.0,0.0,0.0,0.0
2024-04-02,163.38824307273146,86.03873017772914,0.0,18.514350062342164,0.0,0.0,50.631386362592266,0.0,2.080768409012615,0.0,0.0,0.0,6.123008061055258,0.0
2024-04-03,166.53741854841837,86.71297443538596,6.484360032452419,20.46930049469422,0.0,0.0,52.87078358588578,0.0,0.0,0.0,0.0,0.0,0.0,0.0
2024-04-04,161.81674028210907,161.81674028210907,0.0,0.0,0.0,0.0,0.0,0.0,0.0,0.0,0.0,0.0,0.0,0.0
2024-04-05,163.28826732057485,146.95944058851737,0.0,0.0,0.0,0.0,0.0,16.328826732057486,0.0,0.0,0.0,0.0,0.0,0.0
2024-04-08,163.76329002150015,149.02946301113792,14.317614429711028,0.0,0.0,0.0,0.0,0.0,0.0,0.4162125806512175,0.0,0.0,0.0,0.0
2024-04-09,161.75007811991148,146.64086214474145,0.0,0.0,0.0,0.0,0.0,0.0,0.0,15.10921597517002,0.0,0.0,0.0,0.0
2024-04-10,162.7636806054339,148.03527169137354,14.728408914060354,0.0,0.0,0.0,0.0,0.0,0.0,0.0,0.0,0.0,0.0,0.0
2024-04-11,162.36783453672697,162.36783453672697,0.0,0.0,0.0,0.0,0.0,0.0,0.0,0.0,0.0,0.0,0.0,0.0
2024-04-12,162.60824690952765,162.60824690952765,0.0,0.0,0.0,0.0,0.0,0.0,0.0,0.0,0.0,0.0,0.0,0.0
2024-04-15,159.37303828386644,143.43573445547977,0.0,0.0,0.0,0.0,0.0,13.905875179506111,0.0,0.0,2.031428648880533,0.0,0.0,0.0
2024-04-16,159.66447852251434,143.2224328691322,0.0,0.0,0.0,0.0,0.0,0.0,0.0,0.0,16.442045653382138,0.0,0.0,0.0
2024-04-17,158.60532374760552,127.86092365649327,0.0,0.0,0.0,0.0,0.0,10.424028319993953,0.0,0.0,20.320371771118293,0.0,0.0,0.0
2024-04-18,157.96726242663703,124.87096209548086,0.0,0.0,0.0,0.0,0.0,0.0,0.0,0.0,33.096300331156165,0.0,0.0,0.0
2024-04-19,157.3014920212611,112.031279833824,0.0,0.0,0.0,0.0,0.0,5.708065507915968,0.0,0.0,35.55133803698951,0.0,0.0,4.010808642531638
2024-04-22,158.24865616034307,105.64385364657994,0.0,0.0,0.0,0.0,0.0,15.044603609946446,0.0,0.0,37.560198903816676,0.0,0.0,0.0
2024-04-23,159.28332784010937,95.98453891665467,5.269882854165124,0.0,0.0,0.0,0.0,15.983268777061872,1.074889053825271,0.0,37.759834191417376,1.983141965840016,1.2277720811450423,0.0
2024-04-24,157.46984722078108,105.14756138513104,13.233686635419756,0.0,0.0,0.0,0.8763779605478801,0.0,0.0,0.0,38.21222123968239,0.0,0.0,0.0
2024-04-25,160.05480661277383,148.4950755338971,0.0,0.0,0.0,0.0,2.3436698205086475,0.0,0.0,0.0,0.0,6.247188224555669,2.968873033812438,0.0
2024-04-26,161.4757180007555,137.621272291808,8.301796106523796,0.0,0.0,0.0,3.3963215991869764,1.4636635604082284,0.0,0.0,0.0,10.692664442828487,0.0,0.0
2024-04-29,160.8969745815344,135.6001860154983,18.930902021376905,0.0,0.0,0.0,6.365886544659187,0.0,0.0,0.0,0.0,0.0,0.0,0.0
2024-04-30,158.3635930544911,138.7305816138968,0.0,0.0,0.0,0.0,11.273985987735326,0.0,0.0,0.0,0.0,0.0,0.0,8.35902545285898
2024-05-01,159.34427774247666,136.93468341945578,0.0,0.0,0.0,0.0,0.0,0.0,0.0,0.0,0.0,0.0,6.360892237969267,16.04870208505163
2024-05-02,161.7574442526215,131.3457451994123,0.0,0.0,0.0,0.0,0.0,5.490794469289143,0.0,0.0,0.0,0.0,0.0,24.92090458392004
2024-05-03,163.36550529725437,118.83019652794995,3.363646438749603,0.0,0.0,0.0,0.0,7.995941806735257,0.0,0.0,0.0,5.155682308615856,0.0,28.020038215203687
2024-05-06,164.6649965982869,147.44021126615695,0.0,0.0,0.0,0.0,0.0,0.0,3.0495298027675033,0.0,0.0,11.017229666218578,3.158025863143884,0.0
2024-05-07,163.790063676647,163.790063676647,0.0,0.0,0.0,0.0,0.0,0.0,0.0,0.0,0.0,0.0,0.0,0.0
2024-05-08,164.4817656936304,148.03358912426737,0.0,0.0,0.0,0.0,0.0,16.448176569363042,0.0,0.0,0.0,0.0,0.0,0.0
2024-05-09,166.1330832412998,134.37878640477498,0.0,0.0,0.0,0.0,0.0,24.96527153790268,0.0,0.0,0.0,0.0,0.0,6.78902529862214
2024-05-10,166.37429832149584,166.37429832149584,0.0,0.0,0.0,0.0,0.0,0.0,0.0,0.0,0.0,0.0,0.0,0.0
2024-05-13,165.89978169283833,149.3098035235545,0.0,0.0,0.0,0.0,0.0,0.0,0.0,0.0,0.0,10.312809253662387,6.277168915621446,0.0
2024-05-14,167.78733283830576,146.24552669118717,0.0,1.2018414475486014,0.0,0.0,0.0,2.379250404074581,5.52525193057719,0.0,0.0,0.0,10.686588486871095,1.7488738780471438
2024-05-15,169.11496265540322,150.74267437621327,0.0,7.820717299667839,0.0,0.0,0.0,10.551570979522086,0.0,0.0,0.0,0.0,0.0,0.0
2024-05-16,168.78904309691964,145.99824757526375,0.0,13.933797762412677,0.0,0.0,0.0,0.0,0.0,0.0,0.0,0.0,8.856997759243237,0.0
2024-05-17,168.87887410668736,131.5849370498901,8.790764656078144,14.841372797315508,0.0,0.0,0.0,0.0,0.0,0.0,0.0,0.0,11.803547390938608,1.8582522124650118
2024-05-20,168.81557442279,132.10470288621187,17.02720094642262,16.60522620770418,0.0,0.823875031855791,0.0,0.0,2.25456935059554,0.0,0.0,0.0,0.0,0.0
2024-05-21,169.8741501083087,140.0559391215564,0.0,21.816774437978463,0.0,0.0,0.0,8.001436548773835,0.0,0.0,0.0,0.0,0.0,0.0
2024-05-22,170.93593079202535,170.93593079202535,0.0,0.0,0.0,0.0,0.0,0.0,0.0,0.0,0.0,0.0,0.0,0.0
2024-05-23,169.28556212138088,152.3570059092428,0.0,0.0,0.0,0.0,0.0,0.0,0.0,0.0,0.0,16.928556212138087,0.0,0.0
2024-05-24,170.9219136808907,137.74871909681744,4.2234539340286235,0.0,0.0,0.0,0.0,0.0,0.0,0.0,0.0,26.343578661980047,2.6061619880646045,0.0
2024-05-28,170.3444043022378,129.6744222263656,0.0,0.0,0.0,0.0,0.0,0.0,0.0,0.0,0.0,40.66998207587219,0.0,0.0
2024-05-29,170.63284747740926,170.63284747740926,0.0,0.0,0.0,0.0,0.0,0.0,0.0,0.0,0.0,0.0,0.0,0.0
2024-05-30,170.321393248036,153.2892539232324,0.0,0.0,0.0,0.0,0.0,0.0,0.0,0.0,0.0,0.0,0.0,17.032139324803598
2024-05-31,172.1268255072285,139.41091445105133,0.0,0.0,0.0,0.0,0.0,8.062567430196683,0.0,0.0,1.574962393355488,0.0,0.0,23.078381232624988
2024-06-03,171.54332075549559,156.0970343093084,0.0,0.0,0.0,0.0,0.0,0.0,0.0,0.0,2.893101800062033,12.553184646125159,0.0,0.0
2024-06-04,173.1110683160602,154.45184750852843,4.999966826578938,0.0,0.0,0.0,1.16155347438229,0.0,0.0,0.0,3.962874872327292,0.0,5.572963796684134,2.9618618375591375
2024-06-05,174.41955285899104,148.11330202824044,0.0,0.0,0.0,0.0,2.8166468764942834,0.0,0.0,0.0,5.016984472468781,9.053845470158356,9.418774011629178,0.0
2024-06-06,173.8419952535408,151.21467087507915,0.0,0.0,0.0,0.0,8.297345287266287,0.0,0.0,5.4433370230103595,8.886642068184996,0.0,0.0,0.0
2024-06-07,173.62561898812922,135.98777972791967,0.0,0.0,0.0,0.0,13.417888629088862,0.0,0.0,11.291278804004373,12.928671827116316,0.0,0.0,0.0
2024-06-10,174.3942163717009,122.5937432197945,0.0,0.0,0.0,0.0,21.10854454715355,0.0,0.0,14.289122877485006,16.40280572726785,0.0,0.0,0.0
2024-06-11,177.3811204381393,111.89390432880647,6.924092694795406,0.43092063219568444,0.0,0.0,22.251319430123246,0.0,0.0,15.535394191683723,16.86082599461587,0.0,2.0298165924422884,1.4548465734765939
2024-06-12,177.08097133184714,121.58952076220272,8.654153114225226,2.3685026605870205,1.6149241179274434,0.8307211771590723,23.38235524907072,0.0,0.0,14.77179247734444,0.0,0.0,3.869001773330523,0.0
2024-06-13,175.64038838669353,144.57870646232553,0.0,3.614581329950111,0.0,0.0,23.598617338087767,0.0,0.0,0.0,0.0,3.84848325633012,0.0,0.0
2024-06-14,176.1470470549874,157.79668865831022,9.354651027793938,6.3302592372930935,0.0,0.0,0.0,0.0,0.0,0.0,0.0,0.0,0.0,2.665448131590165
2024-06-17,178.21286987193784,155.81904562012076,0.0,10.760609765782066,0.0,0.0,0.0,2.3339119021318955,1.9886611605540876,1.6310155900748846,0.0,0.0,5.679625833274155,0.0
2024-06-18,178.89092680317992,142.85617120307617,0.0,15.435929571620314,0.0,0.0,0.0,5.974755635888525,0.0,3.056775527694057,0.0,0.0,11.56729486490087,0.0
2024-06-20,177.00533025666485,145.2203665843771,0.0,25.259635544291573,0.0,0.0,0.0,0.0,0.0,6.525328127996173,0.0,0.0,0.0,0.0
2024-06-21,176.31463961304613,130.6801104527539,0.0,29.371030048756808,3.4991202430636648,0.0,0.0,0.0,4.0119345777164375,8.752444290755331,0.0,0.0,0.0,0.0
2024-06-24,175.63720451140702,121.55226930315729,0.0,30.36468589218864,6.11788834128991,0.0,0.0,4.592618466819921,0.0,10.843859753792625,0.0,0.0,0.0,2.165882754158645
2024-06-25,175.4354082567131,152.34195265251967,4.795564554311592,0.0,0.0,0.0,0.0,0.0,0.0,12.568098957698423,0.0,5.729792092183395,0.0,0.0
2024-06-26,175.59955779590416,148.18107202247833,0.0,0.0,0.0,0.0,0.0,0.0,0.0,27.418485773425843,0.0,0.0,0.0,0.0
2024-06-27,176.45249049266675,133.82887074423547,0.0,0.0,0.0,7.279765264442036,0.0,0.0,0.0,35.343854483989254,0.0,0.0,0.0,0.0
2024-06-28,175.3317170619874,120.09156645504743,4.160382268448696,0.0,1.9601498484892526,8.286230224766378,0.0,2.6919953598219966,1.554941321155911,34.899474407667626,0.0,0.0,1.686977176590083,0.0
2024-07-01,175.91790698201802,144.96203349412195,9.89897688421297,0.0,3.8067750748655493,9.247998057475877,0.0,4.858327747829509,3.1437957235121305,0.0,0.0,0.0,0.0,0.0
2024-07-02,178.16181759218142,143.60858844694826,23.408953099234374,0.0,0.0,11.14427604599878,0.0,0.0,0.0,0.0,0.0,0.0,0.0,0.0
2024-07-03,180.76149219365274,129.99365967921082,30.984259708319772,0.0,0.0,14.117879399304302,0.0,0.0,0.0,0.0,0.0,0.0,5.665693406817825,0.0
2024-07-05,181.28543004075493,123.43001355453951,39.83492213586161,0.0,0.7863862527500602,16.45355135525885,0.0,0.0,0.0,0.7805567423449221,0.0,0.0,0.0,0.0
2024-07-08,181.65932783043195,152.38381008866412,0.0,0.0,0.0,19.728412554772298,0.0,0.0,0.0,3.558871354611634,0.0,0.0,0.0,5.988233832383923
2024-07-09,181.6382622906572,137.3520129002814,4.389035240445106,0.0,2.203423331162565,20.40840076072202,0.0,3.384719872139388,0.0,6.1216993043545065,0.0,0.0,0.0,7.778970881552189
2024-07-10,183.2620875410198,134.64052116439447,0.0,1.2954526067844667,0.0,22.181810973019786,0.0,0.0,0.0,9.868481162004317,0.0,0.0,5.0623731771424865,10.213448457674271
2024-07-11,182.63263119002215,121.60827156242584,0.0,0.0,0.0,23.200405063486812,1.2517197963355244,0.0,3.733649823765789,11.9217066974832,0.0,0.0,8.258405723689824,12.658472522835146
2024-07-12,184.14685333801975,155.07903705755118,6.684536394770158,0.0,0.7230690492944232,0.0,2.899150824344058,0.0,5.625016652221273,13.136043359838686,0.0,0.0,0.0,0.0
2024-07-15,184.50410376569502,146.44107299418206,0.0,0.0,5.28113879602258,0.0,5.353199336715899,5.655388598454839,7.942206620007294,13.831097420312343,0.0,0.0,0.0,0.0
2024-07-16,184.5908931366839,136.27208821990234,0.0,0.0,0.0,0.0,9.937800863486297,10.927301411730037,11.073931729584423,16.379770911980778,0.0,0.0,0.0,0.0
2024-07-17,184.058441951801,144.56814243122275,0.0,0.0,9.189014081292113,0.0,13.386596663931204,0.0,0.0,16.91468877535493,0.0,0.0,0.0,0.0
2024-07-18,181.54788325175053,137.70562862412484,0.0,0.0,0.0,0.0,22.973246573409174,0.0,0.0,20.869008054216508,0.0,0.0,0.0,0.0
2024-07-19,181.35896512345983,167.57131292490382,0.0,0.0,13.787652198556001,0.0,0.0,0.0,0.0,0.0,0.0,0.0,0.0,0.0
2024-07-22,181.7276483480345,164.92469023772216,0.0,0.0,0.0,0.0,0.0,0.0,0.0,0.0,3.9024645665397415,0.0,12.900493543772583,0.0
2024-07-23,179.99959089700067,159.84605973024813,0.0,0.0,0.0,0.0,0.0,0.0,0.0,0.0,20.15353116675255,0.0,0.0,0.0
2024-07-24,177.34619973988154,177.34619973988154,0.0,0.0,0.0,0.0,0.0,0.0,0.0,0.0,0.0,0.0,0.0,0.0
2024-07-25,177.6349127677473,159.87142149097258,6.109849764804594,0.0,0.0,0.0,0.0,3.7400522865598704,7.913589225410262,0.0,0.0,0.0,0.0,0.0
2024-07-26,178.99371608328354,162.89557847382534,0.0,0.0,0.0,0.0,0.0,0.0,0.0,0.0,0.0,0.0,0.0,16.098137609458217
2024-07-29,179.2036219265325,162.90659834685042,0.0,0.0,16.297023579682087,0.0,0.0,0.0,0.0,0.0,0.0,0.0,0.0,0.0
2024-07-30,180.12402014701019,163.7545102996764,0.0,0.0,0.0,0.0,0.0,7.916372791040608,0.0,0.0,0.0,8.453137056293178,0.0,0.0
2024-07-31,181.64192911806677,165.1574130139289,0.0,0.0,0.0,0.0,0.0,0.0,0.0,0.0,16.484516104137878,0.0,0.0,0.0
2024-08-01,176.21119024001996,144.1254051748932,0.0,0.0,0.0,0.0,0.0,0.0,0.0,2.5426935985543584,17.95335123467335,0.0,0.0,11.589740231899034
2024-08-02,168.8912290533144,152.7738062619573,0.0,0.0,0.0,0.0,0.0,0.0,0.0,16.117422791357097,0.0,0.0,0.0,0.0
2024-08-05,171.81860651783927,139.60784508258385,0.0,0.0,0.0,0.0,0.0,0.0,0.0,32.21076143525542,0.0,0.0,0.0,0.0
2024-08-06,175.4594386002731,161.25563660230586,0.0,0.0,4.439142219671954,0.0,0.0,5.372576162606196,4.392083615689085,0.0,0.0,0.0,0.0,0.0
2024-08-07,173.96207685234748,152.62074782433942,0.0,0.0,0.0,0.0,0.0,15.332516898310546,0.0,0.0,0.0,0.0,0.0,6.008812129697495
2024-08-08,176.13043621426561,146.62784023367288,0.0,0.0,0.9395547513466667,0.0,0.0,17.476312854610054,1.4068078151844141,0.17965627606390747,0.0,0.0,1.3934790189404094,8.106785264447286
2024-08-09,177.6505688894513,152.18356477663627,6.957312405715692,0.0,1.8869202565512908,0.0,1.5812626320557368,0.0,0.0,0.7774174635784541,0.0,0.0,3.784365403377482,10.47972595153639
2024-08-12,178.32121383307708,157.58004321276908,9.507492319567277,0.0,0.0,0.0,2.3837465911558486,0.0,0.0,1.269844010723427,0.0,2.4477506634665542,5.132337035394892,0.0
2024-08-13,180.77960355711375,158.59274637560753,0.0,0.0,2.4546331216228667,0.0,3.821928340043828,1.8362025160346385,0.0,1.688204354091068,0.5076682551496088,8.717497018369446,0.0,3.1607235761947896
2024-08-14,183.0576545188921,164.4626964148622,0.0,0.0,3.2740174649286278,0.0,5.616763183031246,3.381972221872699,2.3718034393663006,2.502689114183517,1.447712680647531,0.0,0.0,0.0
2024-08-15,183.6864924342231,154.33194737114962,5.15589908585507,0.8170630668360254,3.66899861412502,0.6960720874876172,7.200292467582654,0.0,0.0,3.125159091484441,2.597406144999404,4.306658924198719,0.0,1.7869955805045157
2024-08-16,185.06292897307983,159.67299988460013,0.0,1.9707095869861448,5.694835954740748,0.0,9.224467301158848,0.0,0.0,4.225709991707778,4.274206253886185,0.0,0.0,0.0
2024-08-19,186.7379683375141,150.87799256209675,0.0,4.516385611352202,0.0,1.2592405381122886,12.888912611643015,0.0,0.0,6.5793970375702715,7.687875597624148,0.0,0.0,2.9281643791154432
2024-08-20,186.77699821128118,146.41035202931153,1.4165192222936702,5.157086161952468,0.40047784245050483,1.5939747362255265,13.954477776538557,0.0,0.863518308559947,6.867939683809988,8.671426642852353,0.0,1.4412258072866153,0.0
2024-08-21,188.00377317260214,136.57822346688,0.0,8.047286936605976,0.0,4.000215391049478,17.693903454935942,0.0,0.0,8.965269502170125,12.718874420960647,0.0,0.0,0.0
2024-08-22,186.9248976963861,122.27376277499481,0.0,9.694394795647987,0.0,5.678002070729563,20.405260162068007,0.0,2.769628376484004,10.340201861196578,15.763647655265121,0.0,0.0,0.0
2024-08-23,188.44963245331365,119.23337445344404,0.0,11.17199603479702,0.0,0.0,24.20154982264074,4.845637675357777,0.0,10.946912866090395,18.050161600983678,0.0,0.0,0.0
2024-08-26,186.9483395347901,128.00869594531594,0.0,0.0,0.0,0.0,26.16384137980172,0.0,2.0292254810756334,11.354575269873004,19.392001458723815,0.0,0.0,0.0
2024-08-27,188.06716741807207,124.0176803502126,0.0,0.0,0.0,0.0,29.987390677907744,0.0,0.0,12.650208611380679,21.411887778571028,0.0,0.0,0.0
2024-08-28,187.79807609947503,111.44063483230842,0.0,0.0,0.0,0.0,37.46651171931455,0.0,0.0,15.280265338448498,23.61066420940354,0.0,0.0,0.0
2024-08-29,188.180318345565,129.6100994698165,0.0,0.0,0.318426571085956,0.0,38.34202282781115,1.4652789809370146,1.1771115965654888,15.761011843366521,0.0,0.0,1.5063670559824054,0.0
2024-08-30,187.40544355820907,137.08811643247594,0.0,0.0,0.0,0.0,50.317327125733144,0.0,0.0,0.0,0.0,0.0,0.0,0.0
2024-09-03,184.40178480586013,170.9441987338147,13.45758607204543,0.0,0.0,0.0,0.0,0.0,0.0,0.0,0.0,0.0,0.0,0.0
2024-09-04,185.4560176270257,162.6153634022354,22.84065422479027,0.0,0.0,0.0,0.0,0.0,0.0,0.0,0.0,0.0,0.0,0.0
2024-09-05,186.05949420878616,186.05949420878616,0.0,0.0,0.0,0.0,0.0,0.0,0.0,0.0,0.0,0.0,0.0,0.0
2024-09-06,184.31429175910117,184.31429175910117,0.0,0.0,0.0,0.0,0.0,0.0,0.0,0.0,0.0,0.0,0.0,0.0
2024-09-09,185.54772722813627,167.0967819101566,5.71429436193427,0.0,2.387190035591918,0.0,0.0,0.0,1.4765708275188143,0.0,0.0,4.797301016715139,2.4409972640274074,1.6345918121921288
2024-09-10,185.84981456159937,165.14453054551507,0.0,0.0,0.0,0.0,0.0,0.0,3.3880784922063105,0.0,0.0,0.0,17.317205523877977,0.0
2024-09-11,188.02872442616524,150.3335548304619,2.818328537830177,0.0,0.0,0.0,0.0,1.8819412098904373,6.042980452478935,0.0,0.0,7.199005819617622,19.752913575886183,0.0
2024-09-12,191.3986003362796,154.6636360788292,0.0,0.0,0.0,0.0,0.0,0.0,0.0,0.0,0.0,0.0,36.73496425745041,0.0
2024-09-13,190.13081174345945,174.60702343010948,0.0,0.0,6.016992804083584,0.0,0.0,5.301274243328524,4.205521265937879,0.0,0.0,0.0,0.0,0.0
2024-09-16,191.36608451574867,167.69562177169365,0.0,1.9829826372265793,9.023197088335937,0.0,0.0,0.0,0.0,0.0,0.0,0.0,12.664283018492515,0.0
2024-09-17,191.02770734999578,163.02641558025203,0.0,4.462026587436456,20.33534034777859,0.0,3.2039248345286984,0.0,0.0,0.0,0.0,0.0,0.0,0.0
2024-09-18,193.80814649133023,173.9719507360235,12.549014537985967,0.0,0.0,0.0,7.287181217320783,0.0,0.0,0.0,0.0,0.0,0.0,0.0
2024-09-19,193.57327991800673,169.11836997851913,0.0,1.2166154213186213,1.2161818830877316,0.0,9.942708409428521,6.921421504324355,0.0,0.8102534067125762,0.0,0.0,4.347729314615843,0.0
2024-09-20,193.91502664081688,165.09741022078933,5.837129964387761,2.7170214512906665,0.0,0.0,12.528242319495874,0.0,4.340815493450967,1.773181313165595,1.6212258782366746,0.0,0.0,0.0
2024-09-23,194.8130009369296,159.36287742185826,0.0,7.172843081966504,0.0,0.0,17.099352167107842,0.0,0.0,3.6133069855822915,7.564621280414724,0.0,0.0,0.0
2024-09-24,194.16807188356515,163.36429873275424,0.0,12.17772684601896,0.0,3.8135053169105335,0.0,0.0,0.0,0.0,14.81254098788142,0.0,0.0,0.0
2024-09-25,195.81491238638773,147.88221676751903,5.9765729726710415,13.898210720878803,0.0,5.0408137099191554,0.0,0.0,0.0,0.0,17.491310044416156,5.525788170983522,0.0,0.0
2024-09-26,195.24116674288004,144.16354005719194,0.0,17.102781037068812,0.0,7.206566827453259,0.0,3.9646326860636494,0.0,0.0,22.803646135102376,0.0,0.0,0.0
2024-09-27,193.84985465959988,132.99753940477453,0.0,18.622311634652338,0.0,9.459585180037546,0.0,0.0,0.0,0.0,27.24855777643584,0.0,0.0,5.5218606636996315
2024-09-30,194.13208880680708,144.5650527924204,0.0,0.0,3.0636899788738248,13.048519108886882,0.0,0.0,0.0,0.0,33.45482692662593,0.0,0.0,0.0
2024-10-01,190.68851399406603,131.83367693888715,0.0,0.0,0.0,18.307469400719857,0.0,0.0,0.0,0.0,40.54736765445901,0.0,0.0,0.0
2024-10-02,190.72804400705326,158.89205497980922,0.0,0.0,0.0,31.83598902724403,0.0,0.0,0.0,0.0,0.0,0.0,0.0,0.0
2024-10-03,192.6851388459829,144.26408427632,0.0,0.0,0.0,34.31744603119241,0.0,0.0,4.534987560274897,0.0,0.0,9.56862097819559,0.0,0.0
2024-10-04,192.77118605566022,139.15843607255468,0.0,0.0,0.0,35.642557727131866,0.0,3.5119585809791065,8.40718470514964,0.49716676113981956,0.0,0.0,5.553882208705106,0.0
2024-10-07,192.6059663317162,142.64457990275545,0.0,0.0,0.0,44.15661058034038,0.0,0.0,0.0,5.804775848620343,0.0,0.0,0.0,0.0
2024-10-08,194.0030299609604,129.0044882139059,0.0,0.0,0.0,47.26828889458187,1.7370076553516065,3.725191348400727,4.064072365381051,8.203981483339225,0.0,0.0,0.0,0.0
2024-10-09,194.30719057616494,116.63292228904717,0.0,0.84952734834989,0.0,48.13859805923274,3.817552832627632,5.8220248572635285,6.562129343432816,9.388499009705855,0.0,0.0,3.095936836505299,0.0
2024-10-10,194.78999552757838,120.42566033901772,0.0,2.952559117543938,0.0,51.04791164990297,8.609992758080423,0.0,0.0,11.753871663033323,0.0,0.0,0.0,0.0
2024-10-11,196.28470656477487,112.34313637098643,0.0,0.0,0.0,52.03119932461851,11.073423281231394,4.961441962402278,0.0,13.183574186690773,0.0,0.0,0.0,2.691931438845467
2024-10-14,198.1329663002362,109.5529132679202,0.0,0.0,0.0,55.196406467724955,16.93623094276365,0.0,0.0,16.447415621827407,0.0,0.0,0.0,0.0
2024-10-15,196.11389662976154,97.78114083421026,0.0,0.0,0.0,56.49445129033315,21.55792468591476,0.0,0.0,20.280379819303356,0.0,0.0,0.0,0.0
2024-10-16,198.10705432163,146.30349714676507,0.0,0.0,0.0,0.0,24.629104081398918,3.6802140768202087,0.0,23.494239016645803,0.0,0.0,0.0,0.0
2024-10-17,197.41910288755702,134.9200751396102,0.0,0.0,0.0,0.0,32.1477935282297,0.0,0.0,30.351234219717114,0.0,0.0,0.0,0.0
2024-10-18,197.36884463451395,121.38734575343129,0.0,0.0,0.0,3.5724332048670875,36.98681701497131,0.0,0.0,35.42224866124428,0.0,0.0,0.0,0.0
2024-10-21,197.03770150238466,197.03770150238466,0.0,0.0,0.0,0.0,0.0,0.0,0.0,0.0,0.0,0.0,0.0,0.0
2024-10-22,197.10043215535444,177.390388939819,0.0,0.0,0.0,0.0,19.710043215535443,0.0,0.0,0.0,0.0,0.0,0.0,0.0
2024-10-23,196.5860127580438,159.31965057264816,14.93649398263635,0.0,0.0,0.0,22.32986820275933,0.0,0.0,0.0,0.0,0.0,0.0,0.0
2024-10-24,197.53261720941813,143.78571941172814,29.610659901537318,0.0,0.0,0.0,24.136237896152657,0.0,0.0,0.0,0.0,0.0,0.0,0.0
2024-10-25,198.95638799912837,160.84891640194164,0.0,0.0,0.0,0.0,38.107471597186716,0.0,0.0,0.0,0.0,0.0,0.0,0.0
2024-10-28,198.14500433512387,144.1125463598304,0.0,0.0,0.0,0.0,41.29338587291415,12.739072102379353,0.0,0.0,0.0,0.0,0.0,0.0
2024-10-29,198.03271634040513,183.58821297637814,0.0,0.0,0.0,0.0,0.0,0.0,0.0,0.0,0.0,0.0,14.444503364026986,0.0
2024-10-30,195.93827798946754,177.76017431733635,18.17810367213119,0.0,0.0,0.0,0.0,0.0,0.0,0.0,0.0,0.0,0.0,0.0
2024-10-31,194.19864472962144,176.55466664795546,0.0,0.0,0.0,0.0,0.0,0.0,17.64397808166598,0.0,0.0,0.0,0.0,0.0
2024-11-01,194.15484230567304,176.5027367417136,0.0,0.0,0.0,0.0,0.0,0.0,0.0,17.652105563959463,0.0,0.0,0.0,0.0
2024-11-04,193.84841407103391,158.74959081722517,0.0,0.0,0.0,0.0,0.0,0.0,0.0,35.09882325380874,0.0,0.0,0.0,0.0
2024-11-05,200.86839544330095,147.48447188694797,5.871340057371692,0.0,0.0,0.0,0.0,5.404606071857303,1.1054146064914236,37.64327024447464,0.0,2.089545831459077,1.2697467446988364,0.0
2024-11-06,201.3257184929677,133.6108709226377,9.229092459776995,0.0,0.0,0.0,0.6398971815634931,10.690091685181697,2.065747434255888,37.20316250345094,0.0,4.157552368165867,3.7293039379351023,0.0
2024-11-07,202.91223852936184,137.79951433428246,16.480086510220726,0.0,0.0,0.0,2.5100998923734044,0.0,0.0,38.68651172813995,0.0,0.0,6.2765624231749015,1.1594636411703838
2024-11-08,205.8019584325099,125.93573296051554,26.55632150501305,0.0,0.0,0.4576868546771845,4.2100228366962025,2.062568166135048,0.0,38.786696175388656,0.0,0.0,7.79292993408423,0.0
2024-11-11,205.31840017897554,122.8785876894349,33.121821441298096,0.0,0.0,1.726035745894662,7.71358685995229,0.0,0.0,39.87836844239561,0.0,0.0,0.0,0.0
2024-11-12,203.47286540364888,142.79955960964233,0.0,0.0,0.0,5.856020616071465,14.836898586100762,0.0,0.0,39.9803865918343,0.0,0.0,0.0,0.0
2024-11-13,202.8751969532287,167.90938973330307,0.0,0.0,0.0,12.55124961856402,22.414557601361622,0.0,0.0,0.0,0.0,0.0,0.0,0.0
2024-11-14,200.0745240770421,149.2002369167201,0.0,0.0,0.0,20.013901450073742,30.86038571024828,0.0,0.0,0.0,0.0,0.0,0.0,0.0
2024-11-15,199.1739204930809,164.32405305676576,12.455013199547874,0.0,0.0,22.39485423676728,0.0,0.0,0.0,0.0,0.0,0.0,0.0,0.0
2024-11-18,198.0113890312354,147.50197281042847,19.58846296165564,0.0,0.0,23.15528575169396,0.0,0.0,4.692930650078719,0.0,0.0,0.0,3.07273685737863,0.0
2024-11-19,200.65813634991602,162.46289456760408,24.115023836778192,0.0,0.0,0.0,0.0,0.0,0.0,0.0,0.0,6.767205118433413,7.313012827100328,0.0
2024-11-20,201.54193986543606,185.2118422180558,0.0,0.0,0.0,0.0,0.0,0.0,16.33009764738027,0.0,0.0,0.0,0.0,0.0
2024-11-21,201.5419398654361,201.5419398654361,0.0,0.0,0.0,0.0,0.0,0.0,0.0,0.0,0.0,0.0,0.0,0.0
