Date,interest_rate,unemployment_rate,cpi,gdp_growth,industrial_production,personal_consumption,technology_capital_spending,crude_oil_prices,semiconductor_shipments
2022-01-03,0.08,4.0,282.39,-1.0,101.2146,17017.8,90228.0,75.99,97.9467
2022-01-04,0.08,4.0,282.39,-1.0,101.2146,17017.8,90228.0,77.0,97.9467
2022-01-05,0.08,4.0,282.39,-1.0,101.2146,17017.8,90228.0,77.83,97.9467
2022-01-06,0.08,4.0,282.39,-1.0,101.2146,17017.8,90228.0,79.47,97.9467
2022-01-07,0.08,4.0,282.39,-1.0,101.2146,17017.8,90228.0,79.0,97.9467
2022-01-08,0.08,4.0,282.39,-1.0,101.2146,17017.8,90228.0,79.0,97.9467
2022-01-09,0.08,4.0,282.39,-1.0,101.2146,17017.8,90228.0,79.0,97.9467
2022-01-10,0.08,4.0,282.39,-1.0,101.2146,17017.8,90228.0,78.11,97.9467
2022-01-11,0.08,4.0,282.39,-1.0,101.2146,17017.8,90228.0,81.17,97.9467
2022-01-12,0.08,4.0,282.39,-1.0,101.2146,17017.8,90228.0,82.51,97.9467
2022-01-13,0.08,4.0,282.39,-1.0,101.2146,17017.8,90228.0,81.97,97.9467
2022-01-14,0.08,4.0,282.39,-1.0,101.2146,17017.8,90228.0,83.82,97.9467
2022-01-15,0.08,4.0,282.39,-1.0,101.2146,17017.8,90228.0,83.82,97.9467
2022-01-16,0.08,4.0,282.39,-1.0,101.2146,17017.8,90228.0,83.82,97.9467
2022-01-17,0.08,4.0,282.39,-1.0,101.2146,17017.8,90228.0,83.82,97.9467
2022-01-18,0.08,4.0,282.39,-1.0,101.2146,17017.8,90228.0,85.42,97.9467
2022-01-19,0.08,4.0,282.39,-1.0,101.2146,17017.8,90228.0,86.84,97.9467
2022-01-20,0.08,4.0,282.39,-1.0,101.2146,17017.8,90228.0,86.29,97.9467
2022-01-21,0.08,4.0,282.39,-1.0,101.2146,17017.8,90228.0,85.16,97.9467
2022-01-22,0.08,4.0,282.39,-1.0,101.2146,17017.8,90228.0,85.16,97.9467
2022-01-23,0.08,4.0,282.39,-1.0,101.2146,17017.8,90228.0,85.16,97.9467
2022-01-24,0.08,4.0,282.39,-1.0,101.2146,17017.8,90228.0,84.48,97.9467
2022-01-25,0.08,4.0,282.39,-1.0,101.2146,17017.8,90228.0,86.61,97.9467
2022-01-26,0.08,4.0,282.39,-1.0,101.2146,17017.8,90228.0,88.33,97.9467
2022-01-27,0.08,4.0,282.39,-1.0,101.2146,17017.8,90228.0,87.61,97.9467
2022-01-28,0.08,4.0,282.39,-1.0,101.2146,17017.8,90228.0,87.67,97.9467
2022-01-29,0.08,4.0,282.39,-1.0,101.2146,17017.8,90228.0,87.67,97.9467
2022-01-30,0.08,4.0,282.39,-1.0,101.2146,17017.8,90228.0,87.67,97.9467
2022-01-31,0.08,4.0,282.39,-1.0,101.2146,17017.8,90228.0,89.16,97.9467
2022-02-01,0.08,3.8,284.535,-1.0,101.8458,17136.1,84445.0,88.22,94.4255
2022-02-02,0.08,3.8,284.535,-1.0,101.8458,17136.1,84445.0,88.16,94.4255
2022-02-03,0.08,3.8,284.535,-1.0,101.8458,17136.1,84445.0,90.17,94.4255
2022-02-04,0.08,3.8,284.535,-1.0,101.8458,17136.1,84445.0,92.27,94.4255
2022-02-05,0.08,3.8,284.535,-1.0,101.8458,17136.1,84445.0,92.27,94.4255
2022-02-06,0.08,3.8,284.535,-1.0,101.8458,17136.1,84445.0,92.27,94.4255
2022-02-07,0.08,3.8,284.535,-1.0,101.8458,17136.1,84445.0,91.25,94.4255
2022-02-08,0.08,3.8,284.535,-1.0,101.8458,17136.1,84445.0,89.32,94.4255
2022-02-09,0.08,3.8,284.535,-1.0,101.8458,17136.1,84445.0,89.57,94.4255
2022-02-10,0.08,3.8,284.535,-1.0,101.8458,17136.1,84445.0,89.83,94.4255
2022-02-11,0.08,3.8,284.535,-1.0,101.8458,17136.1,84445.0,93.1,94.4255
2022-02-12,0.08,3.8,284.535,-1.0,101.8458,17136.1,84445.0,93.1,94.4255
2022-02-13,0.08,3.8,284.535,-1.0,101.8458,17136.1,84445.0,93.1,94.4255
2022-02-14,0.08,3.8,284.535,-1.0,101.8458,17136.1,84445.0,95.52,94.4255
2022-02-15,0.08,3.8,284.535,-1.0,101.8458,17136.1,84445.0,92.07,94.4255
2022-02-16,0.08,3.8,284.535,-1.0,101.8458,17136.1,84445.0,93.83,94.4255
2022-02-17,0.08,3.8,284.535,-1.0,101.8458,17136.1,84445.0,91.78,94.4255
2022-02-18,0.08,3.8,284.535,-1.0,101.8458,17136.1,84445.0,91.26,94.4255
2022-02-19,0.08,3.8,284.535,-1.0,101.8458,17136.1,84445.0,91.26,94.4255
2022-02-20,0.08,3.8,284.535,-1.0,101.8458,17136.1,84445.0,91.26,94.4255
2022-02-21,0.08,3.8,284.535,-1.0,101.8458,17136.1,84445.0,91.26,94.4255
2022-02-22,0.08,3.8,284.535,-1.0,101.8458,17136.1,84445.0,92.11,94.4255
2022-02-23,0.08,3.8,284.535,-1.0,101.8458,17136.1,84445.0,92.14,94.4255
2022-02-24,0.08,3.8,284.535,-1.0,101.8458,17136.1,84445.0,92.77,94.4255
2022-02-25,0.08,3.8,284.535,-1.0,101.8458,17136.1,84445.0,91.68,94.4255
2022-02-26,0.08,3.8,284.535,-1.0,101.8458,17136.1,84445.0,91.68,94.4255
2022-02-27,0.08,3.8,284.535,-1.0,101.8458,17136.1,84445.0,91.68,94.4255
2022-02-28,0.08,3.8,284.535,-1.0,101.8458,17136.1,84445.0,96.13,94.4255
2022-03-01,0.08,3.6,287.553,-1.0,102.6732,17371.4,81335.0,103.66,101.3241
2022-03-02,0.08,3.6,287.553,-1.0,102.6732,17371.4,81335.0,110.74,101.3241
2022-03-03,0.08,3.6,287.553,-1.0,102.6732,17371.4,81335.0,107.69,101.3241
2022-03-04,0.08,3.6,287.553,-1.0,102.6732,17371.4,81335.0,115.77,101.3241
2022-03-05,0.08,3.6,287.553,-1.0,102.6732,17371.4,81335.0,115.77,101.3241
2022-03-06,0.08,3.6,287.553,-1.0,102.6732,17371.4,81335.0,115.77,101.3241
2022-03-07,0.08,3.6,287.553,-1.0,102.6732,17371.4,81335.0,119.26,101.3241
2022-03-08,0.08,3.6,287.553,-1.0,102.6732,17371.4,81335.0,123.64,101.3241
2022-03-09,0.08,3.6,287.553,-1.0,102.6732,17371.4,81335.0,108.81,101.3241
2022-03-10,0.08,3.6,287.553,-1.0,102.6732,17371.4,81335.0,105.93,101.3241
2022-03-11,0.08,3.6,287.553,-1.0,102.6732,17371.4,81335.0,109.31,101.3241
2022-03-12,0.08,3.6,287.553,-1.0,102.6732,17371.4,81335.0,109.31,101.3241
2022-03-13,0.08,3.6,287.553,-1.0,102.6732,17371.4,81335.0,109.31,101.3241
2022-03-14,0.08,3.6,287.553,-1.0,102.6732,17371.4,81335.0,103.22,101.3241
2022-03-15,0.08,3.6,287.553,-1.0,102.6732,17371.4,81335.0,96.42,101.3241
2022-03-16,0.08,3.6,287.553,-1.0,102.6732,17371.4,81335.0,94.85,101.3241
2022-03-17,0.33,3.6,287.553,-1.0,102.6732,17371.4,81335.0,102.97,101.3241
2022-03-18,0.33,3.6,287.553,-1.0,102.6732,17371.4,81335.0,104.69,101.3241
2022-03-19,0.33,3.6,287.553,-1.0,102.6732,17371.4,81335.0,104.69,101.3241
2022-03-20,0.33,3.6,287.553,-1.0,102.6732,17371.4,81335.0,104.69,101.3241
2022-03-21,0.33,3.6,287.553,-1.0,102.6732,17371.4,81335.0,112.14,101.3241
2022-03-22,0.33,3.6,287.553,-1.0,102.6732,17371.4,81335.0,111.03,101.3241
2022-03-23,0.33,3.6,287.553,-1.0,102.6732,17371.4,81335.0,114.89,101.3241
2022-03-24,0.33,3.6,287.553,-1.0,102.6732,17371.4,81335.0,114.2,101.3241
2022-03-25,0.33,3.6,287.553,-1.0,102.6732,17371.4,81335.0,116.2,101.3241
2022-03-26,0.33,3.6,287.553,-1.0,102.6732,17371.4,81335.0,116.2,101.3241
2022-03-27,0.33,3.6,287.553,-1.0,102.6732,17371.4,81335.0,116.2,101.3241
2022-03-28,0.33,3.6,287.553,-1.0,102.6732,17371.4,81335.0,107.55,101.3241
2022-03-29,0.33,3.6,287.553,-1.0,102.6732,17371.4,81335.0,104.25,101.3241
2022-03-30,0.33,3.6,287.553,-1.0,102.6732,17371.4,81335.0,107.81,101.3241
2022-03-31,0.33,3.6,287.553,-1.0,102.6732,17371.4,81335.0,100.53,101.3241
2022-04-01,0.33,3.7,288.764,0.3,102.9024,17493.8,84325.0,99.32,101.6496
2022-04-02,0.33,3.7,288.764,0.3,102.9024,17493.8,84325.0,99.32,101.6496
2022-04-03,0.33,3.7,288.764,0.3,102.9024,17493.8,84325.0,99.32,101.6496
2022-04-04,0.33,3.7,288.764,0.3,102.9024,17493.8,84325.0,103.29,101.6496
2022-04-05,0.33,3.7,288.764,0.3,102.9024,17493.8,84325.0,101.98,101.6496
2022-04-06,0.33,3.7,288.764,0.3,102.9024,17493.8,84325.0,96.39,101.6496
2022-04-07,0.33,3.7,288.764,0.3,102.9024,17493.8,84325.0,96.05,101.6496
2022-04-08,0.33,3.7,288.764,0.3,102.9024,17493.8,84325.0,98.35,101.6496
2022-04-09,0.33,3.7,288.764,0.3,102.9024,17493.8,84325.0,98.35,101.6496
2022-04-10,0.33,3.7,288.764,0.3,102.9024,17493.8,84325.0,98.35,101.6496
2022-04-11,0.33,3.7,288.764,0.3,102.9024,17493.8,84325.0,94.22,101.6496
2022-04-12,0.33,3.7,288.764,0.3,102.9024,17493.8,84325.0,100.52,101.6496
2022-04-13,0.33,3.7,288.764,0.3,102.9024,17493.8,84325.0,104.26,101.6496
2022-04-14,0.33,3.7,288.764,0.3,102.9024,17493.8,84325.0,106.84,101.6496
2022-04-15,0.33,3.7,288.764,0.3,102.9024,17493.8,84325.0,106.84,101.6496
2022-04-16,0.33,3.7,288.764,0.3,102.9024,17493.8,84325.0,106.84,101.6496
2022-04-17,0.33,3.7,288.764,0.3,102.9024,17493.8,84325.0,106.84,101.6496
2022-04-18,0.33,3.7,288.764,0.3,102.9024,17493.8,84325.0,108.24,101.6496
2022-04-19,0.33,3.7,288.764,0.3,102.9024,17493.8,84325.0,102.54,101.6496
2022-04-20,0.33,3.7,288.764,0.3,102.9024,17493.8,84325.0,102.56,101.6496
2022-04-21,0.33,3.7,288.764,0.3,102.9024,17493.8,84325.0,103.89,101.6496
2022-04-22,0.33,3.7,288.764,0.3,102.9024,17493.8,84325.0,102.86,101.6496
2022-04-23,0.33,3.7,288.764,0.3,102.9024,17493.8,84325.0,102.86,101.6496
2022-04-24,0.33,3.7,288.764,0.3,102.9024,17493.8,84325.0,102.86,101.6496
2022-04-25,0.33,3.7,288.764,0.3,102.9024,17493.8,84325.0,99.6,101.6496
2022-04-26,0.33,3.7,288.764,0.3,102.9024,17493.8,84325.0,102.62,101.6496
2022-04-27,0.33,3.7,288.764,0.3,102.9024,17493.8,84325.0,101.96,101.6496
2022-04-28,0.33,3.7,288.764,0.3,102.9024,17493.8,84325.0,105.47,101.6496
2022-04-29,0.33,3.7,288.764,0.3,102.9024,17493.8,84325.0,104.59,101.6496
2022-04-30,0.33,3.7,288.764,0.3,102.9024,17493.8,84325.0,104.59,101.6496
2022-05-01,0.33,3.6,291.359,0.3,102.9659,17569.9,81384.0,104.59,100.6122
2022-05-02,0.33,3.6,291.359,0.3,102.9659,17569.9,81384.0,105.18,100.6122
2022-05-03,0.33,3.6,291.359,0.3,102.9659,17569.9,81384.0,102.53,100.6122
2022-05-04,0.33,3.6,291.359,0.3,102.9659,17569.9,81384.0,107.84,100.6122
2022-05-05,0.83,3.6,291.359,0.3,102.9659,17569.9,81384.0,108.17,100.6122
2022-05-06,0.83,3.6,291.359,0.3,102.9659,17569.9,81384.0,109.72,100.6122
2022-05-07,0.83,3.6,291.359,0.3,102.9659,17569.9,81384.0,109.72,100.6122
2022-05-08,0.83,3.6,291.359,0.3,102.9659,17569.9,81384.0,109.72,100.6122
2022-05-09,0.83,3.6,291.359,0.3,102.9659,17569.9,81384.0,103.08,100.6122
2022-05-10,0.83,3.6,291.359,0.3,102.9659,17569.9,81384.0,99.74,100.6122
2022-05-11,0.83,3.6,291.359,0.3,102.9659,17569.9,81384.0,105.5,100.6122
2022-05-12,0.83,3.6,291.359,0.3,102.9659,17569.9,81384.0,106.15,100.6122
2022-05-13,0.83,3.6,291.359,0.3,102.9659,17569.9,81384.0,110.52,100.6122
2022-05-14,0.83,3.6,291.359,0.3,102.9659,17569.9,81384.0,110.52,100.6122
2022-05-15,0.83,3.6,291.359,0.3,102.9659,17569.9,81384.0,110.52,100.6122
2022-05-16,0.83,3.6,291.359,0.3,102.9659,17569.9,81384.0,114.07,100.6122
2022-05-17,0.83,3.6,291.359,0.3,102.9659,17569.9,81384.0,112.31,100.6122
2022-05-18,0.83,3.6,291.359,0.3,102.9659,17569.9,81384.0,109.67,100.6122
2022-05-19,0.83,3.6,291.359,0.3,102.9659,17569.9,81384.0,112.21,100.6122
2022-05-20,0.83,3.6,291.359,0.3,102.9659,17569.9,81384.0,112.63,100.6122
2022-05-21,0.83,3.6,291.359,0.3,102.9659,17569.9,81384.0,112.63,100.6122
2022-05-22,0.83,3.6,291.359,0.3,102.9659,17569.9,81384.0,112.63,100.6122
2022-05-23,0.83,3.6,291.359,0.3,102.9659,17569.9,81384.0,110.32,100.6122
2022-05-24,0.83,3.6,291.359,0.3,102.9659,17569.9,81384.0,112.55,100.6122
2022-05-25,0.83,3.6,291.359,0.3,102.9659,17569.9,81384.0,112.88,100.6122
2022-05-26,0.83,3.6,291.359,0.3,102.9659,17569.9,81384.0,116.19,100.6122
2022-05-27,0.83,3.6,291.359,0.3,102.9659,17569.9,81384.0,114.96,100.6122
2022-05-28,0.83,3.6,291.359,0.3,102.9659,17569.9,81384.0,114.96,100.6122
2022-05-29,0.83,3.6,291.359,0.3,102.9659,17569.9,81384.0,114.96,100.6122
2022-05-30,0.83,3.6,291.359,0.3,102.9659,17569.9,81384.0,114.96,100.6122
2022-05-31,0.83,3.6,291.359,0.3,102.9659,17569.9,81384.0,114.38,100.6122
2022-06-01,0.83,3.6,294.996,0.3,102.8224,17747.6,77728.0,115.26,100.5907
2022-06-02,0.83,3.6,294.996,0.3,102.8224,17747.6,77728.0,116.88,100.5907
2022-06-03,0.83,3.6,294.996,0.3,102.8224,17747.6,77728.0,118.97,100.5907
2022-06-04,0.83,3.6,294.996,0.3,102.8224,17747.6,77728.0,118.97,100.5907
2022-06-05,0.83,3.6,294.996,0.3,102.8224,17747.6,77728.0,118.97,100.5907
2022-06-06,0.83,3.6,294.996,0.3,102.8224,17747.6,77728.0,118.41,100.5907
2022-06-07,0.83,3.6,294.996,0.3,102.8224,17747.6,77728.0,119.55,100.5907
2022-06-08,0.83,3.6,294.996,0.3,102.8224,17747.6,77728.0,121.94,100.5907
2022-06-09,0.83,3.6,294.996,0.3,102.8224,17747.6,77728.0,121.52,100.5907
2022-06-10,0.83,3.6,294.996,0.3,102.8224,17747.6,77728.0,120.73,100.5907
2022-06-11,0.83,3.6,294.996,0.3,102.8224,17747.6,77728.0,120.73,100.5907
2022-06-12,0.83,3.6,294.996,0.3,102.8224,17747.6,77728.0,120.73,100.5907
2022-06-13,0.83,3.6,294.996,0.3,102.8224,17747.6,77728.0,120.92,100.5907
2022-06-14,0.83,3.6,294.996,0.3,102.8224,17747.6,77728.0,118.92,100.5907
2022-06-15,0.83,3.6,294.996,0.3,102.8224,17747.6,77728.0,115.32,100.5907
2022-06-16,1.58,3.6,294.996,0.3,102.8224,17747.6,77728.0,117.56,100.5907
2022-06-17,1.58,3.6,294.996,0.3,102.8224,17747.6,77728.0,109.56,100.5907
2022-06-18,1.58,3.6,294.996,0.3,102.8224,17747.6,77728.0,109.56,100.5907
2022-06-19,1.58,3.6,294.996,0.3,102.8224,17747.6,77728.0,109.56,100.5907
2022-06-20,1.58,3.6,294.996,0.3,102.8224,17747.6,77728.0,109.56,100.5907
2022-06-21,1.58,3.6,294.996,0.3,102.8224,17747.6,77728.0,110.49,100.5907
2022-06-22,1.58,3.6,294.996,0.3,102.8224,17747.6,77728.0,106.22,100.5907
2022-06-23,1.58,3.6,294.996,0.3,102.8224,17747.6,77728.0,105.75,100.5907
2022-06-24,1.58,3.6,294.996,0.3,102.8224,17747.6,77728.0,109.07,100.5907
2022-06-25,1.58,3.6,294.996,0.3,102.8224,17747.6,77728.0,109.07,100.5907
2022-06-26,1.58,3.6,294.996,0.3,102.8224,17747.6,77728.0,109.07,100.5907
2022-06-27,1.58,3.6,294.996,0.3,102.8224,17747.6,77728.0,111.44,100.5907
2022-06-28,1.58,3.6,294.996,0.3,102.8224,17747.6,77728.0,113.66,100.5907
2022-06-29,1.58,3.6,294.996,0.3,102.8224,17747.6,77728.0,111.65,100.5907
2022-06-30,1.58,3.6,294.996,0.3,102.8224,17747.6,77728.0,107.76,100.5907
2022-07-01,1.58,3.5,294.977,2.7,103.0505,17744.0,85320.0,110.3,102.0768
2022-07-02,1.58,3.5,294.977,2.7,103.0505,17744.0,85320.0,110.3,102.0768
2022-07-03,1.58,3.5,294.977,2.7,103.0505,17744.0,85320.0,110.3,102.0768
2022-07-04,1.58,3.5,294.977,2.7,103.0505,17744.0,85320.0,110.3,102.0768
2022-07-05,1.58,3.5,294.977,2.7,103.0505,17744.0,85320.0,101.55,102.0768
2022-07-06,1.58,3.5,294.977,2.7,103.0505,17744.0,85320.0,100.31,102.0768
2022-07-07,1.58,3.5,294.977,2.7,103.0505,17744.0,85320.0,104.62,102.0768
2022-07-08,1.58,3.5,294.977,2.7,103.0505,17744.0,85320.0,106.78,102.0768
2022-07-09,1.58,3.5,294.977,2.7,103.0505,17744.0,85320.0,106.78,102.0768
2022-07-10,1.58,3.5,294.977,2.7,103.0505,17744.0,85320.0,106.78,102.0768
2022-07-11,1.58,3.5,294.977,2.7,103.0505,17744.0,85320.0,106.09,102.0768
2022-07-12,1.58,3.5,294.977,2.7,103.0505,17744.0,85320.0,97.69,102.0768
2022-07-13,1.58,3.5,294.977,2.7,103.0505,17744.0,85320.0,98.44,102.0768
2022-07-14,1.58,3.5,294.977,2.7,103.0505,17744.0,85320.0,97.79,102.0768
2022-07-15,1.58,3.5,294.977,2.7,103.0505,17744.0,85320.0,99.59,102.0768
2022-07-16,1.58,3.5,294.977,2.7,103.0505,17744.0,85320.0,99.59,102.0768
2022-07-17,1.58,3.5,294.977,2.7,103.0505,17744.0,85320.0,99.59,102.0768
2022-07-18,1.58,3.5,294.977,2.7,103.0505,17744.0,85320.0,104.48,102.0768
2022-07-19,1.58,3.5,294.977,2.7,103.0505,17744.0,85320.0,106.12,102.0768
2022-07-20,1.58,3.5,294.977,2.7,103.0505,17744.0,85320.0,104.45,102.0768
2022-07-21,1.58,3.5,294.977,2.7,103.0505,17744.0,85320.0,98.44,102.0768
2022-07-22,1.58,3.5,294.977,2.7,103.0505,17744.0,85320.0,97.71,102.0768
2022-07-23,1.58,3.5,294.977,2.7,103.0505,17744.0,85320.0,97.71,102.0768
2022-07-24,1.58,3.5,294.977,2.7,103.0505,17744.0,85320.0,97.71,102.0768
2022-07-25,1.58,3.5,294.977,2.7,103.0505,17744.0,85320.0,99.83,102.0768
2022-07-26,1.58,3.5,294.977,2.7,103.0505,17744.0,85320.0,97.74,102.0768
2022-07-27,1.58,3.5,294.977,2.7,103.0505,17744.0,85320.0,100.03,102.0768
2022-07-28,2.33,3.5,294.977,2.7,103.0505,17744.0,85320.0,99.11,102.0768
2022-07-29,2.32,3.5,294.977,2.7,103.0505,17744.0,85320.0,101.31,102.0768
2022-07-30,2.32,3.5,294.977,2.7,103.0505,17744.0,85320.0,101.31,102.0768
2022-07-31,2.32,3.5,294.977,2.7,103.0505,17744.0,85320.0,101.31,102.0768
2022-08-01,2.33,3.6,295.209,2.7,103.1703,17897.5,84064.0,96.59,102.9376
2022-08-02,2.33,3.6,295.209,2.7,103.1703,17897.5,84064.0,97.14,102.9376
2022-08-03,2.33,3.6,295.209,2.7,103.1703,17897.5,84064.0,93.25,102.9376
2022-08-04,2.33,3.6,295.209,2.7,103.1703,17897.5,84064.0,91.29,102.9376
2022-08-05,2.33,3.6,295.209,2.7,103.1703,17897.5,84064.0,91.77,102.9376
2022-08-06,2.33,3.6,295.209,2.7,103.1703,17897.5,84064.0,91.77,102.9376
2022-08-07,2.33,3.6,295.209,2.7,103.1703,17897.5,84064.0,91.77,102.9376
2022-08-08,2.33,3.6,295.209,2.7,103.1703,17897.5,84064.0,93.52,102.9376
2022-08-09,2.33,3.6,295.209,2.7,103.1703,17897.5,84064.0,93.18,102.9376
2022-08-10,2.33,3.6,295.209,2.7,103.1703,17897.5,84064.0,94.68,102.9376
2022-08-11,2.33,3.6,295.209,2.7,103.1703,17897.5,84064.0,97.02,102.9376
2022-08-12,2.33,3.6,295.209,2.7,103.1703,17897.5,84064.0,94.86,102.9376
2022-08-13,2.33,3.6,295.209,2.7,103.1703,17897.5,84064.0,94.86,102.9376
2022-08-14,2.33,3.6,295.209,2.7,103.1703,17897.5,84064.0,94.86,102.9376
2022-08-15,2.33,3.6,295.209,2.7,103.1703,17897.5,84064.0,92.24,102.9376
2022-08-16,2.33,3.6,295.209,2.7,103.1703,17897.5,84064.0,89.23,102.9376
2022-08-17,2.33,3.6,295.209,2.7,103.1703,17897.5,84064.0,90.85,102.9376
2022-08-18,2.33,3.6,295.209,2.7,103.1703,17897.5,84064.0,93.2,102.9376
2022-08-19,2.33,3.6,295.209,2.7,103.1703,17897.5,84064.0,93.55,102.9376
2022-08-20,2.33,3.6,295.209,2.7,103.1703,17897.5,84064.0,93.55,102.9376
2022-08-21,2.33,3.6,295.209,2.7,103.1703,17897.5,84064.0,93.55,102.9376
2022-08-22,2.33,3.6,295.209,2.7,103.1703,17897.5,84064.0,93.42,102.9376
2022-08-23,2.33,3.6,295.209,2.7,103.1703,17897.5,84064.0,96.46,102.9376
2022-08-24,2.33,3.6,295.209,2.7,103.1703,17897.5,84064.0,95.52,102.9376
2022-08-25,2.33,3.6,295.209,2.7,103.1703,17897.5,84064.0,93.33,102.9376
2022-08-26,2.33,3.6,295.209,2.7,103.1703,17897.5,84064.0,93.63,102.9376
2022-08-27,2.33,3.6,295.209,2.7,103.1703,17897.5,84064.0,93.63,102.9376
2022-08-28,2.33,3.6,295.209,2.7,103.1703,17897.5,84064.0,93.63,102.9376
2022-08-29,2.33,3.6,295.209,2.7,103.1703,17897.5,84064.0,97.4,102.9376
2022-08-30,2.33,3.6,295.209,2.7,103.1703,17897.5,84064.0,92.08,102.9376
2022-08-31,2.33,3.6,295.209,2.7,103.1703,17897.5,84064.0,90.09,102.9376
2022-09-01,2.33,3.5,296.341,2.7,103.5326,17987.2,81233.0,87.09,103.1393
2022-09-02,2.33,3.5,296.341,2.7,103.5326,17987.2,81233.0,87.29,103.1393
2022-09-03,2.33,3.5,296.341,2.7,103.5326,17987.2,81233.0,87.29,103.1393
2022-09-04,2.33,3.5,296.341,2.7,103.5326,17987.2,81233.0,87.29,103.1393
2022-09-05,2.33,3.5,296.341,2.7,103.5326,17987.2,81233.0,87.29,103.1393
2022-09-06,2.33,3.5,296.341,2.7,103.5326,17987.2,81233.0,87.35,103.1393
2022-09-07,2.33,3.5,296.341,2.7,103.5326,17987.2,81233.0,82.5,103.1393
2022-09-08,2.33,3.5,296.341,2.7,103.5326,17987.2,81233.0,84.04,103.1393
2022-09-09,2.33,3.5,296.341,2.7,103.5326,17987.2,81233.0,87.27,103.1393
2022-09-10,2.33,3.5,296.341,2.7,103.5326,17987.2,81233.0,87.27,103.1393
2022-09-11,2.33,3.5,296.341,2.7,103.5326,17987.2,81233.0,87.27,103.1393
2022-09-12,2.33,3.5,296.341,2.7,103.5326,17987.2,81233.0,88.18,103.1393
2022-09-13,2.33,3.5,296.341,2.7,103.5326,17987.2,81233.0,87.84,103.1393
2022-09-14,2.33,3.5,296.341,2.7,103.5326,17987.2,81233.0,88.88,103.1393
2022-09-15,2.33,3.5,296.341,2.7,103.5326,17987.2,81233.0,85.72,103.1393
2022-09-16,2.33,3.5,296.341,2.7,103.5326,17987.2,81233.0,85.57,103.1393
2022-09-17,2.33,3.5,296.341,2.7,103.5326,17987.2,81233.0,85.57,103.1393
2022-09-18,2.33,3.5,296.341,2.7,103.5326,17987.2,81233.0,85.57,103.1393
2022-09-19,2.33,3.5,296.341,2.7,103.5326,17987.2,81233.0,86.15,103.1393
2022-09-20,2.33,3.5,296.341,2.7,103.5326,17987.2,81233.0,84.69,103.1393
2022-09-21,2.33,3.5,296.341,2.7,103.5326,17987.2,81233.0,83.38,103.1393
2022-09-22,3.08,3.5,296.341,2.7,103.5326,17987.2,81233.0,84.02,103.1393
2022-09-23,3.08,3.5,296.341,2.7,103.5326,17987.2,81233.0,79.07,103.1393
2022-09-24,3.08,3.5,296.341,2.7,103.5326,17987.2,81233.0,79.07,103.1393
2022-09-25,3.08,3.5,296.341,2.7,103.5326,17987.2,81233.0,79.07,103.1393
2022-09-26,3.08,3.5,296.341,2.7,103.5326,17987.2,81233.0,77.17,103.1393
2022-09-27,3.08,3.5,296.341,2.7,103.5326,17987.2,81233.0,78.91,103.1393
2022-09-28,3.08,3.5,296.341,2.7,103.5326,17987.2,81233.0,82.61,103.1393
2022-09-29,3.08,3.5,296.341,2.7,103.5326,17987.2,81233.0,81.78,103.1393
2022-09-30,3.08,3.5,296.341,2.7,103.5326,17987.2,81233.0,79.91,103.1393
2022-10-01,3.08,3.6,297.863,3.4,103.4442,18096.2,88213.0,79.91,105.0235
2022-10-02,3.08,3.6,297.863,3.4,103.4442,18096.2,88213.0,79.91,105.0235
2022-10-03,3.08,3.6,297.863,3.4,103.4442,18096.2,88213.0,84.05,105.0235
2022-10-04,3.08,3.6,297.863,3.4,103.4442,18096.2,88213.0,86.87,105.0235
2022-10-05,3.08,3.6,297.863,3.4,103.4442,18096.2,88213.0,88.22,105.0235
2022-10-06,3.08,3.6,297.863,3.4,103.4442,18096.2,88213.0,88.9,105.0235
2022-10-07,3.08,3.6,297.863,3.4,103.4442,18096.2,88213.0,93.07,105.0235
2022-10-08,3.08,3.6,297.863,3.4,103.4442,18096.2,88213.0,93.07,105.0235
2022-10-09,3.08,3.6,297.863,3.4,103.4442,18096.2,88213.0,93.07,105.0235
2022-10-10,3.08,3.6,297.863,3.4,103.4442,18096.2,88213.0,91.6,105.0235
2022-10-11,3.08,3.6,297.863,3.4,103.4442,18096.2,88213.0,89.75,105.0235
2022-10-12,3.08,3.6,297.863,3.4,103.4442,18096.2,88213.0,87.83,105.0235
2022-10-13,3.08,3.6,297.863,3.4,103.4442,18096.2,88213.0,89.59,105.0235
2022-10-14,3.08,3.6,297.863,3.4,103.4442,18096.2,88213.0,86.1,105.0235
2022-10-15,3.08,3.6,297.863,3.4,103.4442,18096.2,88213.0,86.1,105.0235
2022-10-16,3.08,3.6,297.863,3.4,103.4442,18096.2,88213.0,86.1,105.0235
2022-10-17,3.08,3.6,297.863,3.4,103.4442,18096.2,88213.0,86.0,105.0235
2022-10-18,3.08,3.6,297.863,3.4,103.4442,18096.2,88213.0,83.29,105.0235
2022-10-19,3.08,3.6,297.863,3.4,103.4442,18096.2,88213.0,86.0,105.0235
2022-10-20,3.08,3.6,297.863,3.4,103.4442,18096.2,88213.0,86.02,105.0235
2022-10-21,3.08,3.6,297.863,3.4,103.4442,18096.2,88213.0,85.47,105.0235
2022-10-22,3.08,3.6,297.863,3.4,103.4442,18096.2,88213.0,85.47,105.0235
2022-10-23,3.08,3.6,297.863,3.4,103.4442,18096.2,88213.0,85.47,105.0235
2022-10-24,3.08,3.6,297.863,3.4,103.4442,18096.2,88213.0,86.12,105.0235
2022-10-25,3.08,3.6,297.863,3.4,103.4442,18096.2,88213.0,86.93,105.0235
2022-10-26,3.08,3.6,297.863,3.4,103.4442,18096.2,88213.0,89.39,105.0235
2022-10-27,3.08,3.6,297.863,3.4,103.4442,18096.2,88213.0,89.06,105.0235
2022-10-28,3.08,3.6,297.863,3.4,103.4442,18096.2,88213.0,87.85,105.0235
2022-10-29,3.08,3.6,297.863,3.4,103.4442,18096.2,88213.0,87.85,105.0235
2022-10-30,3.08,3.6,297.863,3.4,103.4442,18096.2,88213.0,87.85,105.0235
2022-10-31,3.08,3.6,297.863,3.4,103.4442,18096.2,88213.0,86.54,105.0235
2022-11-01,3.08,3.6,298.648,3.4,103.1058,18094.0,81129.0,88.36,102.5644
2022-11-02,3.08,3.6,298.648,3.4,103.1058,18094.0,81129.0,90.06,102.5644
2022-11-03,3.83,3.6,298.648,3.4,103.1058,18094.0,81129.0,88.14,102.5644
2022-11-04,3.83,3.6,298.648,3.4,103.1058,18094.0,81129.0,92.58,102.5644
2022-11-05,3.83,3.6,298.648,3.4,103.1058,18094.0,81129.0,92.58,102.5644
2022-11-06,3.83,3.6,298.648,3.4,103.1058,18094.0,81129.0,92.58,102.5644
2022-11-07,3.83,3.6,298.648,3.4,103.1058,18094.0,81129.0,91.8,102.5644
2022-11-08,3.83,3.6,298.648,3.4,103.1058,18094.0,81129.0,88.8,102.5644
2022-11-09,3.83,3.6,298.648,3.4,103.1058,18094.0,81129.0,85.79,102.5644
2022-11-10,3.83,3.6,298.648,3.4,103.1058,18094.0,81129.0,86.52,102.5644
2022-11-11,3.83,3.6,298.648,3.4,103.1058,18094.0,81129.0,89.14,102.5644
2022-11-12,3.83,3.6,298.648,3.4,103.1058,18094.0,81129.0,89.14,102.5644
2022-11-13,3.83,3.6,298.648,3.4,103.1058,18094.0,81129.0,89.14,102.5644
2022-11-14,3.83,3.6,298.648,3.4,103.1058,18094.0,81129.0,85.85,102.5644
2022-11-15,3.83,3.6,298.648,3.4,103.1058,18094.0,81129.0,86.87,102.5644
2022-11-16,3.83,3.6,298.648,3.4,103.1058,18094.0,81129.0,85.62,102.5644
2022-11-17,3.83,3.6,298.648,3.4,103.1058,18094.0,81129.0,81.69,102.5644
2022-11-18,3.83,3.6,298.648,3.4,103.1058,18094.0,81129.0,80.07,102.5644
2022-11-19,3.83,3.6,298.648,3.4,103.1058,18094.0,81129.0,80.07,102.5644
2022-11-20,3.83,3.6,298.648,3.4,103.1058,18094.0,81129.0,80.07,102.5644
2022-11-21,3.83,3.6,298.648,3.4,103.1058,18094.0,81129.0,79.74,102.5644
2022-11-22,3.83,3.6,298.648,3.4,103.1058,18094.0,81129.0,80.83,102.5644
2022-11-23,3.83,3.6,298.648,3.4,103.1058,18094.0,81129.0,77.93,102.5644
2022-11-24,3.83,3.6,298.648,3.4,103.1058,18094.0,81129.0,77.93,102.5644
2022-11-25,3.83,3.6,298.648,3.4,103.1058,18094.0,81129.0,76.45,102.5644
2022-11-26,3.83,3.6,298.648,3.4,103.1058,18094.0,81129.0,76.45,102.5644
2022-11-27,3.83,3.6,298.648,3.4,103.1058,18094.0,81129.0,76.45,102.5644
2022-11-28,3.83,3.6,298.648,3.4,103.1058,18094.0,81129.0,77.1,102.5644
2022-11-29,3.83,3.6,298.648,3.4,103.1058,18094.0,81129.0,77.96,102.5644
2022-11-30,3.83,3.6,298.648,3.4,103.1058,18094.0,81129.0,80.48,102.5644
2022-12-01,3.83,3.5,298.812,3.4,101.8266,18134.6,84472.0,81.06,101.9627
2022-12-02,3.83,3.5,298.812,3.4,101.8266,18134.6,84472.0,79.86,101.9627
2022-12-03,3.83,3.5,298.812,3.4,101.8266,18134.6,84472.0,79.86,101.9627
2022-12-04,3.83,3.5,298.812,3.4,101.8266,18134.6,84472.0,79.86,101.9627
2022-12-05,3.83,3.5,298.812,3.4,101.8266,18134.6,84472.0,76.83,101.9627
2022-12-06,3.83,3.5,298.812,3.4,101.8266,18134.6,84472.0,74.21,101.9627
2022-12-07,3.83,3.5,298.812,3.4,101.8266,18134.6,84472.0,71.93,101.9627
2022-12-08,3.83,3.5,298.812,3.4,101.8266,18134.6,84472.0,71.3,101.9627
2022-12-09,3.83,3.5,298.812,3.4,101.8266,18134.6,84472.0,71.05,101.9627
2022-12-10,3.83,3.5,298.812,3.4,101.8266,18134.6,84472.0,71.05,101.9627
2022-12-11,3.83,3.5,298.812,3.4,101.8266,18134.6,84472.0,71.05,101.9627
2022-12-12,3.83,3.5,298.812,3.4,101.8266,18134.6,84472.0,72.96,101.9627
2022-12-13,3.83,3.5,298.812,3.4,101.8266,18134.6,84472.0,75.44,101.9627
2022-12-14,3.83,3.5,298.812,3.4,101.8266,18134.6,84472.0,77.14,101.9627
2022-12-15,4.33,3.5,298.812,3.4,101.8266,18134.6,84472.0,75.89,101.9627
2022-12-16,4.33,3.5,298.812,3.4,101.8266,18134.6,84472.0,74.19,101.9627
2022-12-17,4.33,3.5,298.812,3.4,101.8266,18134.6,84472.0,74.19,101.9627
2022-12-18,4.33,3.5,298.812,3.4,101.8266,18134.6,84472.0,74.19,101.9627
2022-12-19,4.33,3.5,298.812,3.4,101.8266,18134.6,84472.0,75.05,101.9627
2022-12-20,4.33,3.5,298.812,3.4,101.8266,18134.6,84472.0,75.92,101.9627
2022-12-21,4.33,3.5,298.812,3.4,101.8266,18134.6,84472.0,78.17,101.9627
2022-12-22,4.33,3.5,298.812,3.4,101.8266,18134.6,84472.0,77.68,101.9627
2022-12-23,4.33,3.5,298.812,3.4,101.8266,18134.6,84472.0,79.57,101.9627
2022-12-24,4.33,3.5,298.812,3.4,101.8266,18134.6,84472.0,79.57,101.9627
2022-12-25,4.33,3.5,298.812,3.4,101.8266,18134.6,84472.0,79.57,101.9627
2022-12-26,4.33,3.5,298.812,3.4,101.8266,18134.6,84472.0,79.57,101.9627
2022-12-27,4.33,3.5,298.812,3.4,101.8266,18134.6,84472.0,79.45,101.9627
2022-12-28,4.33,3.5,298.812,3.4,101.8266,18134.6,84472.0,78.89,101.9627
2022-12-29,4.33,3.5,298.812,3.4,101.8266,18134.6,84472.0,78.43,101.9627
2022-12-30,4.33,3.5,298.812,3.4,101.8266,18134.6,84472.0,80.16,101.9627
2022-12-31,4.33,3.5,298.812,3.4,101.8266,18134.6,84472.0,80.16,101.9627
2023-01-01,4.33,3.4,300.356,2.8,102.7476,18475.2,85910.0,80.16,103.338
2023-01-02,4.33,3.4,300.356,2.8,102.7476,18475.2,85910.0,80.16,103.338
2023-01-03,4.33,3.4,300.356,2.8,102.7476,18475.2,85910.0,76.87,103.338
2023-01-04,4.33,3.4,300.356,2.8,102.7476,18475.2,85910.0,72.82,103.338
2023-01-05,4.33,3.4,300.356,2.8,102.7476,18475.2,85910.0,73.61,103.338
2023-01-06,4.33,3.4,300.356,2.8,102.7476,18475.2,85910.0,73.77,103.338
2023-01-07,4.33,3.4,300.356,2.8,102.7476,18475.2,85910.0,73.77,103.338
2023-01-08,4.33,3.4,300.356,2.8,102.7476,18475.2,85910.0,73.77,103.338
2023-01-09,4.33,3.4,300.356,2.8,102.7476,18475.2,85910.0,74.69,103.338
2023-01-10,4.33,3.4,300.356,2.8,102.7476,18475.2,85910.0,75.11,103.338
2023-01-11,4.33,3.4,300.356,2.8,102.7476,18475.2,85910.0,77.46,103.338
2023-01-12,4.33,3.4,300.356,2.8,102.7476,18475.2,85910.0,78.32,103.338
2023-01-13,4.33,3.4,300.356,2.8,102.7476,18475.2,85910.0,79.9,103.338
2023-01-14,4.33,3.4,300.356,2.8,102.7476,18475.2,85910.0,79.9,103.338
2023-01-15,4.33,3.4,300.356,2.8,102.7476,18475.2,85910.0,79.9,103.338
2023-01-16,4.33,3.4,300.356,2.8,102.7476,18475.2,85910.0,79.9,103.338
2023-01-17,4.33,3.4,300.356,2.8,102.7476,18475.2,85910.0,80.25,103.338
2023-01-18,4.33,3.4,300.356,2.8,102.7476,18475.2,85910.0,79.53,103.338
2023-01-19,4.33,3.4,300.356,2.8,102.7476,18475.2,85910.0,80.31,103.338
2023-01-20,4.33,3.4,300.356,2.8,102.7476,18475.2,85910.0,81.27,103.338
2023-01-21,4.33,3.4,300.356,2.8,102.7476,18475.2,85910.0,81.27,103.338
2023-01-22,4.33,3.4,300.356,2.8,102.7476,18475.2,85910.0,81.27,103.338
2023-01-23,4.33,3.4,300.356,2.8,102.7476,18475.2,85910.0,81.62,103.338
2023-01-24,4.33,3.4,300.356,2.8,102.7476,18475.2,85910.0,79.86,103.338
2023-01-25,4.33,3.4,300.356,2.8,102.7476,18475.2,85910.0,79.78,103.338
2023-01-26,4.33,3.4,300.356,2.8,102.7476,18475.2,85910.0,80.64,103.338
2023-01-27,4.33,3.4,300.356,2.8,102.7476,18475.2,85910.0,79.73,103.338
2023-01-28,4.33,3.4,300.356,2.8,102.7476,18475.2,85910.0,79.73,103.338
2023-01-29,4.33,3.4,300.356,2.8,102.7476,18475.2,85910.0,79.73,103.338
2023-01-30,4.33,3.4,300.356,2.8,102.7476,18475.2,85910.0,77.97,103.338
2023-01-31,4.33,3.4,300.356,2.8,102.7476,18475.2,85910.0,78.95,103.338
2023-02-01,4.33,3.6,301.509,2.8,102.8003,18532.1,80327.0,76.34,103.7451
2023-02-02,4.58,3.6,301.509,2.8,102.8003,18532.1,80327.0,75.87,103.7451
2023-02-03,4.58,3.6,301.509,2.8,102.8003,18532.1,80327.0,73.4,103.7451
2023-02-04,4.58,3.6,301.509,2.8,102.8003,18532.1,80327.0,73.4,103.7451
2023-02-05,4.58,3.6,301.509,2.8,102.8003,18532.1,80327.0,73.4,103.7451
2023-02-06,4.58,3.6,301.509,2.8,102.8003,18532.1,80327.0,74.11,103.7451
2023-02-07,4.58,3.6,301.509,2.8,102.8003,18532.1,80327.0,77.17,103.7451
2023-02-08,4.58,3.6,301.509,2.8,102.8003,18532.1,80327.0,78.47,103.7451
2023-02-09,4.57,3.6,301.509,2.8,102.8003,18532.1,80327.0,78.04,103.7451
2023-02-10,4.58,3.6,301.509,2.8,102.8003,18532.1,80327.0,79.74,103.7451
2023-02-11,4.58,3.6,301.509,2.8,102.8003,18532.1,80327.0,79.74,103.7451
2023-02-12,4.58,3.6,301.509,2.8,102.8003,18532.1,80327.0,79.74,103.7451
2023-02-13,4.58,3.6,301.509,2.8,102.8003,18532.1,80327.0,80.14,103.7451
2023-02-14,4.58,3.6,301.509,2.8,102.8003,18532.1,80327.0,79.08,103.7451
2023-02-15,4.58,3.6,301.509,2.8,102.8003,18532.1,80327.0,78.57,103.7451
2023-02-16,4.58,3.6,301.509,2.8,102.8003,18532.1,80327.0,78.45,103.7451
2023-02-17,4.58,3.6,301.509,2.8,102.8003,18532.1,80327.0,76.31,103.7451
2023-02-18,4.58,3.6,301.509,2.8,102.8003,18532.1,80327.0,76.31,103.7451
2023-02-19,4.58,3.6,301.509,2.8,102.8003,18532.1,80327.0,76.31,103.7451
2023-02-20,4.58,3.6,301.509,2.8,102.8003,18532.1,80327.0,76.31,103.7451
2023-02-21,4.58,3.6,301.509,2.8,102.8003,18532.1,80327.0,76.28,103.7451
2023-02-22,4.58,3.6,301.509,2.8,102.8003,18532.1,80327.0,73.95,103.7451
2023-02-23,4.58,3.6,301.509,2.8,102.8003,18532.1,80327.0,75.26,103.7451
2023-02-24,4.58,3.6,301.509,2.8,102.8003,18532.1,80327.0,76.19,103.7451
2023-02-25,4.58,3.6,301.509,2.8,102.8003,18532.1,80327.0,76.19,103.7451
2023-02-26,4.58,3.6,301.509,2.8,102.8003,18532.1,80327.0,76.19,103.7451
2023-02-27,4.57,3.6,301.509,2.8,102.8003,18532.1,80327.0,75.57,103.7451
2023-02-28,4.57,3.6,301.509,2.8,102.8003,18532.1,80327.0,76.88,103.7451
2023-03-01,4.58,3.5,301.744,2.8,102.8143,18511.3,86009.0,77.57,102.1072
2023-03-02,4.57,3.5,301.744,2.8,102.8143,18511.3,86009.0,78.05,102.1072
2023-03-03,4.57,3.5,301.744,2.8,102.8143,18511.3,86009.0,79.62,102.1072
2023-03-04,4.57,3.5,301.744,2.8,102.8143,18511.3,86009.0,79.62,102.1072
2023-03-05,4.57,3.5,301.744,2.8,102.8143,18511.3,86009.0,79.62,102.1072
2023-03-06,4.57,3.5,301.744,2.8,102.8143,18511.3,86009.0,80.39,102.1072
2023-03-07,4.57,3.5,301.744,2.8,102.8143,18511.3,86009.0,77.45,102.1072
2023-03-08,4.57,3.5,301.744,2.8,102.8143,18511.3,86009.0,76.56,102.1072
2023-03-09,4.57,3.5,301.744,2.8,102.8143,18511.3,86009.0,75.6,102.1072
2023-03-10,4.57,3.5,301.744,2.8,102.8143,18511.3,86009.0,76.55,102.1072
2023-03-11,4.57,3.5,301.744,2.8,102.8143,18511.3,86009.0,76.55,102.1072
2023-03-12,4.57,3.5,301.744,2.8,102.8143,18511.3,86009.0,76.55,102.1072
2023-03-13,4.58,3.5,301.744,2.8,102.8143,18511.3,86009.0,74.68,102.1072
2023-03-14,4.58,3.5,301.744,2.8,102.8143,18511.3,86009.0,71.18,102.1072
2023-03-15,4.58,3.5,301.744,2.8,102.8143,18511.3,86009.0,67.38,102.1072
2023-03-16,4.58,3.5,301.744,2.8,102.8143,18511.3,86009.0,68.15,102.1072
2023-03-17,4.58,3.5,301.744,2.8,102.8143,18511.3,86009.0,66.61,102.1072
2023-03-18,4.58,3.5,301.744,2.8,102.8143,18511.3,86009.0,66.61,102.1072
2023-03-19,4.58,3.5,301.744,2.8,102.8143,18511.3,86009.0,66.61,102.1072
2023-03-20,4.58,3.5,301.744,2.8,102.8143,18511.3,86009.0,67.56,102.1072
2023-03-21,4.58,3.5,301.744,2.8,102.8143,18511.3,86009.0,69.4,102.1072
2023-03-22,4.58,3.5,301.744,2.8,102.8143,18511.3,86009.0,70.71,102.1072
2023-03-23,4.83,3.5,301.744,2.8,102.8143,18511.3,86009.0,69.77,102.1072
2023-03-24,4.83,3.5,301.744,2.8,102.8143,18511.3,86009.0,69.22,102.1072
2023-03-25,4.83,3.5,301.744,2.8,102.8143,18511.3,86009.0,69.22,102.1072
2023-03-26,4.83,3.5,301.744,2.8,102.8143,18511.3,86009.0,69.22,102.1072
2023-03-27,4.83,3.5,301.744,2.8,102.8143,18511.3,86009.0,72.87,102.1072
2023-03-28,4.83,3.5,301.744,2.8,102.8143,18511.3,86009.0,73.12,102.1072
2023-03-29,4.83,3.5,301.744,2.8,102.8143,18511.3,86009.0,72.95,102.1072
2023-03-30,4.83,3.5,301.744,2.8,102.8143,18511.3,86009.0,74.32,102.1072
2023-03-31,4.83,3.5,301.744,2.8,102.8143,18511.3,86009.0,75.68,102.1072
2023-04-01,4.83,3.4,303.032,2.4,103.2241,18638.7,88308.0,75.68,109.3759
2023-04-02,4.83,3.4,303.032,2.4,103.2241,18638.7,88308.0,75.68,109.3759
2023-04-03,4.83,3.4,303.032,2.4,103.2241,18638.7,88308.0,80.4,109.3759
2023-04-04,4.83,3.4,303.032,2.4,103.2241,18638.7,88308.0,80.7,109.3759
2023-04-05,4.83,3.4,303.032,2.4,103.2241,18638.7,88308.0,80.69,109.3759
2023-04-06,4.83,3.4,303.032,2.4,103.2241,18638.7,88308.0,80.7,109.3759
2023-04-07,4.83,3.4,303.032,2.4,103.2241,18638.7,88308.0,80.7,109.3759
2023-04-08,4.83,3.4,303.032,2.4,103.2241,18638.7,88308.0,80.7,109.3759
2023-04-09,4.83,3.4,303.032,2.4,103.2241,18638.7,88308.0,80.7,109.3759
2023-04-10,4.83,3.4,303.032,2.4,103.2241,18638.7,88308.0,79.79,109.3759
2023-04-11,4.83,3.4,303.032,2.4,103.2241,18638.7,88308.0,81.54,109.3759
2023-04-12,4.83,3.4,303.032,2.4,103.2241,18638.7,88308.0,83.26,109.3759
2023-04-13,4.83,3.4,303.032,2.4,103.2241,18638.7,88308.0,82.16,109.3759
2023-04-14,4.83,3.4,303.032,2.4,103.2241,18638.7,88308.0,82.58,109.3759
2023-04-15,4.83,3.4,303.032,2.4,103.2241,18638.7,88308.0,82.58,109.3759
2023-04-16,4.83,3.4,303.032,2.4,103.2241,18638.7,88308.0,82.58,109.3759
2023-04-17,4.83,3.4,303.032,2.4,103.2241,18638.7,88308.0,80.93,109.3759
2023-04-18,4.83,3.4,303.032,2.4,103.2241,18638.7,88308.0,80.85,109.3759
2023-04-19,4.83,3.4,303.032,2.4,103.2241,18638.7,88308.0,79.18,109.3759
2023-04-20,4.83,3.4,303.032,2.4,103.2241,18638.7,88308.0,77.27,109.3759
2023-04-21,4.83,3.4,303.032,2.4,103.2241,18638.7,88308.0,77.86,109.3759
2023-04-22,4.83,3.4,303.032,2.4,103.2241,18638.7,88308.0,77.86,109.3759
2023-04-23,4.83,3.4,303.032,2.4,103.2241,18638.7,88308.0,77.86,109.3759
2023-04-24,4.83,3.4,303.032,2.4,103.2241,18638.7,88308.0,78.64,109.3759
2023-04-25,4.83,3.4,303.032,2.4,103.2241,18638.7,88308.0,77.05,109.3759
2023-04-26,4.83,3.4,303.032,2.4,103.2241,18638.7,88308.0,74.33,109.3759
2023-04-27,4.83,3.4,303.032,2.4,103.2241,18638.7,88308.0,74.77,109.3759
2023-04-28,4.83,3.4,303.032,2.4,103.2241,18638.7,88308.0,76.78,109.3759
2023-04-29,4.83,3.4,303.032,2.4,103.2241,18638.7,88308.0,76.78,109.3759
2023-04-30,4.83,3.4,303.032,2.4,103.2241,18638.7,88308.0,76.78,109.3759
2023-05-01,4.83,3.7,303.365,2.4,102.9809,18676.4,91942.0,75.65,110.7094
2023-05-02,4.83,3.7,303.365,2.4,102.9809,18676.4,91942.0,71.71,110.7094
2023-05-03,4.83,3.7,303.365,2.4,102.9809,18676.4,91942.0,68.62,110.7094
2023-05-04,5.08,3.7,303.365,2.4,102.9809,18676.4,91942.0,68.52,110.7094
2023-05-05,5.08,3.7,303.365,2.4,102.9809,18676.4,91942.0,71.32,110.7094
2023-05-06,5.08,3.7,303.365,2.4,102.9809,18676.4,91942.0,71.32,110.7094
2023-05-07,5.08,3.7,303.365,2.4,102.9809,18676.4,91942.0,71.32,110.7094
2023-05-08,5.08,3.7,303.365,2.4,102.9809,18676.4,91942.0,73.13,110.7094
2023-05-09,5.08,3.7,303.365,2.4,102.9809,18676.4,91942.0,73.68,110.7094
2023-05-10,5.08,3.7,303.365,2.4,102.9809,18676.4,91942.0,72.53,110.7094
2023-05-11,5.08,3.7,303.365,2.4,102.9809,18676.4,91942.0,70.81,110.7094
2023-05-12,5.08,3.7,303.365,2.4,102.9809,18676.4,91942.0,70.02,110.7094
2023-05-13,5.08,3.7,303.365,2.4,102.9809,18676.4,91942.0,70.02,110.7094
2023-05-14,5.08,3.7,303.365,2.4,102.9809,18676.4,91942.0,70.02,110.7094
2023-05-15,5.08,3.7,303.365,2.4,102.9809,18676.4,91942.0,71.07,110.7094
2023-05-16,5.08,3.7,303.365,2.4,102.9809,18676.4,91942.0,70.85,110.7094
2023-05-17,5.08,3.7,303.365,2.4,102.9809,18676.4,91942.0,72.78,110.7094
2023-05-18,5.08,3.7,303.365,2.4,102.9809,18676.4,91942.0,71.82,110.7094
2023-05-19,5.08,3.7,303.365,2.4,102.9809,18676.4,91942.0,71.57,110.7094
2023-05-20,5.08,3.7,303.365,2.4,102.9809,18676.4,91942.0,71.57,110.7094
2023-05-21,5.08,3.7,303.365,2.4,102.9809,18676.4,91942.0,71.57,110.7094
2023-05-22,5.08,3.7,303.365,2.4,102.9809,18676.4,91942.0,71.81,110.7094
2023-05-23,5.08,3.7,303.365,2.4,102.9809,18676.4,91942.0,72.87,110.7094
2023-05-24,5.08,3.7,303.365,2.4,102.9809,18676.4,91942.0,74.37,110.7094
2023-05-25,5.08,3.7,303.365,2.4,102.9809,18676.4,91942.0,71.68,110.7094
2023-05-26,5.08,3.7,303.365,2.4,102.9809,18676.4,91942.0,72.35,110.7094
2023-05-27,5.08,3.7,303.365,2.4,102.9809,18676.4,91942.0,72.35,110.7094
2023-05-28,5.08,3.7,303.365,2.4,102.9809,18676.4,91942.0,72.35,110.7094
2023-05-29,5.08,3.7,303.365,2.4,102.9809,18676.4,91942.0,72.35,110.7094
2023-05-30,5.08,3.7,303.365,2.4,102.9809,18676.4,91942.0,69.45,110.7094
2023-05-31,5.08,3.7,303.365,2.4,102.9809,18676.4,91942.0,68.11,110.7094
2023-06-01,5.08,3.6,304.003,2.4,102.3809,18742.1,99644.0,70.09,107.0514
2023-06-02,5.08,3.6,304.003,2.4,102.3809,18742.1,99644.0,71.76,107.0514
2023-06-03,5.08,3.6,304.003,2.4,102.3809,18742.1,99644.0,71.76,107.0514
2023-06-04,5.08,3.6,304.003,2.4,102.3809,18742.1,99644.0,71.76,107.0514
2023-06-05,5.08,3.6,304.003,2.4,102.3809,18742.1,99644.0,72.14,107.0514
2023-06-06,5.08,3.6,304.003,2.4,102.3809,18742.1,99644.0,71.71,107.0514
2023-06-07,5.08,3.6,304.003,2.4,102.3809,18742.1,99644.0,72.52,107.0514
2023-06-08,5.08,3.6,304.003,2.4,102.3809,18742.1,99644.0,71.28,107.0514
2023-06-09,5.08,3.6,304.003,2.4,102.3809,18742.1,99644.0,70.16,107.0514
2023-06-10,5.08,3.6,304.003,2.4,102.3809,18742.1,99644.0,70.16,107.0514
2023-06-11,5.08,3.6,304.003,2.4,102.3809,18742.1,99644.0,70.16,107.0514
2023-06-12,5.08,3.6,304.003,2.4,102.3809,18742.1,99644.0,67.08,107.0514
2023-06-13,5.08,3.6,304.003,2.4,102.3809,18742.1,99644.0,69.39,107.0514
2023-06-14,5.08,3.6,304.003,2.4,102.3809,18742.1,99644.0,68.22,107.0514
2023-06-15,5.07,3.6,304.003,2.4,102.3809,18742.1,99644.0,70.61,107.0514
2023-06-16,5.08,3.6,304.003,2.4,102.3809,18742.1,99644.0,71.81,107.0514
2023-06-17,5.08,3.6,304.003,2.4,102.3809,18742.1,99644.0,71.81,107.0514
2023-06-18,5.08,3.6,304.003,2.4,102.3809,18742.1,99644.0,71.81,107.0514
2023-06-19,5.08,3.6,304.003,2.4,102.3809,18742.1,99644.0,71.81,107.0514
2023-06-20,5.07,3.6,304.003,2.4,102.3809,18742.1,99644.0,70.94,107.0514
2023-06-21,5.07,3.6,304.003,2.4,102.3809,18742.1,99644.0,72.55,107.0514
2023-06-22,5.07,3.6,304.003,2.4,102.3809,18742.1,99644.0,69.22,107.0514
2023-06-23,5.07,3.6,304.003,2.4,102.3809,18742.1,99644.0,68.91,107.0514
2023-06-24,5.07,3.6,304.003,2.4,102.3809,18742.1,99644.0,68.91,107.0514
2023-06-25,5.07,3.6,304.003,2.4,102.3809,18742.1,99644.0,68.91,107.0514
2023-06-26,5.07,3.6,304.003,2.4,102.3809,18742.1,99644.0,69.09,107.0514
2023-06-27,5.07,3.6,304.003,2.4,102.3809,18742.1,99644.0,67.68,107.0514
2023-06-28,5.07,3.6,304.003,2.4,102.3809,18742.1,99644.0,69.54,107.0514
2023-06-29,5.07,3.6,304.003,2.4,102.3809,18742.1,99644.0,69.85,107.0514
2023-06-30,5.08,3.6,304.003,2.4,102.3809,18742.1,99644.0,70.66,107.0514
2023-07-01,5.08,3.5,304.628,4.4,103.0722,18850.5,90739.0,70.66,111.6321
2023-07-02,5.08,3.5,304.628,4.4,103.0722,18850.5,90739.0,70.66,111.6321
2023-07-03,5.08,3.5,304.628,4.4,103.0722,18850.5,90739.0,69.71,111.6321
2023-07-04,5.08,3.5,304.628,4.4,103.0722,18850.5,90739.0,69.71,111.6321
2023-07-05,5.08,3.5,304.628,4.4,103.0722,18850.5,90739.0,71.78,111.6321
2023-07-06,5.08,3.5,304.628,4.4,103.0722,18850.5,90739.0,71.76,111.6321
2023-07-07,5.08,3.5,304.628,4.4,103.0722,18850.5,90739.0,73.91,111.6321
2023-07-08,5.08,3.5,304.628,4.4,103.0722,18850.5,90739.0,73.91,111.6321
2023-07-09,5.08,3.5,304.628,4.4,103.0722,18850.5,90739.0,73.91,111.6321
2023-07-10,5.07,3.5,304.628,4.4,103.0722,18850.5,90739.0,73.05,111.6321
2023-07-11,5.08,3.5,304.628,4.4,103.0722,18850.5,90739.0,74.87,111.6321
2023-07-12,5.08,3.5,304.628,4.4,103.0722,18850.5,90739.0,75.77,111.6321
2023-07-13,5.08,3.5,304.628,4.4,103.0722,18850.5,90739.0,76.86,111.6321
2023-07-14,5.08,3.5,304.628,4.4,103.0722,18850.5,90739.0,75.44,111.6321
2023-07-15,5.08,3.5,304.628,4.4,103.0722,18850.5,90739.0,75.44,111.6321
2023-07-16,5.08,3.5,304.628,4.4,103.0722,18850.5,90739.0,75.44,111.6321
2023-07-17,5.08,3.5,304.628,4.4,103.0722,18850.5,90739.0,74.17,111.6321
2023-07-18,5.08,3.5,304.628,4.4,103.0722,18850.5,90739.0,75.76,111.6321
2023-07-19,5.08,3.5,304.628,4.4,103.0722,18850.5,90739.0,75.4,111.6321
2023-07-20,5.08,3.5,304.628,4.4,103.0722,18850.5,90739.0,75.65,111.6321
2023-07-21,5.08,3.5,304.628,4.4,103.0722,18850.5,90739.0,77.06,111.6321
2023-07-22,5.08,3.5,304.628,4.4,103.0722,18850.5,90739.0,77.06,111.6321
2023-07-23,5.08,3.5,304.628,4.4,103.0722,18850.5,90739.0,77.06,111.6321
2023-07-24,5.08,3.5,304.628,4.4,103.0722,18850.5,90739.0,78.81,111.6321
2023-07-25,5.08,3.5,304.628,4.4,103.0722,18850.5,90739.0,79.76,111.6321
2023-07-26,5.08,3.5,304.628,4.4,103.0722,18850.5,90739.0,79.11,111.6321
2023-07-27,5.33,3.5,304.628,4.4,103.0722,18850.5,90739.0,80.17,111.6321
2023-07-28,5.33,3.5,304.628,4.4,103.0722,18850.5,90739.0,80.55,111.6321
2023-07-29,5.33,3.5,304.628,4.4,103.0722,18850.5,90739.0,80.55,111.6321
2023-07-30,5.33,3.5,304.628,4.4,103.0722,18850.5,90739.0,80.55,111.6321
2023-07-31,5.33,3.5,304.628,4.4,103.0722,18850.5,90739.0,81.8,111.6321
2023-08-01,5.33,3.8,306.187,4.4,103.0951,18911.6,88789.0,81.37,107.4614
2023-08-02,5.33,3.8,306.187,4.4,103.0951,18911.6,88789.0,79.5,107.4614
2023-08-03,5.33,3.8,306.187,4.4,103.0951,18911.6,88789.0,81.56,107.4614
2023-08-04,5.33,3.8,306.187,4.4,103.0951,18911.6,88789.0,82.76,107.4614
2023-08-05,5.33,3.8,306.187,4.4,103.0951,18911.6,88789.0,82.76,107.4614
2023-08-06,5.33,3.8,306.187,4.4,103.0951,18911.6,88789.0,82.76,107.4614
2023-08-07,5.33,3.8,306.187,4.4,103.0951,18911.6,88789.0,81.94,107.4614
2023-08-08,5.33,3.8,306.187,4.4,103.0951,18911.6,88789.0,82.94,107.4614
2023-08-09,5.33,3.8,306.187,4.4,103.0951,18911.6,88789.0,84.35,107.4614
2023-08-10,5.33,3.8,306.187,4.4,103.0951,18911.6,88789.0,82.81,107.4614
2023-08-11,5.33,3.8,306.187,4.4,103.0951,18911.6,88789.0,83.17,107.4614
2023-08-12,5.33,3.8,306.187,4.4,103.0951,18911.6,88789.0,83.17,107.4614
2023-08-13,5.33,3.8,306.187,4.4,103.0951,18911.6,88789.0,83.17,107.4614
2023-08-14,5.33,3.8,306.187,4.4,103.0951,18911.6,88789.0,82.5,107.4614
2023-08-15,5.33,3.8,306.187,4.4,103.0951,18911.6,88789.0,81.06,107.4614
2023-08-16,5.33,3.8,306.187,4.4,103.0951,18911.6,88789.0,79.4,107.4614
2023-08-17,5.33,3.8,306.187,4.4,103.0951,18911.6,88789.0,80.43,107.4614
2023-08-18,5.33,3.8,306.187,4.4,103.0951,18911.6,88789.0,81.25,107.4614
2023-08-19,5.33,3.8,306.187,4.4,103.0951,18911.6,88789.0,81.25,107.4614
2023-08-20,5.33,3.8,306.187,4.4,103.0951,18911.6,88789.0,81.25,107.4614
2023-08-21,5.33,3.8,306.187,4.4,103.0951,18911.6,88789.0,80.71,107.4614
2023-08-22,5.33,3.8,306.187,4.4,103.0951,18911.6,88789.0,80.25,107.4614
2023-08-23,5.33,3.8,306.187,4.4,103.0951,18911.6,88789.0,78.91,107.4614
2023-08-24,5.33,3.8,306.187,4.4,103.0951,18911.6,88789.0,79.52,107.4614
2023-08-25,5.33,3.8,306.187,4.4,103.0951,18911.6,88789.0,80.47,107.4614
2023-08-26,5.33,3.8,306.187,4.4,103.0951,18911.6,88789.0,80.47,107.4614
2023-08-27,5.33,3.8,306.187,4.4,103.0951,18911.6,88789.0,80.47,107.4614
2023-08-28,5.33,3.8,306.187,4.4,103.0951,18911.6,88789.0,80.65,107.4614
2023-08-29,5.33,3.8,306.187,4.4,103.0951,18911.6,88789.0,81.14,107.4614
2023-08-30,5.33,3.8,306.187,4.4,103.0951,18911.6,88789.0,81.64,107.4614
2023-08-31,5.33,3.8,306.187,4.4,103.0951,18911.6,88789.0,83.55,107.4614
2023-09-01,5.33,3.8,307.288,4.4,103.3081,19024.9,96830.0,85.52,107.219
2023-09-02,5.33,3.8,307.288,4.4,103.3081,19024.9,96830.0,85.52,107.219
2023-09-03,5.33,3.8,307.288,4.4,103.3081,19024.9,96830.0,85.52,107.219
2023-09-04,5.33,3.8,307.288,4.4,103.3081,19024.9,96830.0,85.52,107.219
2023-09-05,5.33,3.8,307.288,4.4,103.3081,19024.9,96830.0,86.74,107.219
2023-09-06,5.33,3.8,307.288,4.4,103.3081,19024.9,96830.0,87.55,107.219
2023-09-07,5.33,3.8,307.288,4.4,103.3081,19024.9,96830.0,86.87,107.219
2023-09-08,5.33,3.8,307.288,4.4,103.3081,19024.9,96830.0,87.51,107.219
2023-09-09,5.33,3.8,307.288,4.4,103.3081,19024.9,96830.0,87.51,107.219
2023-09-10,5.33,3.8,307.288,4.4,103.3081,19024.9,96830.0,87.51,107.219
2023-09-11,5.33,3.8,307.288,4.4,103.3081,19024.9,96830.0,87.3,107.219
2023-09-12,5.33,3.8,307.288,4.4,103.3081,19024.9,96830.0,88.87,107.219
2023-09-13,5.33,3.8,307.288,4.4,103.3081,19024.9,96830.0,88.59,107.219
2023-09-14,5.33,3.8,307.288,4.4,103.3081,19024.9,96830.0,90.13,107.219
2023-09-15,5.33,3.8,307.288,4.4,103.3081,19024.9,96830.0,90.83,107.219
2023-09-16,5.33,3.8,307.288,4.4,103.3081,19024.9,96830.0,90.83,107.219
2023-09-17,5.33,3.8,307.288,4.4,103.3081,19024.9,96830.0,90.83,107.219
2023-09-18,5.33,3.8,307.288,4.4,103.3081,19024.9,96830.0,91.47,107.219
2023-09-19,5.33,3.8,307.288,4.4,103.3081,19024.9,96830.0,91.16,107.219
2023-09-20,5.33,3.8,307.288,4.4,103.3081,19024.9,96830.0,89.2,107.219
2023-09-21,5.33,3.8,307.288,4.4,103.3081,19024.9,96830.0,89.56,107.219
2023-09-22,5.33,3.8,307.288,4.4,103.3081,19024.9,96830.0,90.0,107.219
2023-09-23,5.33,3.8,307.288,4.4,103.3081,19024.9,96830.0,90.0,107.219
2023-09-24,5.33,3.8,307.288,4.4,103.3081,19024.9,96830.0,90.0,107.219
2023-09-25,5.33,3.8,307.288,4.4,103.3081,19024.9,96830.0,89.68,107.219
2023-09-26,5.33,3.8,307.288,4.4,103.3081,19024.9,96830.0,91.43,107.219
2023-09-27,5.33,3.8,307.288,4.4,103.3081,19024.9,96830.0,93.67,107.219
2023-09-28,5.33,3.8,307.288,4.4,103.3081,19024.9,96830.0,91.65,107.219
2023-09-29,5.33,3.8,307.288,4.4,103.3081,19024.9,96830.0,90.77,107.219
2023-09-30,5.33,3.8,307.288,4.4,103.3081,19024.9,96830.0,90.77,107.219
2023-10-01,5.33,3.8,307.531,3.2,102.5781,19069.5,86154.0,90.77,98.5911
2023-10-02,5.33,3.8,307.531,3.2,102.5781,19069.5,86154.0,88.81,98.5911
2023-10-03,5.33,3.8,307.531,3.2,102.5781,19069.5,86154.0,89.26,98.5911
2023-10-04,5.33,3.8,307.531,3.2,102.5781,19069.5,86154.0,84.32,98.5911
2023-10-05,5.33,3.8,307.531,3.2,102.5781,19069.5,86154.0,82.3,98.5911
2023-10-06,5.33,3.8,307.531,3.2,102.5781,19069.5,86154.0,82.83,98.5911
2023-10-07,5.33,3.8,307.531,3.2,102.5781,19069.5,86154.0,82.83,98.5911
2023-10-08,5.33,3.8,307.531,3.2,102.5781,19069.5,86154.0,82.83,98.5911
2023-10-09,5.33,3.8,307.531,3.2,102.5781,19069.5,86154.0,82.83,98.5911
2023-10-10,5.33,3.8,307.531,3.2,102.5781,19069.5,86154.0,85.89,98.5911
2023-10-11,5.33,3.8,307.531,3.2,102.5781,19069.5,86154.0,83.7,98.5911
2023-10-12,5.33,3.8,307.531,3.2,102.5781,19069.5,86154.0,82.87,98.5911
2023-10-13,5.33,3.8,307.531,3.2,102.5781,19069.5,86154.0,87.67,98.5911
2023-10-14,5.33,3.8,307.531,3.2,102.5781,19069.5,86154.0,87.67,98.5911
2023-10-15,5.33,3.8,307.531,3.2,102.5781,19069.5,86154.0,87.67,98.5911
2023-10-16,5.33,3.8,307.531,3.2,102.5781,19069.5,86154.0,86.65,98.5911
2023-10-17,5.33,3.8,307.531,3.2,102.5781,19069.5,86154.0,86.66,98.5911
2023-10-18,5.33,3.8,307.531,3.2,102.5781,19069.5,86154.0,88.35,98.5911
2023-10-19,5.33,3.8,307.531,3.2,102.5781,19069.5,86154.0,89.35,98.5911
2023-10-20,5.33,3.8,307.531,3.2,102.5781,19069.5,86154.0,89.12,98.5911
2023-10-21,5.33,3.8,307.531,3.2,102.5781,19069.5,86154.0,89.12,98.5911
2023-10-22,5.33,3.8,307.531,3.2,102.5781,19069.5,86154.0,89.12,98.5911
2023-10-23,5.33,3.8,307.531,3.2,102.5781,19069.5,86154.0,85.49,98.5911
2023-10-24,5.33,3.8,307.531,3.2,102.5781,19069.5,86154.0,84.58,98.5911
2023-10-25,5.33,3.8,307.531,3.2,102.5781,19069.5,86154.0,86.07,98.5911
2023-10-26,5.33,3.8,307.531,3.2,102.5781,19069.5,86154.0,83.8,98.5911
2023-10-27,5.33,3.8,307.531,3.2,102.5781,19069.5,86154.0,86.04,98.5911
2023-10-28,5.33,3.8,307.531,3.2,102.5781,19069.5,86154.0,86.04,98.5911
2023-10-29,5.33,3.8,307.531,3.2,102.5781,19069.5,86154.0,86.04,98.5911
2023-10-30,5.33,3.8,307.531,3.2,102.5781,19069.5,86154.0,83.03,98.5911
2023-10-31,5.33,3.8,307.531,3.2,102.5781,19069.5,86154.0,81.64,98.5911
2023-11-01,5.33,3.7,308.024,3.2,102.8868,19151.0,107388.0,81.05,107.2618
2023-11-02,5.33,3.7,308.024,3.2,102.8868,19151.0,107388.0,83.04,107.2618
2023-11-03,5.33,3.7,308.024,3.2,102.8868,19151.0,107388.0,81.19,107.2618
2023-11-04,5.33,3.7,308.024,3.2,102.8868,19151.0,107388.0,81.19,107.2618
2023-11-05,5.33,3.7,308.024,3.2,102.8868,19151.0,107388.0,81.19,107.2618
2023-11-06,5.33,3.7,308.024,3.2,102.8868,19151.0,107388.0,81.54,107.2618
2023-11-07,5.33,3.7,308.024,3.2,102.8868,19151.0,107388.0,77.96,107.2618
2023-11-08,5.33,3.7,308.024,3.2,102.8868,19151.0,107388.0,75.85,107.2618
2023-11-09,5.33,3.7,308.024,3.2,102.8868,19151.0,107388.0,76.34,107.2618
2023-11-10,5.33,3.7,308.024,3.2,102.8868,19151.0,107388.0,76.34,107.2618
2023-11-11,5.33,3.7,308.024,3.2,102.8868,19151.0,107388.0,76.34,107.2618
2023-11-12,5.33,3.7,308.024,3.2,102.8868,19151.0,107388.0,76.34,107.2618
2023-11-13,5.33,3.7,308.024,3.2,102.8868,19151.0,107388.0,78.86,107.2618
2023-11-14,5.33,3.7,308.024,3.2,102.8868,19151.0,107388.0,78.9,107.2618
2023-11-15,5.33,3.7,308.024,3.2,102.8868,19151.0,107388.0,77.15,107.2618
2023-11-16,5.33,3.7,308.024,3.2,102.8868,19151.0,107388.0,73.5,107.2618
2023-11-17,5.33,3.7,308.024,3.2,102.8868,19151.0,107388.0,76.47,107.2618
2023-11-18,5.33,3.7,308.024,3.2,102.8868,19151.0,107388.0,76.47,107.2618
2023-11-19,5.33,3.7,308.024,3.2,102.8868,19151.0,107388.0,76.47,107.2618
2023-11-20,5.33,3.7,308.024,3.2,102.8868,19151.0,107388.0,78.1,107.2618
2023-11-21,5.33,3.7,308.024,3.2,102.8868,19151.0,107388.0,78.35,107.2618
2023-11-22,5.33,3.7,308.024,3.2,102.8868,19151.0,107388.0,76.8,107.2618
2023-11-23,5.33,3.7,308.024,3.2,102.8868,19151.0,107388.0,76.8,107.2618
2023-11-24,5.33,3.7,308.024,3.2,102.8868,19151.0,107388.0,74.83,107.2618
2023-11-25,5.33,3.7,308.024,3.2,102.8868,19151.0,107388.0,74.83,107.2618
2023-11-26,5.33,3.7,308.024,3.2,102.8868,19151.0,107388.0,74.83,107.2618
2023-11-27,5.33,3.7,308.024,3.2,102.8868,19151.0,107388.0,74.46,107.2618
2023-11-28,5.33,3.7,308.024,3.2,102.8868,19151.0,107388.0,76.09,107.2618
2023-11-29,5.33,3.7,308.024,3.2,102.8868,19151.0,107388.0,77.56,107.2618
2023-11-30,5.33,3.7,308.024,3.2,102.8868,19151.0,107388.0,75.66,107.2618
2023-12-01,5.33,3.7,308.742,3.2,102.6309,19289.9,95548.0,73.7,108.6938
2023-12-02,5.33,3.7,308.742,3.2,102.6309,19289.9,95548.0,73.7,108.6938
2023-12-03,5.33,3.7,308.742,3.2,102.6309,19289.9,95548.0,73.7,108.6938
2023-12-04,5.33,3.7,308.742,3.2,102.6309,19289.9,95548.0,72.73,108.6938
2023-12-05,5.33,3.7,308.742,3.2,102.6309,19289.9,95548.0,71.95,108.6938
2023-12-06,5.33,3.7,308.742,3.2,102.6309,19289.9,95548.0,68.98,108.6938
2023-12-07,5.33,3.7,308.742,3.2,102.6309,19289.9,95548.0,69.0,108.6938
2023-12-08,5.33,3.7,308.742,3.2,102.6309,19289.9,95548.0,70.87,108.6938
2023-12-09,5.33,3.7,308.742,3.2,102.6309,19289.9,95548.0,70.87,108.6938
2023-12-10,5.33,3.7,308.742,3.2,102.6309,19289.9,95548.0,70.87,108.6938
2023-12-11,5.33,3.7,308.742,3.2,102.6309,19289.9,95548.0,70.95,108.6938
2023-12-12,5.33,3.7,308.742,3.2,102.6309,19289.9,95548.0,68.27,108.6938
2023-12-13,5.33,3.7,308.742,3.2,102.6309,19289.9,95548.0,69.09,108.6938
2023-12-14,5.33,3.7,308.742,3.2,102.6309,19289.9,95548.0,71.21,108.6938
2023-12-15,5.33,3.7,308.742,3.2,102.6309,19289.9,95548.0,71.05,108.6938
2023-12-16,5.33,3.7,308.742,3.2,102.6309,19289.9,95548.0,71.05,108.6938
2023-12-17,5.33,3.7,308.742,3.2,102.6309,19289.9,95548.0,71.05,108.6938
2023-12-18,5.33,3.7,308.742,3.2,102.6309,19289.9,95548.0,72.16,108.6938
2023-12-19,5.33,3.7,308.742,3.2,102.6309,19289.9,95548.0,73.23,108.6938
2023-12-20,5.33,3.7,308.742,3.2,102.6309,19289.9,95548.0,73.87,108.6938
2023-12-21,5.33,3.7,308.742,3.2,102.6309,19289.9,95548.0,73.59,108.6938
2023-12-22,5.33,3.7,308.742,3.2,102.6309,19289.9,95548.0,73.29,108.6938
2023-12-23,5.33,3.7,308.742,3.2,102.6309,19289.9,95548.0,73.29,108.6938
2023-12-24,5.33,3.7,308.742,3.2,102.6309,19289.9,95548.0,73.29,108.6938
2023-12-25,5.33,3.7,308.742,3.2,102.6309,19289.9,95548.0,73.29,108.6938
2023-12-26,5.33,3.7,308.742,3.2,102.6309,19289.9,95548.0,75.84,108.6938
2023-12-27,5.33,3.7,308.742,3.2,102.6309,19289.9,95548.0,74.31,108.6938
2023-12-28,5.33,3.7,308.742,3.2,102.6309,19289.9,95548.0,72.02,108.6938
2023-12-29,5.33,3.7,308.742,3.2,102.6309,19289.9,95548.0,71.89,108.6938
2023-12-30,5.33,3.7,308.742,3.2,102.6309,19289.9,95548.0,71.89,108.6938
2023-12-31,5.33,3.7,308.742,3.2,102.6309,19289.9,95548.0,71.89,108.6938
2024-01-01,5.33,3.7,309.685,1.6,101.483,19308.5,82898.0,71.89,102.2729
2024-01-02,5.33,3.7,309.685,1.6,101.483,19308.5,82898.0,70.62,102.2729
2024-01-03,5.33,3.7,309.685,1.6,101.483,19308.5,82898.0,72.97,102.2729
2024-01-04,5.33,3.7,309.685,1.6,101.483,19308.5,82898.0,72.38,102.2729
2024-01-05,5.33,3.7,309.685,1.6,101.483,19308.5,82898.0,74.0,102.2729
2024-01-06,5.33,3.7,309.685,1.6,101.483,19308.5,82898.0,74.0,102.2729
2024-01-07,5.33,3.7,309.685,1.6,101.483,19308.5,82898.0,74.0,102.2729
2024-01-08,5.33,3.7,309.685,1.6,101.483,19308.5,82898.0,71.06,102.2729
2024-01-09,5.33,3.7,309.685,1.6,101.483,19308.5,82898.0,72.43,102.2729
2024-01-10,5.33,3.7,309.685,1.6,101.483,19308.5,82898.0,71.57,102.2729
2024-01-11,5.33,3.7,309.685,1.6,101.483,19308.5,82898.0,72.15,102.2729
2024-01-12,5.33,3.7,309.685,1.6,101.483,19308.5,82898.0,72.94,102.2729
2024-01-13,5.33,3.7,309.685,1.6,101.483,19308.5,82898.0,72.94,102.2729
2024-01-14,5.33,3.7,309.685,1.6,101.483,19308.5,82898.0,72.94,102.2729
2024-01-15,5.33,3.7,309.685,1.6,101.483,19308.5,82898.0,72.94,102.2729
2024-01-16,5.33,3.7,309.685,1.6,101.483,19308.5,82898.0,72.63,102.2729
2024-01-17,5.33,3.7,309.685,1.6,101.483,19308.5,82898.0,72.79,102.2729
2024-01-18,5.33,3.7,309.685,1.6,101.483,19308.5,82898.0,74.32,102.2729
2024-01-19,5.33,3.7,309.685,1.6,101.483,19308.5,82898.0,73.69,102.2729
2024-01-20,5.33,3.7,309.685,1.6,101.483,19308.5,82898.0,73.69,102.2729
2024-01-21,5.33,3.7,309.685,1.6,101.483,19308.5,82898.0,73.69,102.2729
2024-01-22,5.33,3.7,309.685,1.6,101.483,19308.5,82898.0,75.26,102.2729
2024-01-23,5.33,3.7,309.685,1.6,101.483,19308.5,82898.0,74.72,102.2729
2024-01-24,5.33,3.7,309.685,1.6,101.483,19308.5,82898.0,75.48,102.2729
2024-01-25,5.33,3.7,309.685,1.6,101.483,19308.5,82898.0,77.91,102.2729
2024-01-26,5.33,3.7,309.685,1.6,101.483,19308.5,82898.0,78.45,102.2729
2024-01-27,5.33,3.7,309.685,1.6,101.483,19308.5,82898.0,78.45,102.2729
2024-01-28,5.33,3.7,309.685,1.6,101.483,19308.5,82898.0,78.45,102.2729
2024-01-29,5.33,3.7,309.685,1.6,101.483,19308.5,82898.0,77.25,102.2729
2024-01-30,5.33,3.7,309.685,1.6,101.483,19308.5,82898.0,78.3,102.2729
2024-01-31,5.33,3.7,309.685,1.6,101.483,19308.5,82898.0,76.28,102.2729
2024-02-01,5.33,3.9,311.054,1.6,102.7267,19412.7,85806.0,74.36,108.1696
2024-02-02,5.33,3.9,311.054,1.6,102.7267,19412.7,85806.0,72.72,108.1696
2024-02-03,5.33,3.9,311.054,1.6,102.7267,19412.7,85806.0,72.72,108.1696
2024-02-04,5.33,3.9,311.054,1.6,102.7267,19412.7,85806.0,72.72,108.1696
2024-02-05,5.33,3.9,311.054,1.6,102.7267,19412.7,85806.0,73.21,108.1696
2024-02-06,5.33,3.9,311.054,1.6,102.7267,19412.7,85806.0,73.83,108.1696
2024-02-07,5.33,3.9,311.054,1.6,102.7267,19412.7,85806.0,74.26,108.1696
2024-02-08,5.33,3.9,311.054,1.6,102.7267,19412.7,85806.0,76.67,108.1696
2024-02-09,5.33,3.9,311.054,1.6,102.7267,19412.7,85806.0,77.26,108.1696
2024-02-10,5.33,3.9,311.054,1.6,102.7267,19412.7,85806.0,77.26,108.1696
2024-02-11,5.33,3.9,311.054,1.6,102.7267,19412.7,85806.0,77.26,108.1696
2024-02-12,5.33,3.9,311.054,1.6,102.7267,19412.7,85806.0,77.34,108.1696
2024-02-13,5.33,3.9,311.054,1.6,102.7267,19412.7,85806.0,78.28,108.1696
2024-02-14,5.33,3.9,311.054,1.6,102.7267,19412.7,85806.0,77.09,108.1696
2024-02-15,5.33,3.9,311.054,1.6,102.7267,19412.7,85806.0,78.47,108.1696
2024-02-16,5.33,3.9,311.054,1.6,102.7267,19412.7,85806.0,79.65,108.1696
2024-02-17,5.33,3.9,311.054,1.6,102.7267,19412.7,85806.0,79.65,108.1696
2024-02-18,5.33,3.9,311.054,1.6,102.7267,19412.7,85806.0,79.65,108.1696
2024-02-19,5.33,3.9,311.054,1.6,102.7267,19412.7,85806.0,79.65,108.1696
2024-02-20,5.33,3.9,311.054,1.6,102.7267,19412.7,85806.0,78.72,108.1696
2024-02-21,5.33,3.9,311.054,1.6,102.7267,19412.7,85806.0,78.89,108.1696
2024-02-22,5.33,3.9,311.054,1.6,102.7267,19412.7,85806.0,79.64,108.1696
2024-02-23,5.33,3.9,311.054,1.6,102.7267,19412.7,85806.0,77.6,108.1696
2024-02-24,5.33,3.9,311.054,1.6,102.7267,19412.7,85806.0,77.6,108.1696
2024-02-25,5.33,3.9,311.054,1.6,102.7267,19412.7,85806.0,77.6,108.1696
2024-02-26,5.33,3.9,311.054,1.6,102.7267,19412.7,85806.0,78.53,108.1696
2024-02-27,5.33,3.9,311.054,1.6,102.7267,19412.7,85806.0,79.8,108.1696
2024-02-28,5.33,3.9,311.054,1.6,102.7267,19412.7,85806.0,79.44,108.1696
2024-02-29,5.33,3.9,311.054,1.6,102.7267,19412.7,85806.0,79.22,108.1696
2024-03-01,5.33,3.8,312.23,1.6,102.5186,19553.2,86859.0,80.9,110.4333
2024-03-02,5.33,3.8,312.23,1.6,102.5186,19553.2,86859.0,80.9,110.4333
2024-03-03,5.33,3.8,312.23,1.6,102.5186,19553.2,86859.0,80.9,110.4333
2024-03-04,5.33,3.8,312.23,1.6,102.5186,19553.2,86859.0,79.67,110.4333
2024-03-05,5.33,3.8,312.23,1.6,102.5186,19553.2,86859.0,79.11,110.4333
2024-03-06,5.33,3.8,312.23,1.6,102.5186,19553.2,86859.0,80.08,110.4333
2024-03-07,5.33,3.8,312.23,1.6,102.5186,19553.2,86859.0,79.81,110.4333
2024-03-08,5.33,3.8,312.23,1.6,102.5186,19553.2,86859.0,78.96,110.4333
2024-03-09,5.33,3.8,312.23,1.6,102.5186,19553.2,86859.0,78.96,110.4333
2024-03-10,5.33,3.8,312.23,1.6,102.5186,19553.2,86859.0,78.96,110.4333
2024-03-11,5.33,3.8,312.23,1.6,102.5186,19553.2,86859.0,78.87,110.4333
2024-03-12,5.33,3.8,312.23,1.6,102.5186,19553.2,86859.0,78.51,110.4333
2024-03-13,5.33,3.8,312.23,1.6,102.5186,19553.2,86859.0,80.67,110.4333
2024-03-14,5.33,3.8,312.23,1.6,102.5186,19553.2,86859.0,82.16,110.4333
2024-03-15,5.33,3.8,312.23,1.6,102.5186,19553.2,86859.0,81.94,110.4333
2024-03-16,5.33,3.8,312.23,1.6,102.5186,19553.2,86859.0,81.94,110.4333
2024-03-17,5.33,3.8,312.23,1.6,102.5186,19553.2,86859.0,81.94,110.4333
2024-03-18,5.33,3.8,312.23,1.6,102.5186,19553.2,86859.0,83.68,110.4333
2024-03-19,5.33,3.8,312.23,1.6,102.5186,19553.2,86859.0,84.39,110.4333
2024-03-20,5.33,3.8,312.23,1.6,102.5186,19553.2,86859.0,82.79,110.4333
2024-03-21,5.33,3.8,312.23,1.6,102.5186,19553.2,86859.0,81.99,110.4333
2024-03-22,5.33,3.8,312.23,1.6,102.5186,19553.2,86859.0,81.1,110.4333
2024-03-23,5.33,3.8,312.23,1.6,102.5186,19553.2,86859.0,81.1,110.4333
2024-03-24,5.33,3.8,312.23,1.6,102.5186,19553.2,86859.0,81.1,110.4333
2024-03-25,5.33,3.8,312.23,1.6,102.5186,19553.2,86859.0,82.41,110.4333
2024-03-26,5.33,3.8,312.23,1.6,102.5186,19553.2,86859.0,82.41,110.4333
2024-03-27,5.33,3.8,312.23,1.6,102.5186,19553.2,86859.0,82.15,110.4333
2024-03-28,5.33,3.8,312.23,1.6,102.5186,19553.2,86859.0,83.96,110.4333
2024-03-29,5.33,3.8,312.23,1.6,102.5186,19553.2,86859.0,83.96,110.4333
2024-03-30,5.33,3.8,312.23,1.6,102.5186,19553.2,86859.0,83.96,110.4333
2024-03-31,5.33,3.8,312.23,1.6,102.5186,19553.2,86859.0,83.96,110.4333
2024-04-01,5.33,3.9,313.207,3.0,102.3568,19603.3,84376.0,84.54,108.1696
2024-04-02,5.33,3.9,313.207,3.0,102.3568,19603.3,84376.0,85.95,108.1696
2024-04-03,5.33,3.9,313.207,3.0,102.3568,19603.3,84376.0,86.22,108.1696
2024-04-04,5.33,3.9,313.207,3.0,102.3568,19603.3,84376.0,87.37,108.1696
2024-04-05,5.33,3.9,313.207,3.0,102.3568,19603.3,84376.0,87.69,108.1696
2024-04-06,5.33,3.9,313.207,3.0,102.3568,19603.3,84376.0,87.69,108.1696
2024-04-07,5.33,3.9,313.207,3.0,102.3568,19603.3,84376.0,87.69,108.1696
2024-04-08,5.33,3.9,313.207,3.0,102.3568,19603.3,84376.0,87.24,108.1696
2024-04-09,5.33,3.9,313.207,3.0,102.3568,19603.3,84376.0,86.04,108.1696
2024-04-10,5.33,3.9,313.207,3.0,102.3568,19603.3,84376.0,86.98,108.1696
2024-04-11,5.33,3.9,313.207,3.0,102.3568,19603.3,84376.0,85.79,108.1696
2024-04-12,5.33,3.9,313.207,3.0,102.3568,19603.3,84376.0,86.46,108.1696
2024-04-13,5.33,3.9,313.207,3.0,102.3568,19603.3,84376.0,86.46,108.1696
2024-04-14,5.33,3.9,313.207,3.0,102.3568,19603.3,84376.0,86.46,108.1696
2024-04-15,5.33,3.9,313.207,3.0,102.3568,19603.3,84376.0,86.21,108.1696
2024-04-16,5.33,3.9,313.207,3.0,102.3568,19603.3,84376.0,86.15,108.1696
2024-04-17,5.33,3.9,313.207,3.0,102.3568,19603.3,84376.0,83.58,108.1696
2024-04-18,5.33,3.9,313.207,3.0,102.3568,19603.3,84376.0,83.5,108.1696
2024-04-19,5.33,3.9,313.207,3.0,102.3568,19603.3,84376.0,83.79,108.1696
2024-04-20,5.33,3.9,313.207,3.0,102.3568,19603.3,84376.0,83.79,108.1696
2024-04-21,5.33,3.9,313.207,3.0,102.3568,19603.3,84376.0,83.79,108.1696
2024-04-22,5.33,3.9,313.207,3.0,102.3568,19603.3,84376.0,83.82,108.1696
2024-04-23,5.33,3.9,313.207,3.0,102.3568,19603.3,84376.0,84.17,108.1696
2024-04-24,5.33,3.9,313.207,3.0,102.3568,19603.3,84376.0,84.09,108.1696
2024-04-25,5.33,3.9,313.207,3.0,102.3568,19603.3,84376.0,84.92,108.1696
2024-04-26,5.33,3.9,313.207,3.0,102.3568,19603.3,84376.0,85.38,108.1696
2024-04-27,5.33,3.9,313.207,3.0,102.3568,19603.3,84376.0,85.38,108.1696
2024-04-28,5.33,3.9,313.207,3.0,102.3568,19603.3,84376.0,85.38,108.1696
2024-04-29,5.33,3.9,313.207,3.0,102.3568,19603.3,84376.0,84.26,108.1696
2024-04-30,5.33,3.9,313.207,3.0,102.3568,19603.3,84376.0,83.49,108.1696
2024-05-01,5.33,4.0,313.225,3.0,102.9797,19697.3,84064.0,80.7,107.639
2024-05-02,5.33,4.0,313.225,3.0,102.9797,19697.3,84064.0,80.59,107.639
2024-05-03,5.33,4.0,313.225,3.0,102.9797,19697.3,84064.0,79.65,107.639
2024-05-04,5.33,4.0,313.225,3.0,102.9797,19697.3,84064.0,79.65,107.639
2024-05-05,5.33,4.0,313.225,3.0,102.9797,19697.3,84064.0,79.65,107.639
2024-05-06,5.33,4.0,313.225,3.0,102.9797,19697.3,84064.0,80.1,107.639
2024-05-07,5.33,4.0,313.225,3.0,102.9797,19697.3,84064.0,79.97,107.639
2024-05-08,5.33,4.0,313.225,3.0,102.9797,19697.3,84064.0,80.57,107.639
2024-05-09,5.33,4.0,313.225,3.0,102.9797,19697.3,84064.0,80.86,107.639
2024-05-10,5.33,4.0,313.225,3.0,102.9797,19697.3,84064.0,79.81,107.639
2024-05-11,5.33,4.0,313.225,3.0,102.9797,19697.3,84064.0,79.81,107.639
2024-05-12,5.33,4.0,313.225,3.0,102.9797,19697.3,84064.0,79.81,107.639
2024-05-13,5.33,4.0,313.225,3.0,102.9797,19697.3,84064.0,80.71,107.639
2024-05-14,5.33,4.0,313.225,3.0,102.9797,19697.3,84064.0,79.62,107.639
2024-05-15,5.33,4.0,313.225,3.0,102.9797,19697.3,84064.0,80.23,107.639
2024-05-16,5.33,4.0,313.225,3.0,102.9797,19697.3,84064.0,80.85,107.639
2024-05-17,5.33,4.0,313.225,3.0,102.9797,19697.3,84064.0,81.66,107.639
2024-05-18,5.33,4.0,313.225,3.0,102.9797,19697.3,84064.0,81.66,107.639
2024-05-19,5.33,4.0,313.225,3.0,102.9797,19697.3,84064.0,81.66,107.639
2024-05-20,5.33,4.0,313.225,3.0,102.9797,19697.3,84064.0,81.39,107.639
2024-05-21,5.33,4.0,313.225,3.0,102.9797,19697.3,84064.0,80.66,107.639
2024-05-22,5.33,4.0,313.225,3.0,102.9797,19697.3,84064.0,79.15,107.639
2024-05-23,5.33,4.0,313.225,3.0,102.9797,19697.3,84064.0,77.47,107.639
2024-05-24,5.33,4.0,313.225,3.0,102.9797,19697.3,84064.0,78.48,107.639
2024-05-25,5.33,4.0,313.225,3.0,102.9797,19697.3,84064.0,78.48,107.639
2024-05-26,5.33,4.0,313.225,3.0,102.9797,19697.3,84064.0,78.48,107.639
2024-05-27,5.33,4.0,313.225,3.0,102.9797,19697.3,84064.0,78.48,107.639
2024-05-28,5.33,4.0,313.225,3.0,102.9797,19697.3,84064.0,80.9,107.639
2024-05-29,5.33,4.0,313.225,3.0,102.9797,19697.3,84064.0,80.24,107.639
2024-05-30,5.33,4.0,313.225,3.0,102.9797,19697.3,84064.0,78.96,107.639
2024-05-31,5.33,4.0,313.225,3.0,102.9797,19697.3,84064.0,77.97,107.639
2024-06-01,5.33,4.1,313.049,3.0,103.2768,19747.5,64880.0,77.97,107.835
2024-06-02,5.33,4.1,313.049,3.0,103.2768,19747.5,64880.0,77.97,107.835
2024-06-03,5.33,4.1,313.049,3.0,103.2768,19747.5,64880.0,75.26,107.835
2024-06-04,5.33,4.1,313.049,3.0,103.2768,19747.5,64880.0,74.27,107.835
2024-06-05,5.33,4.1,313.049,3.0,103.2768,19747.5,64880.0,75.08,107.835
2024-06-06,5.33,4.1,313.049,3.0,103.2768,19747.5,64880.0,76.52,107.835
2024-06-07,5.33,4.1,313.049,3.0,103.2768,19747.5,64880.0,76.53,107.835
2024-06-08,5.33,4.1,313.049,3.0,103.2768,19747.5,64880.0,76.53,107.835
2024-06-09,5.33,4.1,313.049,3.0,103.2768,19747.5,64880.0,76.53,107.835
2024-06-10,5.33,4.1,313.049,3.0,103.2768,19747.5,64880.0,78.75,107.835
2024-06-11,5.33,4.1,313.049,3.0,103.2768,19747.5,64880.0,78.88,107.835
2024-06-12,5.33,4.1,313.049,3.0,103.2768,19747.5,64880.0,79.56,107.835
2024-06-13,5.33,4.1,313.049,3.0,103.2768,19747.5,64880.0,79.61,107.835
2024-06-14,5.33,4.1,313.049,3.0,103.2768,19747.5,64880.0,79.41,107.835
2024-06-15,5.33,4.1,313.049,3.0,103.2768,19747.5,64880.0,79.41,107.835
2024-06-16,5.33,4.1,313.049,3.0,103.2768,19747.5,64880.0,79.41,107.835
2024-06-17,5.33,4.1,313.049,3.0,103.2768,19747.5,64880.0,81.33,107.835
2024-06-18,5.33,4.1,313.049,3.0,103.2768,19747.5,64880.0,82.67,107.835
2024-06-19,5.33,4.1,313.049,3.0,103.2768,19747.5,64880.0,82.67,107.835
2024-06-20,5.33,4.1,313.049,3.0,103.2768,19747.5,64880.0,83.34,107.835
2024-06-21,5.33,4.1,313.049,3.0,103.2768,19747.5,64880.0,81.71,107.835
2024-06-22,5.33,4.1,313.049,3.0,103.2768,19747.5,64880.0,81.71,107.835
2024-06-23,5.33,4.1,313.049,3.0,103.2768,19747.5,64880.0,81.71,107.835
2024-06-24,5.33,4.1,313.049,3.0,103.2768,19747.5,64880.0,82.63,107.835
2024-06-25,5.33,4.1,313.049,3.0,103.2768,19747.5,64880.0,81.97,107.835
2024-06-26,5.33,4.1,313.049,3.0,103.2768,19747.5,64880.0,82.19,107.835
2024-06-27,5.33,4.1,313.049,3.0,103.2768,19747.5,64880.0,83.04,107.835
2024-06-28,5.33,4.1,313.049,3.0,103.2768,19747.5,64880.0,82.83,107.835
2024-06-29,5.33,4.1,313.049,3.0,103.2768,19747.5,64880.0,82.83,107.835
2024-06-30,5.33,4.1,313.049,3.0,103.2768,19747.5,64880.0,82.83,107.835
2024-07-01,5.33,4.3,313.534,2.8,102.5381,19862.9,92146.0,84.7,98.461
2024-07-02,5.33,4.3,313.534,2.8,102.5381,19862.9,92146.0,84.09,98.461
2024-07-03,5.33,4.3,313.534,2.8,102.5381,19862.9,92146.0,85.19,98.461
2024-07-04,5.33,4.3,313.534,2.8,102.5381,19862.9,92146.0,85.19,98.461
2024-07-05,5.33,4.3,313.534,2.8,102.5381,19862.9,92146.0,84.44,98.461
2024-07-06,5.33,4.3,313.534,2.8,102.5381,19862.9,92146.0,84.44,98.461
2024-07-07,5.33,4.3,313.534,2.8,102.5381,19862.9,92146.0,84.44,98.461
2024-07-08,5.33,4.3,313.534,2.8,102.5381,19862.9,92146.0,83.63,98.461
2024-07-09,5.33,4.3,313.534,2.8,102.5381,19862.9,92146.0,82.78,98.461
2024-07-10,5.33,4.3,313.534,2.8,102.5381,19862.9,92146.0,83.39,98.461
2024-07-11,5.33,4.3,313.534,2.8,102.5381,19862.9,92146.0,83.92,98.461
2024-07-12,5.33,4.3,313.534,2.8,102.5381,19862.9,92146.0,83.49,98.461
2024-07-13,5.33,4.3,313.534,2.8,102.5381,19862.9,92146.0,83.49,98.461
2024-07-14,5.33,4.3,313.534,2.8,102.5381,19862.9,92146.0,83.49,98.461
2024-07-15,5.33,4.3,313.534,2.8,102.5381,19862.9,92146.0,83.22,98.461
2024-07-16,5.33,4.3,313.534,2.8,102.5381,19862.9,92146.0,81.92,98.461
2024-07-17,5.33,4.3,313.534,2.8,102.5381,19862.9,92146.0,84.16,98.461
2024-07-18,5.33,4.3,313.534,2.8,102.5381,19862.9,92146.0,84.17,98.461
2024-07-19,5.33,4.3,313.534,2.8,102.5381,19862.9,92146.0,81.43,98.461
2024-07-20,5.33,4.3,313.534,2.8,102.5381,19862.9,92146.0,81.43,98.461
2024-07-21,5.33,4.3,313.534,2.8,102.5381,19862.9,92146.0,81.43,98.461
2024-07-22,5.33,4.3,313.534,2.8,102.5381,19862.9,92146.0,81.25,98.461
2024-07-23,5.33,4.3,313.534,2.8,102.5381,19862.9,92146.0,78.24,98.461
2024-07-24,5.33,4.3,313.534,2.8,102.5381,19862.9,92146.0,78.78,98.461
2024-07-25,5.33,4.3,313.534,2.8,102.5381,19862.9,92146.0,79.43,98.461
2024-07-26,5.33,4.3,313.534,2.8,102.5381,19862.9,92146.0,78.58,98.461
2024-07-27,5.33,4.3,313.534,2.8,102.5381,19862.9,92146.0,78.58,98.461
2024-07-28,5.33,4.3,313.534,2.8,102.5381,19862.9,92146.0,78.58,98.461
2024-07-29,5.33,4.3,313.534,2.8,102.5381,19862.9,92146.0,77.27,98.461
2024-07-30,5.33,4.3,313.534,2.8,102.5381,19862.9,92146.0,76.17,98.461
2024-07-31,5.33,4.3,313.534,2.8,102.5381,19862.9,92146.0,79.36,98.461
2024-08-01,5.33,4.2,314.121,2.8,103.0449,19918.4,88059.0,77.74,106.9044
2024-08-02,5.33,4.2,314.121,2.8,103.0449,19918.4,88059.0,74.99,106.9044
2024-08-03,5.33,4.2,314.121,2.8,103.0449,19918.4,88059.0,74.99,106.9044
2024-08-04,5.33,4.2,314.121,2.8,103.0449,19918.4,88059.0,74.99,106.9044
2024-08-05,5.33,4.2,314.121,2.8,103.0449,19918.4,88059.0,74.46,106.9044
2024-08-06,5.33,4.2,314.121,2.8,103.0449,19918.4,88059.0,74.6,106.9044
2024-08-07,5.33,4.2,314.121,2.8,103.0449,19918.4,88059.0,76.68,106.9044
2024-08-08,5.33,4.2,314.121,2.8,103.0449,19918.4,88059.0,77.64,106.9044
2024-08-09,5.33,4.2,314.121,2.8,103.0449,19918.4,88059.0,78.28,106.9044
2024-08-10,5.33,4.2,314.121,2.8,103.0449,19918.4,88059.0,78.28,106.9044
2024-08-11,5.33,4.2,314.121,2.8,103.0449,19918.4,88059.0,78.28,106.9044
2024-08-12,5.33,4.2,314.121,2.8,103.0449,19918.4,88059.0,81.45,106.9044
2024-08-13,5.33,4.2,314.121,2.8,103.0449,19918.4,88059.0,79.81,106.9044
2024-08-14,5.33,4.2,314.121,2.8,103.0449,19918.4,88059.0,78.47,106.9044
2024-08-15,5.33,4.2,314.121,2.8,103.0449,19918.4,88059.0,79.66,106.9044
2024-08-16,5.33,4.2,314.121,2.8,103.0449,19918.4,88059.0,78.05,106.9044
2024-08-17,5.33,4.2,314.121,2.8,103.0449,19918.4,88059.0,78.05,106.9044
2024-08-18,5.33,4.2,314.121,2.8,103.0449,19918.4,88059.0,78.05,106.9044
2024-08-19,5.33,4.2,314.121,2.8,103.0449,19918.4,88059.0,75.82,106.9044
2024-08-20,5.33,4.2,314.121,2.8,103.0449,19918.4,88059.0,75.27,106.9044
2024-08-21,5.33,4.2,314.121,2.8,103.0449,19918.4,88059.0,72.76,106.9044
2024-08-22,5.33,4.2,314.121,2.8,103.0449,19918.4,88059.0,73.72,106.9044
2024-08-23,5.33,4.2,314.121,2.8,103.0449,19918.4,88059.0,75.82,106.9044
2024-08-24,5.33,4.2,314.121,2.8,103.0449,19918.4,88059.0,75.82,106.9044
2024-08-25,5.33,4.2,314.121,2.8,103.0449,19918.4,88059.0,75.82,106.9044
2024-08-26,5.33,4.2,314.121,2.8,103.0449,19918.4,88059.0,78.4,106.9044
2024-08-27,5.33,4.2,314.121,2.8,103.0449,19918.4,88059.0,76.5,106.9044
2024-08-28,5.33,4.2,314.121,2.8,103.0449,19918.4,88059.0,75.49,106.9044
2024-08-29,5.33,4.2,314.121,2.8,103.0449,19918.4,88059.0,76.9,106.9044
2024-08-30,5.33,4.2,314.121,2.8,103.0449,19918.4,88059.0,74.52,106.9044
2024-08-31,5.33,4.2,314.121,2.8,103.0449,19918.4,88059.0,74.52,106.9044
2024-09-01,5.33,4.1,314.686,2.8,102.5497,20024.3,84180.0,74.52,106.4575
2024-09-02,5.33,4.1,314.686,2.8,102.5497,20024.3,84180.0,74.52,106.4575
2024-09-03,5.33,4.1,314.686,2.8,102.5497,20024.3,84180.0,71.28,106.4575
2024-09-04,5.33,4.1,314.686,2.8,102.5497,20024.3,84180.0,70.11,106.4575
2024-09-05,5.33,4.1,314.686,2.8,102.5497,20024.3,84180.0,70.09,106.4575
2024-09-06,5.33,4.1,314.686,2.8,102.5497,20024.3,84180.0,68.58,106.4575
2024-09-07,5.33,4.1,314.686,2.8,102.5497,20024.3,84180.0,68.58,106.4575
2024-09-08,5.33,4.1,314.686,2.8,102.5497,20024.3,84180.0,68.58,106.4575
2024-09-09,5.33,4.1,314.686,2.8,102.5497,20024.3,84180.0,69.65,106.4575
2024-09-10,5.33,4.1,314.686,2.8,102.5497,20024.3,84180.0,66.73,106.4575
2024-09-11,5.33,4.1,314.686,2.8,102.5497,20024.3,84180.0,68.25,106.4575
2024-09-12,5.33,4.1,314.686,2.8,102.5497,20024.3,84180.0,69.89,106.4575
2024-09-13,5.33,4.1,314.686,2.8,102.5497,20024.3,84180.0,69.59,106.4575
2024-09-14,5.33,4.1,314.686,2.8,102.5497,20024.3,84180.0,69.59,106.4575
2024-09-15,5.33,4.1,314.686,2.8,102.5497,20024.3,84180.0,69.59,106.4575
2024-09-16,5.33,4.1,314.686,2.8,102.5497,20024.3,84180.0,71.1,106.4575
2024-09-17,5.33,4.1,314.686,2.8,102.5497,20024.3,84180.0,72.16,106.4575
2024-09-18,5.33,4.1,314.686,2.8,102.5497,20024.3,84180.0,71.87,106.4575
2024-09-19,4.83,4.1,314.686,2.8,102.5497,20024.3,84180.0,72.86,106.4575
2024-09-20,4.83,4.1,314.686,2.8,102.5497,20024.3,84180.0,72.72,106.4575
2024-09-21,4.83,4.1,314.686,2.8,102.5497,20024.3,84180.0,72.72,106.4575
2024-09-22,4.83,4.1,314.686,2.8,102.5497,20024.3,84180.0,72.72,106.4575
2024-09-23,4.83,4.1,314.686,2.8,102.5497,20024.3,84180.0,71.33,106.4575
2024-09-24,4.83,4.1,314.686,2.8,102.5497,20024.3,84180.0,72.34,106.4575
2024-09-25,4.83,4.1,314.686,2.8,102.5497,20024.3,84180.0,70.42,106.4575
2024-09-26,4.83,4.1,314.686,2.8,102.5497,20024.3,84180.0,68.28,106.4575
2024-09-27,4.83,4.1,314.686,2.8,102.5497,20024.3,84180.0,68.72,106.4575
2024-09-28,4.83,4.1,314.686,2.8,102.5497,20024.3,84180.0,68.72,106.4575
2024-09-29,4.83,4.1,314.686,2.8,102.5497,20024.3,84180.0,68.72,106.4575
2024-09-30,4.83,4.1,314.686,2.8,102.5497,20024.3,84180.0,68.75,106.4575
2024-10-01,4.83,4.1,315.454,2.8,102.2805,20024.3,84180.0,70.41,103.1531
2024-10-02,4.83,4.1,315.454,2.8,102.2805,20024.3,84180.0,70.74,103.1531
2024-10-03,4.83,4.1,315.454,2.8,102.2805,20024.3,84180.0,74.33,103.1531
2024-10-04,4.83,4.1,315.454,2.8,102.2805,20024.3,84180.0,74.93,103.1531
2024-10-05,4.83,4.1,315.454,2.8,102.2805,20024.3,84180.0,74.93,103.1531
2024-10-06,4.83,4.1,315.454,2.8,102.2805,20024.3,84180.0,74.93,103.1531
2024-10-07,4.83,4.1,315.454,2.8,102.2805,20024.3,84180.0,77.76,103.1531
2024-10-08,4.83,4.1,315.454,2.8,102.2805,20024.3,84180.0,74.26,103.1531
2024-10-09,4.83,4.1,315.454,2.8,102.2805,20024.3,84180.0,73.85,103.1531
2024-10-10,4.83,4.1,315.454,2.8,102.2805,20024.3,84180.0,76.46,103.1531
2024-10-11,4.83,4.1,315.454,2.8,102.2805,20024.3,84180.0,76.11,103.1531
2024-10-12,4.83,4.1,315.454,2.8,102.2805,20024.3,84180.0,76.11,103.1531
2024-10-13,4.83,4.1,315.454,2.8,102.2805,20024.3,84180.0,76.11,103.1531
2024-10-14,4.83,4.1,315.454,2.8,102.2805,20024.3,84180.0,76.11,103.1531
2024-10-15,4.83,4.1,315.454,2.8,102.2805,20024.3,84180.0,71.22,103.1531
2024-10-16,4.83,4.1,315.454,2.8,102.2805,20024.3,84180.0,70.97,103.1531
2024-10-17,4.83,4.1,315.454,2.8,102.2805,20024.3,84180.0,71.26,103.1531
2024-10-18,4.83,4.1,315.454,2.8,102.2805,20024.3,84180.0,69.78,103.1531
2024-10-19,4.83,4.1,315.454,2.8,102.2805,20024.3,84180.0,69.78,103.1531
2024-10-20,4.83,4.1,315.454,2.8,102.2805,20024.3,84180.0,69.78,103.1531
2024-10-21,4.83,4.1,315.454,2.8,102.2805,20024.3,84180.0,71.16,103.1531
2024-10-22,4.83,4.1,315.454,2.8,102.2805,20024.3,84180.0,72.84,103.1531
2024-10-23,4.83,4.1,315.454,2.8,102.2805,20024.3,84180.0,71.37,103.1531
2024-10-24,4.83,4.1,315.454,2.8,102.2805,20024.3,84180.0,70.58,103.1531
2024-10-25,4.83,4.1,315.454,2.8,102.2805,20024.3,84180.0,72.02,103.1531
2024-10-26,4.83,4.1,315.454,2.8,102.2805,20024.3,84180.0,72.02,103.1531
2024-10-27,4.83,4.1,315.454,2.8,102.2805,20024.3,84180.0,72.02,103.1531
2024-10-28,4.83,4.1,315.454,2.8,102.2805,20024.3,84180.0,67.65,103.1531
2024-10-29,4.83,4.1,315.454,2.8,102.2805,20024.3,84180.0,67.48,103.1531
2024-10-30,4.83,4.1,315.454,2.8,102.2805,20024.3,84180.0,68.91,103.1531
2024-10-31,4.83,4.1,315.454,2.8,102.2805,20024.3,84180.0,69.58,103.1531
2024-11-01,4.83,4.1,315.454,2.8,102.2805,20024.3,84180.0,69.81,103.1531
2024-11-02,4.83,4.1,315.454,2.8,102.2805,20024.3,84180.0,69.81,103.1531
2024-11-03,4.83,4.1,315.454,2.8,102.2805,20024.3,84180.0,69.81,103.1531
2024-11-04,4.83,4.1,315.454,2.8,102.2805,20024.3,84180.0,71.83,103.1531
2024-11-05,4.83,4.1,315.454,2.8,102.2805,20024.3,84180.0,72.26,103.1531
2024-11-06,4.83,4.1,315.454,2.8,102.2805,20024.3,84180.0,71.98,103.1531
2024-11-07,4.83,4.1,315.454,2.8,102.2805,20024.3,84180.0,72.69,103.1531
2024-11-08,4.58,4.1,315.454,2.8,102.2805,20024.3,84180.0,70.69,103.1531
2024-11-09,4.58,4.1,315.454,2.8,102.2805,20024.3,84180.0,70.69,103.1531
2024-11-10,4.58,4.1,315.454,2.8,102.2805,20024.3,84180.0,70.69,103.1531
2024-11-11,4.58,4.1,315.454,2.8,102.2805,20024.3,84180.0,70.69,103.1531
2024-11-12,4.58,4.1,315.454,2.8,102.2805,20024.3,84180.0,68.43,103.1531
2024-11-13,4.58,4.1,315.454,2.8,102.2805,20024.3,84180.0,68.76,103.1531
2024-11-14,4.58,4.1,315.454,2.8,102.2805,20024.3,84180.0,68.99,103.1531
2024-11-15,4.58,4.1,315.454,2.8,102.2805,20024.3,84180.0,67.33,103.1531
2024-11-16,4.58,4.1,315.454,2.8,102.2805,20024.3,84180.0,67.33,103.1531
2024-11-17,4.58,4.1,315.454,2.8,102.2805,20024.3,84180.0,67.33,103.1531
2024-11-18,4.58,4.1,315.454,2.8,102.2805,20024.3,84180.0,69.46,103.1531
2024-11-19,4.58,4.1,315.454,2.8,102.2805,20024.3,84180.0,69.46,103.1531
2024-11-20,4.58,4.1,315.454,2.8,102.2805,20024.3,84180.0,69.46,103.1531
2024-11-21,4.58,4.1,315.454,2.8,102.2805,20024.3,84180.0,69.46,103.1531
