Date,interest_rate,unemployment_rate,cpi,gdp_growth,industrial_production,personal_consumption,housing_starts,retail_sales,sp500,vix
2022-01-03,0.08,4.0,282.39,-1.0,101.2146,17017.8,1712.0,644034.0,4796.56,16.6
2022-01-04,0.08,4.0,282.39,-1.0,101.2146,17017.8,1712.0,644034.0,4793.54,16.91
2022-01-05,0.08,4.0,282.39,-1.0,101.2146,17017.8,1712.0,644034.0,4700.58,19.73
2022-01-06,0.08,4.0,282.39,-1.0,101.2146,17017.8,1712.0,644034.0,4696.05,19.61
2022-01-07,0.08,4.0,282.39,-1.0,101.2146,17017.8,1712.0,644034.0,4677.03,18.76
2022-01-08,0.08,4.0,282.39,-1.0,101.2146,17017.8,1712.0,644034.0,4677.03,18.76
2022-01-09,0.08,4.0,282.39,-1.0,101.2146,17017.8,1712.0,644034.0,4677.03,18.76
2022-01-10,0.08,4.0,282.39,-1.0,101.2146,17017.8,1712.0,644034.0,4670.29,19.4
2022-01-11,0.08,4.0,282.39,-1.0,101.2146,17017.8,1712.0,644034.0,4713.07,18.41
2022-01-12,0.08,4.0,282.39,-1.0,101.2146,17017.8,1712.0,644034.0,4726.35,17.62
2022-01-13,0.08,4.0,282.39,-1.0,101.2146,17017.8,1712.0,644034.0,4659.03,20.31
2022-01-14,0.08,4.0,282.39,-1.0,101.2146,17017.8,1712.0,644034.0,4662.85,19.19
2022-01-15,0.08,4.0,282.39,-1.0,101.2146,17017.8,1712.0,644034.0,4662.85,19.19
2022-01-16,0.08,4.0,282.39,-1.0,101.2146,17017.8,1712.0,644034.0,4662.85,19.19
2022-01-17,0.08,4.0,282.39,-1.0,101.2146,17017.8,1712.0,644034.0,4662.85,19.19
2022-01-18,0.08,4.0,282.39,-1.0,101.2146,17017.8,1712.0,644034.0,4577.11,22.79
2022-01-19,0.08,4.0,282.39,-1.0,101.2146,17017.8,1712.0,644034.0,4532.76,23.85
2022-01-20,0.08,4.0,282.39,-1.0,101.2146,17017.8,1712.0,644034.0,4482.73,25.59
2022-01-21,0.08,4.0,282.39,-1.0,101.2146,17017.8,1712.0,644034.0,4397.94,28.85
2022-01-22,0.08,4.0,282.39,-1.0,101.2146,17017.8,1712.0,644034.0,4397.94,28.85
2022-01-23,0.08,4.0,282.39,-1.0,101.2146,17017.8,1712.0,644034.0,4397.94,28.85
2022-01-24,0.08,4.0,282.39,-1.0,101.2146,17017.8,1712.0,644034.0,4410.13,29.9
2022-01-25,0.08,4.0,282.39,-1.0,101.2146,17017.8,1712.0,644034.0,4356.45,31.16
2022-01-26,0.08,4.0,282.39,-1.0,101.2146,17017.8,1712.0,644034.0,4349.93,31.96
2022-01-27,0.08,4.0,282.39,-1.0,101.2146,17017.8,1712.0,644034.0,4326.51,30.49
2022-01-28,0.08,4.0,282.39,-1.0,101.2146,17017.8,1712.0,644034.0,4431.85,27.66
2022-01-29,0.08,4.0,282.39,-1.0,101.2146,17017.8,1712.0,644034.0,4431.85,27.66
2022-01-30,0.08,4.0,282.39,-1.0,101.2146,17017.8,1712.0,644034.0,4431.85,27.66
2022-01-31,0.08,4.0,282.39,-1.0,101.2146,17017.8,1712.0,644034.0,4515.55,24.83
2022-02-01,0.08,3.8,284.535,-1.0,101.8458,17136.1,1742.0,650522.0,4546.54,21.96
2022-02-02,0.08,3.8,284.535,-1.0,101.8458,17136.1,1742.0,650522.0,4589.38,22.09
2022-02-03,0.08,3.8,284.535,-1.0,101.8458,17136.1,1742.0,650522.0,4477.44,24.35
2022-02-04,0.08,3.8,284.535,-1.0,101.8458,17136.1,1742.0,650522.0,4500.53,23.22
2022-02-05,0.08,3.8,284.535,-1.0,101.8458,17136.1,1742.0,650522.0,4500.53,23.22
2022-02-06,0.08,3.8,284.535,-1.0,101.8458,17136.1,1742.0,650522.0,4500.53,23.22
2022-02-07,0.08,3.8,284.535,-1.0,101.8458,17136.1,1742.0,650522.0,4483.87,22.86
2022-02-08,0.08,3.8,284.535,-1.0,101.8458,17136.1,1742.0,650522.0,4521.54,21.44
2022-02-09,0.08,3.8,284.535,-1.0,101.8458,17136.1,1742.0,650522.0,4587.18,19.96
2022-02-10,0.08,3.8,284.535,-1.0,101.8458,17136.1,1742.0,650522.0,4504.08,23.91
2022-02-11,0.08,3.8,284.535,-1.0,101.8458,17136.1,1742.0,650522.0,4418.64,27.36
2022-02-12,0.08,3.8,284.535,-1.0,101.8458,17136.1,1742.0,650522.0,4418.64,27.36
2022-02-13,0.08,3.8,284.535,-1.0,101.8458,17136.1,1742.0,650522.0,4418.64,27.36
2022-02-14,0.08,3.8,284.535,-1.0,101.8458,17136.1,1742.0,650522.0,4401.67,28.33
2022-02-15,0.08,3.8,284.535,-1.0,101.8458,17136.1,1742.0,650522.0,4471.07,25.7
2022-02-16,0.08,3.8,284.535,-1.0,101.8458,17136.1,1742.0,650522.0,4475.01,24.29
2022-02-17,0.08,3.8,284.535,-1.0,101.8458,17136.1,1742.0,650522.0,4380.26,28.11
2022-02-18,0.08,3.8,284.535,-1.0,101.8458,17136.1,1742.0,650522.0,4348.87,27.75
2022-02-19,0.08,3.8,284.535,-1.0,101.8458,17136.1,1742.0,650522.0,4348.87,27.75
2022-02-20,0.08,3.8,284.535,-1.0,101.8458,17136.1,1742.0,650522.0,4348.87,27.75
2022-02-21,0.08,3.8,284.535,-1.0,101.8458,17136.1,1742.0,650522.0,4348.87,27.75
2022-02-22,0.08,3.8,284.535,-1.0,101.8458,17136.1,1742.0,650522.0,4304.76,28.81
2022-02-23,0.08,3.8,284.535,-1.0,101.8458,17136.1,1742.0,650522.0,4225.5,31.02
2022-02-24,0.08,3.8,284.535,-1.0,101.8458,17136.1,1742.0,650522.0,4288.7,30.32
2022-02-25,0.08,3.8,284.535,-1.0,101.8458,17136.1,1742.0,650522.0,4384.65,27.59
2022-02-26,0.08,3.8,284.535,-1.0,101.8458,17136.1,1742.0,650522.0,4384.65,27.59
2022-02-27,0.08,3.8,284.535,-1.0,101.8458,17136.1,1742.0,650522.0,4384.65,27.59
2022-02-28,0.08,3.8,284.535,-1.0,101.8458,17136.1,1742.0,650522.0,4373.94,30.15
2022-03-01,0.08,3.6,287.553,-1.0,102.6732,17371.4,1678.0,664167.0,4306.26,33.32
2022-03-02,0.08,3.6,287.553,-1.0,102.6732,17371.4,1678.0,664167.0,4386.54,30.74
2022-03-03,0.08,3.6,287.553,-1.0,102.6732,17371.4,1678.0,664167.0,4363.49,30.48
2022-03-04,0.08,3.6,287.553,-1.0,102.6732,17371.4,1678.0,664167.0,4328.87,31.98
2022-03-05,0.08,3.6,287.553,-1.0,102.6732,17371.4,1678.0,664167.0,4328.87,31.98
2022-03-06,0.08,3.6,287.553,-1.0,102.6732,17371.4,1678.0,664167.0,4328.87,31.98
2022-03-07,0.08,3.6,287.553,-1.0,102.6732,17371.4,1678.0,664167.0,4201.09,36.45
2022-03-08,0.08,3.6,287.553,-1.0,102.6732,17371.4,1678.0,664167.0,4170.7,35.13
2022-03-09,0.08,3.6,287.553,-1.0,102.6732,17371.4,1678.0,664167.0,4277.88,32.45
2022-03-10,0.08,3.6,287.553,-1.0,102.6732,17371.4,1678.0,664167.0,4259.52,30.23
2022-03-11,0.08,3.6,287.553,-1.0,102.6732,17371.4,1678.0,664167.0,4204.31,30.75
2022-03-12,0.08,3.6,287.553,-1.0,102.6732,17371.4,1678.0,664167.0,4204.31,30.75
2022-03-13,0.08,3.6,287.553,-1.0,102.6732,17371.4,1678.0,664167.0,4204.31,30.75
2022-03-14,0.08,3.6,287.553,-1.0,102.6732,17371.4,1678.0,664167.0,4173.11,31.77
2022-03-15,0.08,3.6,287.553,-1.0,102.6732,17371.4,1678.0,664167.0,4262.45,29.83
2022-03-16,0.08,3.6,287.553,-1.0,102.6732,17371.4,1678.0,664167.0,4357.86,26.67
2022-03-17,0.33,3.6,287.553,-1.0,102.6732,17371.4,1678.0,664167.0,4411.67,25.67
2022-03-18,0.33,3.6,287.553,-1.0,102.6732,17371.4,1678.0,664167.0,4463.12,23.87
2022-03-19,0.33,3.6,287.553,-1.0,102.6732,17371.4,1678.0,664167.0,4463.12,23.87
2022-03-20,0.33,3.6,287.553,-1.0,102.6732,17371.4,1678.0,664167.0,4463.12,23.87
2022-03-21,0.33,3.6,287.553,-1.0,102.6732,17371.4,1678.0,664167.0,4461.18,23.53
2022-03-22,0.33,3.6,287.553,-1.0,102.6732,17371.4,1678.0,664167.0,4511.61,22.94
2022-03-23,0.33,3.6,287.553,-1.0,102.6732,17371.4,1678.0,664167.0,4456.24,23.57
2022-03-24,0.33,3.6,287.553,-1.0,102.6732,17371.4,1678.0,664167.0,4520.16,21.67
2022-03-25,0.33,3.6,287.553,-1.0,102.6732,17371.4,1678.0,664167.0,4543.06,20.81
2022-03-26,0.33,3.6,287.553,-1.0,102.6732,17371.4,1678.0,664167.0,4543.06,20.81
2022-03-27,0.33,3.6,287.553,-1.0,102.6732,17371.4,1678.0,664167.0,4543.06,20.81
2022-03-28,0.33,3.6,287.553,-1.0,102.6732,17371.4,1678.0,664167.0,4575.52,19.63
2022-03-29,0.33,3.6,287.553,-1.0,102.6732,17371.4,1678.0,664167.0,4631.6,18.9
2022-03-30,0.33,3.6,287.553,-1.0,102.6732,17371.4,1678.0,664167.0,4602.45,19.33
2022-03-31,0.33,3.6,287.553,-1.0,102.6732,17371.4,1678.0,664167.0,4530.41,20.56
2022-04-01,0.33,3.7,288.764,0.3,102.9024,17493.8,1828.0,673245.0,4545.86,19.63
2022-04-02,0.33,3.7,288.764,0.3,102.9024,17493.8,1828.0,673245.0,4545.86,19.63
2022-04-03,0.33,3.7,288.764,0.3,102.9024,17493.8,1828.0,673245.0,4545.86,19.63
2022-04-04,0.33,3.7,288.764,0.3,102.9024,17493.8,1828.0,673245.0,4582.64,18.57
2022-04-05,0.33,3.7,288.764,0.3,102.9024,17493.8,1828.0,673245.0,4525.12,21.03
2022-04-06,0.33,3.7,288.764,0.3,102.9024,17493.8,1828.0,673245.0,4481.15,22.1
2022-04-07,0.33,3.7,288.764,0.3,102.9024,17493.8,1828.0,673245.0,4500.21,21.55
2022-04-08,0.33,3.7,288.764,0.3,102.9024,17493.8,1828.0,673245.0,4488.28,21.16
2022-04-09,0.33,3.7,288.764,0.3,102.9024,17493.8,1828.0,673245.0,4488.28,21.16
2022-04-10,0.33,3.7,288.764,0.3,102.9024,17493.8,1828.0,673245.0,4488.28,21.16
2022-04-11,0.33,3.7,288.764,0.3,102.9024,17493.8,1828.0,673245.0,4412.53,24.37
2022-04-12,0.33,3.7,288.764,0.3,102.9024,17493.8,1828.0,673245.0,4397.45,24.26
2022-04-13,0.33,3.7,288.764,0.3,102.9024,17493.8,1828.0,673245.0,4446.59,21.82
2022-04-14,0.33,3.7,288.764,0.3,102.9024,17493.8,1828.0,673245.0,4392.59,22.7
2022-04-15,0.33,3.7,288.764,0.3,102.9024,17493.8,1828.0,673245.0,4392.59,22.7
2022-04-16,0.33,3.7,288.764,0.3,102.9024,17493.8,1828.0,673245.0,4392.59,22.7
2022-04-17,0.33,3.7,288.764,0.3,102.9024,17493.8,1828.0,673245.0,4392.59,22.7
2022-04-18,0.33,3.7,288.764,0.3,102.9024,17493.8,1828.0,673245.0,4391.69,22.17
2022-04-19,0.33,3.7,288.764,0.3,102.9024,17493.8,1828.0,673245.0,4462.21,21.37
2022-04-20,0.33,3.7,288.764,0.3,102.9024,17493.8,1828.0,673245.0,4459.45,20.32
2022-04-21,0.33,3.7,288.764,0.3,102.9024,17493.8,1828.0,673245.0,4393.66,22.68
2022-04-22,0.33,3.7,288.764,0.3,102.9024,17493.8,1828.0,673245.0,4271.78,28.21
2022-04-23,0.33,3.7,288.764,0.3,102.9024,17493.8,1828.0,673245.0,4271.78,28.21
2022-04-24,0.33,3.7,288.764,0.3,102.9024,17493.8,1828.0,673245.0,4271.78,28.21
2022-04-25,0.33,3.7,288.764,0.3,102.9024,17493.8,1828.0,673245.0,4296.12,27.02
2022-04-26,0.33,3.7,288.764,0.3,102.9024,17493.8,1828.0,673245.0,4175.2,33.52
2022-04-27,0.33,3.7,288.764,0.3,102.9024,17493.8,1828.0,673245.0,4183.96,31.6
2022-04-28,0.33,3.7,288.764,0.3,102.9024,17493.8,1828.0,673245.0,4287.5,29.99
2022-04-29,0.33,3.7,288.764,0.3,102.9024,17493.8,1828.0,673245.0,4131.93,33.4
2022-04-30,0.33,3.7,288.764,0.3,102.9024,17493.8,1828.0,673245.0,4131.93,33.4
2022-05-01,0.33,3.6,291.359,0.3,102.9659,17569.9,1540.0,671040.0,4131.93,33.4
2022-05-02,0.33,3.6,291.359,0.3,102.9659,17569.9,1540.0,671040.0,4155.38,32.34
2022-05-03,0.33,3.6,291.359,0.3,102.9659,17569.9,1540.0,671040.0,4175.48,29.25
2022-05-04,0.33,3.6,291.359,0.3,102.9659,17569.9,1540.0,671040.0,4300.17,25.42
2022-05-05,0.83,3.6,291.359,0.3,102.9659,17569.9,1540.0,671040.0,4146.87,31.2
2022-05-06,0.83,3.6,291.359,0.3,102.9659,17569.9,1540.0,671040.0,4123.34,30.19
2022-05-07,0.83,3.6,291.359,0.3,102.9659,17569.9,1540.0,671040.0,4123.34,30.19
2022-05-08,0.83,3.6,291.359,0.3,102.9659,17569.9,1540.0,671040.0,4123.34,30.19
2022-05-09,0.83,3.6,291.359,0.3,102.9659,17569.9,1540.0,671040.0,3991.24,34.75
2022-05-10,0.83,3.6,291.359,0.3,102.9659,17569.9,1540.0,671040.0,4001.05,32.99
2022-05-11,0.83,3.6,291.359,0.3,102.9659,17569.9,1540.0,671040.0,3935.18,32.56
2022-05-12,0.83,3.6,291.359,0.3,102.9659,17569.9,1540.0,671040.0,3930.08,31.77
2022-05-13,0.83,3.6,291.359,0.3,102.9659,17569.9,1540.0,671040.0,4023.89,28.87
2022-05-14,0.83,3.6,291.359,0.3,102.9659,17569.9,1540.0,671040.0,4023.89,28.87
2022-05-15,0.83,3.6,291.359,0.3,102.9659,17569.9,1540.0,671040.0,4023.89,28.87
2022-05-16,0.83,3.6,291.359,0.3,102.9659,17569.9,1540.0,671040.0,4008.01,27.47
2022-05-17,0.83,3.6,291.359,0.3,102.9659,17569.9,1540.0,671040.0,4088.85,26.1
2022-05-18,0.83,3.6,291.359,0.3,102.9659,17569.9,1540.0,671040.0,3923.68,30.96
2022-05-19,0.83,3.6,291.359,0.3,102.9659,17569.9,1540.0,671040.0,3900.79,29.35
2022-05-20,0.83,3.6,291.359,0.3,102.9659,17569.9,1540.0,671040.0,3901.36,29.43
2022-05-21,0.83,3.6,291.359,0.3,102.9659,17569.9,1540.0,671040.0,3901.36,29.43
2022-05-22,0.83,3.6,291.359,0.3,102.9659,17569.9,1540.0,671040.0,3901.36,29.43
2022-05-23,0.83,3.6,291.359,0.3,102.9659,17569.9,1540.0,671040.0,3973.75,28.48
2022-05-24,0.83,3.6,291.359,0.3,102.9659,17569.9,1540.0,671040.0,3941.48,29.45
2022-05-25,0.83,3.6,291.359,0.3,102.9659,17569.9,1540.0,671040.0,3978.73,28.37
2022-05-26,0.83,3.6,291.359,0.3,102.9659,17569.9,1540.0,671040.0,4057.84,27.5
2022-05-27,0.83,3.6,291.359,0.3,102.9659,17569.9,1540.0,671040.0,4158.24,25.72
2022-05-28,0.83,3.6,291.359,0.3,102.9659,17569.9,1540.0,671040.0,4158.24,25.72
2022-05-29,0.83,3.6,291.359,0.3,102.9659,17569.9,1540.0,671040.0,4158.24,25.72
2022-05-30,0.83,3.6,291.359,0.3,102.9659,17569.9,1540.0,671040.0,4158.24,26.54
2022-05-31,0.83,3.6,291.359,0.3,102.9659,17569.9,1540.0,671040.0,4132.15,26.19
2022-06-01,0.83,3.6,294.996,0.3,102.8224,17747.6,1542.0,675702.0,4101.23,25.69
2022-06-02,0.83,3.6,294.996,0.3,102.8224,17747.6,1542.0,675702.0,4176.82,24.72
2022-06-03,0.83,3.6,294.996,0.3,102.8224,17747.6,1542.0,675702.0,4108.54,24.79
2022-06-04,0.83,3.6,294.996,0.3,102.8224,17747.6,1542.0,675702.0,4108.54,24.79
2022-06-05,0.83,3.6,294.996,0.3,102.8224,17747.6,1542.0,675702.0,4108.54,24.79
2022-06-06,0.83,3.6,294.996,0.3,102.8224,17747.6,1542.0,675702.0,4121.43,25.07
2022-06-07,0.83,3.6,294.996,0.3,102.8224,17747.6,1542.0,675702.0,4160.68,24.02
2022-06-08,0.83,3.6,294.996,0.3,102.8224,17747.6,1542.0,675702.0,4115.77,23.96
2022-06-09,0.83,3.6,294.996,0.3,102.8224,17747.6,1542.0,675702.0,4017.82,26.09
2022-06-10,0.83,3.6,294.996,0.3,102.8224,17747.6,1542.0,675702.0,3900.86,27.75
2022-06-11,0.83,3.6,294.996,0.3,102.8224,17747.6,1542.0,675702.0,3900.86,27.75
2022-06-12,0.83,3.6,294.996,0.3,102.8224,17747.6,1542.0,675702.0,3900.86,27.75
2022-06-13,0.83,3.6,294.996,0.3,102.8224,17747.6,1542.0,675702.0,3749.63,34.02
2022-06-14,0.83,3.6,294.996,0.3,102.8224,17747.6,1542.0,675702.0,3735.48,32.69
2022-06-15,0.83,3.6,294.996,0.3,102.8224,17747.6,1542.0,675702.0,3789.99,29.62
2022-06-16,1.58,3.6,294.996,0.3,102.8224,17747.6,1542.0,675702.0,3666.77,32.95
2022-06-17,1.58,3.6,294.996,0.3,102.8224,17747.6,1542.0,675702.0,3674.84,31.13
2022-06-18,1.58,3.6,294.996,0.3,102.8224,17747.6,1542.0,675702.0,3674.84,31.13
2022-06-19,1.58,3.6,294.996,0.3,102.8224,17747.6,1542.0,675702.0,3674.84,31.13
2022-06-20,1.58,3.6,294.996,0.3,102.8224,17747.6,1542.0,675702.0,3674.84,31.03
2022-06-21,1.58,3.6,294.996,0.3,102.8224,17747.6,1542.0,675702.0,3764.79,30.19
2022-06-22,1.58,3.6,294.996,0.3,102.8224,17747.6,1542.0,675702.0,3759.89,28.95
2022-06-23,1.58,3.6,294.996,0.3,102.8224,17747.6,1542.0,675702.0,3795.73,29.05
2022-06-24,1.58,3.6,294.996,0.3,102.8224,17747.6,1542.0,675702.0,3911.74,27.23
2022-06-25,1.58,3.6,294.996,0.3,102.8224,17747.6,1542.0,675702.0,3911.74,27.23
2022-06-26,1.58,3.6,294.996,0.3,102.8224,17747.6,1542.0,675702.0,3911.74,27.23
2022-06-27,1.58,3.6,294.996,0.3,102.8224,17747.6,1542.0,675702.0,3900.11,26.95
2022-06-28,1.58,3.6,294.996,0.3,102.8224,17747.6,1542.0,675702.0,3821.55,28.36
2022-06-29,1.58,3.6,294.996,0.3,102.8224,17747.6,1542.0,675702.0,3818.83,28.16
2022-06-30,1.58,3.6,294.996,0.3,102.8224,17747.6,1542.0,675702.0,3785.38,28.71
2022-07-01,1.58,3.5,294.977,2.7,103.0505,17744.0,1392.0,671067.0,3825.33,26.7
2022-07-02,1.58,3.5,294.977,2.7,103.0505,17744.0,1392.0,671067.0,3825.33,26.7
2022-07-03,1.58,3.5,294.977,2.7,103.0505,17744.0,1392.0,671067.0,3825.33,26.7
2022-07-04,1.58,3.5,294.977,2.7,103.0505,17744.0,1392.0,671067.0,3825.33,27.53
2022-07-05,1.58,3.5,294.977,2.7,103.0505,17744.0,1392.0,671067.0,3831.39,27.54
2022-07-06,1.58,3.5,294.977,2.7,103.0505,17744.0,1392.0,671067.0,3845.08,26.73
2022-07-07,1.58,3.5,294.977,2.7,103.0505,17744.0,1392.0,671067.0,3902.62,26.08
2022-07-08,1.58,3.5,294.977,2.7,103.0505,17744.0,1392.0,671067.0,3899.38,24.64
2022-07-09,1.58,3.5,294.977,2.7,103.0505,17744.0,1392.0,671067.0,3899.38,24.64
2022-07-10,1.58,3.5,294.977,2.7,103.0505,17744.0,1392.0,671067.0,3899.38,24.64
2022-07-11,1.58,3.5,294.977,2.7,103.0505,17744.0,1392.0,671067.0,3854.43,26.17
2022-07-12,1.58,3.5,294.977,2.7,103.0505,17744.0,1392.0,671067.0,3818.8,27.29
2022-07-13,1.58,3.5,294.977,2.7,103.0505,17744.0,1392.0,671067.0,3801.78,26.82
2022-07-14,1.58,3.5,294.977,2.7,103.0505,17744.0,1392.0,671067.0,3790.38,26.4
2022-07-15,1.58,3.5,294.977,2.7,103.0505,17744.0,1392.0,671067.0,3863.16,24.23
2022-07-16,1.58,3.5,294.977,2.7,103.0505,17744.0,1392.0,671067.0,3863.16,24.23
2022-07-17,1.58,3.5,294.977,2.7,103.0505,17744.0,1392.0,671067.0,3863.16,24.23
2022-07-18,1.58,3.5,294.977,2.7,103.0505,17744.0,1392.0,671067.0,3830.85,25.3
2022-07-19,1.58,3.5,294.977,2.7,103.0505,17744.0,1392.0,671067.0,3936.69,24.5
2022-07-20,1.58,3.5,294.977,2.7,103.0505,17744.0,1392.0,671067.0,3959.9,23.88
2022-07-21,1.58,3.5,294.977,2.7,103.0505,17744.0,1392.0,671067.0,3998.95,23.11
2022-07-22,1.58,3.5,294.977,2.7,103.0505,17744.0,1392.0,671067.0,3961.63,23.03
2022-07-23,1.58,3.5,294.977,2.7,103.0505,17744.0,1392.0,671067.0,3961.63,23.03
2022-07-24,1.58,3.5,294.977,2.7,103.0505,17744.0,1392.0,671067.0,3961.63,23.03
2022-07-25,1.58,3.5,294.977,2.7,103.0505,17744.0,1392.0,671067.0,3966.84,23.36
2022-07-26,1.58,3.5,294.977,2.7,103.0505,17744.0,1392.0,671067.0,3921.05,24.69
2022-07-27,1.58,3.5,294.977,2.7,103.0505,17744.0,1392.0,671067.0,4023.61,23.24
2022-07-28,2.33,3.5,294.977,2.7,103.0505,17744.0,1392.0,671067.0,4072.43,22.33
2022-07-29,2.32,3.5,294.977,2.7,103.0505,17744.0,1392.0,671067.0,4130.29,21.33
2022-07-30,2.32,3.5,294.977,2.7,103.0505,17744.0,1392.0,671067.0,4130.29,21.33
2022-07-31,2.32,3.5,294.977,2.7,103.0505,17744.0,1392.0,671067.0,4130.29,21.33
2022-08-01,2.33,3.6,295.209,2.7,103.1703,17897.5,1520.0,675107.0,4118.63,22.84
2022-08-02,2.33,3.6,295.209,2.7,103.1703,17897.5,1520.0,675107.0,4091.19,23.93
2022-08-03,2.33,3.6,295.209,2.7,103.1703,17897.5,1520.0,675107.0,4155.17,21.95
2022-08-04,2.33,3.6,295.209,2.7,103.1703,17897.5,1520.0,675107.0,4151.94,21.44
2022-08-05,2.33,3.6,295.209,2.7,103.1703,17897.5,1520.0,675107.0,4145.19,21.15
2022-08-06,2.33,3.6,295.209,2.7,103.1703,17897.5,1520.0,675107.0,4145.19,21.15
2022-08-07,2.33,3.6,295.209,2.7,103.1703,17897.5,1520.0,675107.0,4145.19,21.15
2022-08-08,2.33,3.6,295.209,2.7,103.1703,17897.5,1520.0,675107.0,4140.06,21.29
2022-08-09,2.33,3.6,295.209,2.7,103.1703,17897.5,1520.0,675107.0,4122.47,21.77
2022-08-10,2.33,3.6,295.209,2.7,103.1703,17897.5,1520.0,675107.0,4210.24,19.74
2022-08-11,2.33,3.6,295.209,2.7,103.1703,17897.5,1520.0,675107.0,4207.27,20.2
2022-08-12,2.33,3.6,295.209,2.7,103.1703,17897.5,1520.0,675107.0,4280.15,19.53
2022-08-13,2.33,3.6,295.209,2.7,103.1703,17897.5,1520.0,675107.0,4280.15,19.53
2022-08-14,2.33,3.6,295.209,2.7,103.1703,17897.5,1520.0,675107.0,4280.15,19.53
2022-08-15,2.33,3.6,295.209,2.7,103.1703,17897.5,1520.0,675107.0,4297.14,19.95
2022-08-16,2.33,3.6,295.209,2.7,103.1703,17897.5,1520.0,675107.0,4305.2,19.69
2022-08-17,2.33,3.6,295.209,2.7,103.1703,17897.5,1520.0,675107.0,4274.04,19.9
2022-08-18,2.33,3.6,295.209,2.7,103.1703,17897.5,1520.0,675107.0,4283.74,19.56
2022-08-19,2.33,3.6,295.209,2.7,103.1703,17897.5,1520.0,675107.0,4228.48,20.6
2022-08-20,2.33,3.6,295.209,2.7,103.1703,17897.5,1520.0,675107.0,4228.48,20.6
2022-08-21,2.33,3.6,295.209,2.7,103.1703,17897.5,1520.0,675107.0,4228.48,20.6
2022-08-22,2.33,3.6,295.209,2.7,103.1703,17897.5,1520.0,675107.0,4137.99,23.8
2022-08-23,2.33,3.6,295.209,2.7,103.1703,17897.5,1520.0,675107.0,4128.73,24.11
2022-08-24,2.33,3.6,295.209,2.7,103.1703,17897.5,1520.0,675107.0,4140.77,22.82
2022-08-25,2.33,3.6,295.209,2.7,103.1703,17897.5,1520.0,675107.0,4199.12,21.78
2022-08-26,2.33,3.6,295.209,2.7,103.1703,17897.5,1520.0,675107.0,4057.66,25.56
2022-08-27,2.33,3.6,295.209,2.7,103.1703,17897.5,1520.0,675107.0,4057.66,25.56
2022-08-28,2.33,3.6,295.209,2.7,103.1703,17897.5,1520.0,675107.0,4057.66,25.56
2022-08-29,2.33,3.6,295.209,2.7,103.1703,17897.5,1520.0,675107.0,4030.61,26.21
2022-08-30,2.33,3.6,295.209,2.7,103.1703,17897.5,1520.0,675107.0,3986.16,26.21
2022-08-31,2.33,3.6,295.209,2.7,103.1703,17897.5,1520.0,675107.0,3955.0,25.87
2022-09-01,2.33,3.5,296.341,2.7,103.5326,17987.2,1470.0,673312.0,3966.85,25.56
2022-09-02,2.33,3.5,296.341,2.7,103.5326,17987.2,1470.0,673312.0,3924.26,25.47
2022-09-03,2.33,3.5,296.341,2.7,103.5326,17987.2,1470.0,673312.0,3924.26,25.47
2022-09-04,2.33,3.5,296.341,2.7,103.5326,17987.2,1470.0,673312.0,3924.26,25.47
2022-09-05,2.33,3.5,296.341,2.7,103.5326,17987.2,1470.0,673312.0,3924.26,25.99
2022-09-06,2.33,3.5,296.341,2.7,103.5326,17987.2,1470.0,673312.0,3908.19,26.91
2022-09-07,2.33,3.5,296.341,2.7,103.5326,17987.2,1470.0,673312.0,3979.87,24.64
2022-09-08,2.33,3.5,296.341,2.7,103.5326,17987.2,1470.0,673312.0,4006.18,23.61
2022-09-09,2.33,3.5,296.341,2.7,103.5326,17987.2,1470.0,673312.0,4067.36,22.79
2022-09-10,2.33,3.5,296.341,2.7,103.5326,17987.2,1470.0,673312.0,4067.36,22.79
2022-09-11,2.33,3.5,296.341,2.7,103.5326,17987.2,1470.0,673312.0,4067.36,22.79
2022-09-12,2.33,3.5,296.341,2.7,103.5326,17987.2,1470.0,673312.0,4110.41,23.87
2022-09-13,2.33,3.5,296.341,2.7,103.5326,17987.2,1470.0,673312.0,3932.69,27.27
2022-09-14,2.33,3.5,296.341,2.7,103.5326,17987.2,1470.0,673312.0,3946.01,26.16
2022-09-15,2.33,3.5,296.341,2.7,103.5326,17987.2,1470.0,673312.0,3901.35,26.27
2022-09-16,2.33,3.5,296.341,2.7,103.5326,17987.2,1470.0,673312.0,3873.33,26.3
2022-09-17,2.33,3.5,296.341,2.7,103.5326,17987.2,1470.0,673312.0,3873.33,26.3
2022-09-18,2.33,3.5,296.341,2.7,103.5326,17987.2,1470.0,673312.0,3873.33,26.3
2022-09-19,2.33,3.5,296.341,2.7,103.5326,17987.2,1470.0,673312.0,3899.89,25.76
2022-09-20,2.33,3.5,296.341,2.7,103.5326,17987.2,1470.0,673312.0,3855.93,27.16
2022-09-21,2.33,3.5,296.341,2.7,103.5326,17987.2,1470.0,673312.0,3789.93,27.99
2022-09-22,3.08,3.5,296.341,2.7,103.5326,17987.2,1470.0,673312.0,3757.99,27.35
2022-09-23,3.08,3.5,296.341,2.7,103.5326,17987.2,1470.0,673312.0,3693.23,29.92
2022-09-24,3.08,3.5,296.341,2.7,103.5326,17987.2,1470.0,673312.0,3693.23,29.92
2022-09-25,3.08,3.5,296.341,2.7,103.5326,17987.2,1470.0,673312.0,3693.23,29.92
2022-09-26,3.08,3.5,296.341,2.7,103.5326,17987.2,1470.0,673312.0,3655.04,32.26
2022-09-27,3.08,3.5,296.341,2.7,103.5326,17987.2,1470.0,673312.0,3647.29,32.6
2022-09-28,3.08,3.5,296.341,2.7,103.5326,17987.2,1470.0,673312.0,3719.04,30.18
2022-09-29,3.08,3.5,296.341,2.7,103.5326,17987.2,1470.0,673312.0,3640.47,31.84
2022-09-30,3.08,3.5,296.341,2.7,103.5326,17987.2,1470.0,673312.0,3585.62,31.62
2022-10-01,3.08,3.6,297.863,3.4,103.4442,18096.2,1440.0,681748.0,3585.62,31.62
2022-10-02,3.08,3.6,297.863,3.4,103.4442,18096.2,1440.0,681748.0,3585.62,31.62
2022-10-03,3.08,3.6,297.863,3.4,103.4442,18096.2,1440.0,681748.0,3678.43,30.1
2022-10-04,3.08,3.6,297.863,3.4,103.4442,18096.2,1440.0,681748.0,3790.93,29.07
2022-10-05,3.08,3.6,297.863,3.4,103.4442,18096.2,1440.0,681748.0,3783.28,28.55
2022-10-06,3.08,3.6,297.863,3.4,103.4442,18096.2,1440.0,681748.0,3744.52,30.52
2022-10-07,3.08,3.6,297.863,3.4,103.4442,18096.2,1440.0,681748.0,3639.66,31.36
2022-10-08,3.08,3.6,297.863,3.4,103.4442,18096.2,1440.0,681748.0,3639.66,31.36
2022-10-09,3.08,3.6,297.863,3.4,103.4442,18096.2,1440.0,681748.0,3639.66,31.36
2022-10-10,3.08,3.6,297.863,3.4,103.4442,18096.2,1440.0,681748.0,3612.39,32.45
2022-10-11,3.08,3.6,297.863,3.4,103.4442,18096.2,1440.0,681748.0,3588.84,33.63
2022-10-12,3.08,3.6,297.863,3.4,103.4442,18096.2,1440.0,681748.0,3577.03,33.57
2022-10-13,3.08,3.6,297.863,3.4,103.4442,18096.2,1440.0,681748.0,3669.91,31.94
2022-10-14,3.08,3.6,297.863,3.4,103.4442,18096.2,1440.0,681748.0,3583.07,32.02
2022-10-15,3.08,3.6,297.863,3.4,103.4442,18096.2,1440.0,681748.0,3583.07,32.02
2022-10-16,3.08,3.6,297.863,3.4,103.4442,18096.2,1440.0,681748.0,3583.07,32.02
2022-10-17,3.08,3.6,297.863,3.4,103.4442,18096.2,1440.0,681748.0,3677.95,31.37
2022-10-18,3.08,3.6,297.863,3.4,103.4442,18096.2,1440.0,681748.0,3719.98,30.5
2022-10-19,3.08,3.6,297.863,3.4,103.4442,18096.2,1440.0,681748.0,3695.16,30.76
2022-10-20,3.08,3.6,297.863,3.4,103.4442,18096.2,1440.0,681748.0,3665.78,29.98
2022-10-21,3.08,3.6,297.863,3.4,103.4442,18096.2,1440.0,681748.0,3752.75,29.69
2022-10-22,3.08,3.6,297.863,3.4,103.4442,18096.2,1440.0,681748.0,3752.75,29.69
2022-10-23,3.08,3.6,297.863,3.4,103.4442,18096.2,1440.0,681748.0,3752.75,29.69
2022-10-24,3.08,3.6,297.863,3.4,103.4442,18096.2,1440.0,681748.0,3797.34,29.85
2022-10-25,3.08,3.6,297.863,3.4,103.4442,18096.2,1440.0,681748.0,3859.11,28.46
2022-10-26,3.08,3.6,297.863,3.4,103.4442,18096.2,1440.0,681748.0,3830.6,27.28
2022-10-27,3.08,3.6,297.863,3.4,103.4442,18096.2,1440.0,681748.0,3807.3,27.39
2022-10-28,3.08,3.6,297.863,3.4,103.4442,18096.2,1440.0,681748.0,3901.06,25.75
2022-10-29,3.08,3.6,297.863,3.4,103.4442,18096.2,1440.0,681748.0,3901.06,25.75
2022-10-30,3.08,3.6,297.863,3.4,103.4442,18096.2,1440.0,681748.0,3901.06,25.75
2022-10-31,3.08,3.6,297.863,3.4,103.4442,18096.2,1440.0,681748.0,3871.98,25.88
2022-11-01,3.08,3.6,298.648,3.4,103.1058,18094.0,1420.0,673674.0,3856.1,25.81
2022-11-02,3.08,3.6,298.648,3.4,103.1058,18094.0,1420.0,673674.0,3759.69,25.86
2022-11-03,3.83,3.6,298.648,3.4,103.1058,18094.0,1420.0,673674.0,3719.89,25.3
2022-11-04,3.83,3.6,298.648,3.4,103.1058,18094.0,1420.0,673674.0,3770.55,24.55
2022-11-05,3.83,3.6,298.648,3.4,103.1058,18094.0,1420.0,673674.0,3770.55,24.55
2022-11-06,3.83,3.6,298.648,3.4,103.1058,18094.0,1420.0,673674.0,3770.55,24.55
2022-11-07,3.83,3.6,298.648,3.4,103.1058,18094.0,1420.0,673674.0,3806.8,24.35
2022-11-08,3.83,3.6,298.648,3.4,103.1058,18094.0,1420.0,673674.0,3828.11,25.54
2022-11-09,3.83,3.6,298.648,3.4,103.1058,18094.0,1420.0,673674.0,3748.57,26.09
2022-11-10,3.83,3.6,298.648,3.4,103.1058,18094.0,1420.0,673674.0,3956.37,23.53
2022-11-11,3.83,3.6,298.648,3.4,103.1058,18094.0,1420.0,673674.0,3992.93,22.52
2022-11-12,3.83,3.6,298.648,3.4,103.1058,18094.0,1420.0,673674.0,3992.93,22.52
2022-11-13,3.83,3.6,298.648,3.4,103.1058,18094.0,1420.0,673674.0,3992.93,22.52
2022-11-14,3.83,3.6,298.648,3.4,103.1058,18094.0,1420.0,673674.0,3957.25,23.73
2022-11-15,3.83,3.6,298.648,3.4,103.1058,18094.0,1420.0,673674.0,3991.73,24.54
2022-11-16,3.83,3.6,298.648,3.4,103.1058,18094.0,1420.0,673674.0,3958.79,24.11
2022-11-17,3.83,3.6,298.648,3.4,103.1058,18094.0,1420.0,673674.0,3946.56,23.93
2022-11-18,3.83,3.6,298.648,3.4,103.1058,18094.0,1420.0,673674.0,3965.34,23.12
2022-11-19,3.83,3.6,298.648,3.4,103.1058,18094.0,1420.0,673674.0,3965.34,23.12
2022-11-20,3.83,3.6,298.648,3.4,103.1058,18094.0,1420.0,673674.0,3965.34,23.12
2022-11-21,3.83,3.6,298.648,3.4,103.1058,18094.0,1420.0,673674.0,3949.94,22.36
2022-11-22,3.83,3.6,298.648,3.4,103.1058,18094.0,1420.0,673674.0,4003.58,21.29
2022-11-23,3.83,3.6,298.648,3.4,103.1058,18094.0,1420.0,673674.0,4027.26,20.35
2022-11-24,3.83,3.6,298.648,3.4,103.1058,18094.0,1420.0,673674.0,4027.26,20.42
2022-11-25,3.83,3.6,298.648,3.4,103.1058,18094.0,1420.0,673674.0,4026.12,20.5
2022-11-26,3.83,3.6,298.648,3.4,103.1058,18094.0,1420.0,673674.0,4026.12,20.5
2022-11-27,3.83,3.6,298.648,3.4,103.1058,18094.0,1420.0,673674.0,4026.12,20.5
2022-11-28,3.83,3.6,298.648,3.4,103.1058,18094.0,1420.0,673674.0,3963.94,22.21
2022-11-29,3.83,3.6,298.648,3.4,103.1058,18094.0,1420.0,673674.0,3957.63,21.89
2022-11-30,3.83,3.6,298.648,3.4,103.1058,18094.0,1420.0,673674.0,4080.11,20.58
2022-12-01,3.83,3.5,298.812,3.4,101.8266,18134.6,1340.0,666734.0,4076.57,19.84
2022-12-02,3.83,3.5,298.812,3.4,101.8266,18134.6,1340.0,666734.0,4071.7,19.06
2022-12-03,3.83,3.5,298.812,3.4,101.8266,18134.6,1340.0,666734.0,4071.7,19.06
2022-12-04,3.83,3.5,298.812,3.4,101.8266,18134.6,1340.0,666734.0,4071.7,19.06
2022-12-05,3.83,3.5,298.812,3.4,101.8266,18134.6,1340.0,666734.0,3998.84,20.75
2022-12-06,3.83,3.5,298.812,3.4,101.8266,18134.6,1340.0,666734.0,3941.26,22.17
2022-12-07,3.83,3.5,298.812,3.4,101.8266,18134.6,1340.0,666734.0,3933.92,22.68
2022-12-08,3.83,3.5,298.812,3.4,101.8266,18134.6,1340.0,666734.0,3963.51,22.29
2022-12-09,3.83,3.5,298.812,3.4,101.8266,18134.6,1340.0,666734.0,3934.38,22.83
2022-12-10,3.83,3.5,298.812,3.4,101.8266,18134.6,1340.0,666734.0,3934.38,22.83
2022-12-11,3.83,3.5,298.812,3.4,101.8266,18134.6,1340.0,666734.0,3934.38,22.83
2022-12-12,3.83,3.5,298.812,3.4,101.8266,18134.6,1340.0,666734.0,3990.56,25.0
2022-12-13,3.83,3.5,298.812,3.4,101.8266,18134.6,1340.0,666734.0,4019.65,22.55
2022-12-14,3.83,3.5,298.812,3.4,101.8266,18134.6,1340.0,666734.0,3995.32,21.14
2022-12-15,4.33,3.5,298.812,3.4,101.8266,18134.6,1340.0,666734.0,3895.75,22.83
2022-12-16,4.33,3.5,298.812,3.4,101.8266,18134.6,1340.0,666734.0,3852.36,22.62
2022-12-17,4.33,3.5,298.812,3.4,101.8266,18134.6,1340.0,666734.0,3852.36,22.62
2022-12-18,4.33,3.5,298.812,3.4,101.8266,18134.6,1340.0,666734.0,3852.36,22.62
2022-12-19,4.33,3.5,298.812,3.4,101.8266,18134.6,1340.0,666734.0,3817.66,22.42
2022-12-20,4.33,3.5,298.812,3.4,101.8266,18134.6,1340.0,666734.0,3821.62,21.48
2022-12-21,4.33,3.5,298.812,3.4,101.8266,18134.6,1340.0,666734.0,3878.44,20.07
2022-12-22,4.33,3.5,298.812,3.4,101.8266,18134.6,1340.0,666734.0,3822.39,21.97
2022-12-23,4.33,3.5,298.812,3.4,101.8266,18134.6,1340.0,666734.0,3844.82,20.87
2022-12-24,4.33,3.5,298.812,3.4,101.8266,18134.6,1340.0,666734.0,3844.82,20.87
2022-12-25,4.33,3.5,298.812,3.4,101.8266,18134.6,1340.0,666734.0,3844.82,20.87
2022-12-26,4.33,3.5,298.812,3.4,101.8266,18134.6,1340.0,666734.0,3844.82,20.87
2022-12-27,4.33,3.5,298.812,3.4,101.8266,18134.6,1340.0,666734.0,3829.25,21.65
2022-12-28,4.33,3.5,298.812,3.4,101.8266,18134.6,1340.0,666734.0,3783.22,22.14
2022-12-29,4.33,3.5,298.812,3.4,101.8266,18134.6,1340.0,666734.0,3849.28,21.44
2022-12-30,4.33,3.5,298.812,3.4,101.8266,18134.6,1340.0,666734.0,3839.5,21.67
2022-12-31,4.33,3.5,298.812,3.4,101.8266,18134.6,1340.0,666734.0,3839.5,21.67
2023-01-01,4.33,3.4,300.356,2.8,102.7476,18475.2,1361.0,693826.0,3839.5,21.67
2023-01-02,4.33,3.4,300.356,2.8,102.7476,18475.2,1361.0,693826.0,3839.5,21.67
2023-01-03,4.33,3.4,300.356,2.8,102.7476,18475.2,1361.0,693826.0,3824.14,22.9
2023-01-04,4.33,3.4,300.356,2.8,102.7476,18475.2,1361.0,693826.0,3852.97,22.01
2023-01-05,4.33,3.4,300.356,2.8,102.7476,18475.2,1361.0,693826.0,3808.1,22.46
2023-01-06,4.33,3.4,300.356,2.8,102.7476,18475.2,1361.0,693826.0,3895.08,21.13
2023-01-07,4.33,3.4,300.356,2.8,102.7476,18475.2,1361.0,693826.0,3895.08,21.13
2023-01-08,4.33,3.4,300.356,2.8,102.7476,18475.2,1361.0,693826.0,3895.08,21.13
2023-01-09,4.33,3.4,300.356,2.8,102.7476,18475.2,1361.0,693826.0,3892.09,21.97
2023-01-10,4.33,3.4,300.356,2.8,102.7476,18475.2,1361.0,693826.0,3919.25,20.58
2023-01-11,4.33,3.4,300.356,2.8,102.7476,18475.2,1361.0,693826.0,3969.61,21.09
2023-01-12,4.33,3.4,300.356,2.8,102.7476,18475.2,1361.0,693826.0,3983.17,18.83
2023-01-13,4.33,3.4,300.356,2.8,102.7476,18475.2,1361.0,693826.0,3999.09,18.35
2023-01-14,4.33,3.4,300.356,2.8,102.7476,18475.2,1361.0,693826.0,3999.09,18.35
2023-01-15,4.33,3.4,300.356,2.8,102.7476,18475.2,1361.0,693826.0,3999.09,18.35
2023-01-16,4.33,3.4,300.356,2.8,102.7476,18475.2,1361.0,693826.0,3999.09,19.49
2023-01-17,4.33,3.4,300.356,2.8,102.7476,18475.2,1361.0,693826.0,3990.97,19.36
2023-01-18,4.33,3.4,300.356,2.8,102.7476,18475.2,1361.0,693826.0,3928.86,20.34
2023-01-19,4.33,3.4,300.356,2.8,102.7476,18475.2,1361.0,693826.0,3898.85,20.52
2023-01-20,4.33,3.4,300.356,2.8,102.7476,18475.2,1361.0,693826.0,3972.61,19.85
2023-01-21,4.33,3.4,300.356,2.8,102.7476,18475.2,1361.0,693826.0,3972.61,19.85
2023-01-22,4.33,3.4,300.356,2.8,102.7476,18475.2,1361.0,693826.0,3972.61,19.85
2023-01-23,4.33,3.4,300.356,2.8,102.7476,18475.2,1361.0,693826.0,4019.81,19.81
2023-01-24,4.33,3.4,300.356,2.8,102.7476,18475.2,1361.0,693826.0,4016.95,19.2
2023-01-25,4.33,3.4,300.356,2.8,102.7476,18475.2,1361.0,693826.0,4016.22,19.08
2023-01-26,4.33,3.4,300.356,2.8,102.7476,18475.2,1361.0,693826.0,4060.43,18.73
2023-01-27,4.33,3.4,300.356,2.8,102.7476,18475.2,1361.0,693826.0,4070.56,18.51
2023-01-28,4.33,3.4,300.356,2.8,102.7476,18475.2,1361.0,693826.0,4070.56,18.51
2023-01-29,4.33,3.4,300.356,2.8,102.7476,18475.2,1361.0,693826.0,4070.56,18.51
2023-01-30,4.33,3.4,300.356,2.8,102.7476,18475.2,1361.0,693826.0,4017.77,19.94
2023-01-31,4.33,3.4,300.356,2.8,102.7476,18475.2,1361.0,693826.0,4076.6,19.4
2023-02-01,4.33,3.6,301.509,2.8,102.8003,18532.1,1404.0,686434.0,4119.21,17.87
2023-02-02,4.58,3.6,301.509,2.8,102.8003,18532.1,1404.0,686434.0,4179.76,18.73
2023-02-03,4.58,3.6,301.509,2.8,102.8003,18532.1,1404.0,686434.0,4136.48,18.33
2023-02-04,4.58,3.6,301.509,2.8,102.8003,18532.1,1404.0,686434.0,4136.48,18.33
2023-02-05,4.58,3.6,301.509,2.8,102.8003,18532.1,1404.0,686434.0,4136.48,18.33
2023-02-06,4.58,3.6,301.509,2.8,102.8003,18532.1,1404.0,686434.0,4111.08,19.43
2023-02-07,4.58,3.6,301.509,2.8,102.8003,18532.1,1404.0,686434.0,4164.0,18.66
2023-02-08,4.58,3.6,301.509,2.8,102.8003,18532.1,1404.0,686434.0,4117.86,19.63
2023-02-09,4.57,3.6,301.509,2.8,102.8003,18532.1,1404.0,686434.0,4081.5,20.71
2023-02-10,4.58,3.6,301.509,2.8,102.8003,18532.1,1404.0,686434.0,4090.46,20.53
2023-02-11,4.58,3.6,301.509,2.8,102.8003,18532.1,1404.0,686434.0,4090.46,20.53
2023-02-12,4.58,3.6,301.509,2.8,102.8003,18532.1,1404.0,686434.0,4090.46,20.53
2023-02-13,4.58,3.6,301.509,2.8,102.8003,18532.1,1404.0,686434.0,4137.29,20.34
2023-02-14,4.58,3.6,301.509,2.8,102.8003,18532.1,1404.0,686434.0,4136.13,18.91
2023-02-15,4.58,3.6,301.509,2.8,102.8003,18532.1,1404.0,686434.0,4147.6,18.23
2023-02-16,4.58,3.6,301.509,2.8,102.8003,18532.1,1404.0,686434.0,4090.41,20.17
2023-02-17,4.58,3.6,301.509,2.8,102.8003,18532.1,1404.0,686434.0,4079.09,20.02
2023-02-18,4.58,3.6,301.509,2.8,102.8003,18532.1,1404.0,686434.0,4079.09,20.02
2023-02-19,4.58,3.6,301.509,2.8,102.8003,18532.1,1404.0,686434.0,4079.09,20.02
2023-02-20,4.58,3.6,301.509,2.8,102.8003,18532.1,1404.0,686434.0,4079.09,21.23
2023-02-21,4.58,3.6,301.509,2.8,102.8003,18532.1,1404.0,686434.0,3997.34,22.87
2023-02-22,4.58,3.6,301.509,2.8,102.8003,18532.1,1404.0,686434.0,3991.05,22.29
2023-02-23,4.58,3.6,301.509,2.8,102.8003,18532.1,1404.0,686434.0,4012.32,21.14
2023-02-24,4.58,3.6,301.509,2.8,102.8003,18532.1,1404.0,686434.0,3970.04,21.67
2023-02-25,4.58,3.6,301.509,2.8,102.8003,18532.1,1404.0,686434.0,3970.04,21.67
2023-02-26,4.58,3.6,301.509,2.8,102.8003,18532.1,1404.0,686434.0,3970.04,21.67
2023-02-27,4.57,3.6,301.509,2.8,102.8003,18532.1,1404.0,686434.0,3982.24,20.95
2023-02-28,4.57,3.6,301.509,2.8,102.8003,18532.1,1404.0,686434.0,3970.15,20.7
2023-03-01,4.58,3.5,301.744,2.8,102.8143,18511.3,1342.0,679067.0,3951.39,20.58
2023-03-02,4.57,3.5,301.744,2.8,102.8143,18511.3,1342.0,679067.0,3981.35,19.59
2023-03-03,4.57,3.5,301.744,2.8,102.8143,18511.3,1342.0,679067.0,4045.64,18.49
2023-03-04,4.57,3.5,301.744,2.8,102.8143,18511.3,1342.0,679067.0,4045.64,18.49
2023-03-05,4.57,3.5,301.744,2.8,102.8143,18511.3,1342.0,679067.0,4045.64,18.49
2023-03-06,4.57,3.5,301.744,2.8,102.8143,18511.3,1342.0,679067.0,4048.42,18.61
2023-03-07,4.57,3.5,301.744,2.8,102.8143,18511.3,1342.0,679067.0,3986.37,19.59
2023-03-08,4.57,3.5,301.744,2.8,102.8143,18511.3,1342.0,679067.0,3992.01,19.11
2023-03-09,4.57,3.5,301.744,2.8,102.8143,18511.3,1342.0,679067.0,3918.32,22.61
2023-03-10,4.57,3.5,301.744,2.8,102.8143,18511.3,1342.0,679067.0,3861.59,24.8
2023-03-11,4.57,3.5,301.744,2.8,102.8143,18511.3,1342.0,679067.0,3861.59,24.8
2023-03-12,4.57,3.5,301.744,2.8,102.8143,18511.3,1342.0,679067.0,3861.59,24.8
2023-03-13,4.58,3.5,301.744,2.8,102.8143,18511.3,1342.0,679067.0,3855.76,26.52
2023-03-14,4.58,3.5,301.744,2.8,102.8143,18511.3,1342.0,679067.0,3919.29,23.73
2023-03-15,4.58,3.5,301.744,2.8,102.8143,18511.3,1342.0,679067.0,3891.93,26.14
2023-03-16,4.58,3.5,301.744,2.8,102.8143,18511.3,1342.0,679067.0,3960.28,22.99
2023-03-17,4.58,3.5,301.744,2.8,102.8143,18511.3,1342.0,679067.0,3916.64,25.51
2023-03-18,4.58,3.5,301.744,2.8,102.8143,18511.3,1342.0,679067.0,3916.64,25.51
2023-03-19,4.58,3.5,301.744,2.8,102.8143,18511.3,1342.0,679067.0,3916.64,25.51
2023-03-20,4.58,3.5,301.744,2.8,102.8143,18511.3,1342.0,679067.0,3951.57,24.15
2023-03-21,4.58,3.5,301.744,2.8,102.8143,18511.3,1342.0,679067.0,4002.87,21.38
2023-03-22,4.58,3.5,301.744,2.8,102.8143,18511.3,1342.0,679067.0,3936.97,22.26
2023-03-23,4.83,3.5,301.744,2.8,102.8143,18511.3,1342.0,679067.0,3948.72,22.61
2023-03-24,4.83,3.5,301.744,2.8,102.8143,18511.3,1342.0,679067.0,3970.99,21.74
2023-03-25,4.83,3.5,301.744,2.8,102.8143,18511.3,1342.0,679067.0,3970.99,21.74
2023-03-26,4.83,3.5,301.744,2.8,102.8143,18511.3,1342.0,679067.0,3970.99,21.74
2023-03-27,4.83,3.5,301.744,2.8,102.8143,18511.3,1342.0,679067.0,3977.53,20.6
2023-03-28,4.83,3.5,301.744,2.8,102.8143,18511.3,1342.0,679067.0,3971.27,19.97
2023-03-29,4.83,3.5,301.744,2.8,102.8143,18511.3,1342.0,679067.0,4027.81,19.12
2023-03-30,4.83,3.5,301.744,2.8,102.8143,18511.3,1342.0,679067.0,4050.83,19.02
2023-03-31,4.83,3.5,301.744,2.8,102.8143,18511.3,1342.0,679067.0,4109.31,18.7
2023-04-01,4.83,3.4,303.032,2.4,103.2241,18638.7,1368.0,683698.0,4109.31,18.7
2023-04-02,4.83,3.4,303.032,2.4,103.2241,18638.7,1368.0,683698.0,4109.31,18.7
2023-04-03,4.83,3.4,303.032,2.4,103.2241,18638.7,1368.0,683698.0,4124.51,18.55
2023-04-04,4.83,3.4,303.032,2.4,103.2241,18638.7,1368.0,683698.0,4100.6,19.0
2023-04-05,4.83,3.4,303.032,2.4,103.2241,18638.7,1368.0,683698.0,4090.38,19.08
2023-04-06,4.83,3.4,303.032,2.4,103.2241,18638.7,1368.0,683698.0,4105.02,18.4
2023-04-07,4.83,3.4,303.032,2.4,103.2241,18638.7,1368.0,683698.0,4105.02,18.4
2023-04-08,4.83,3.4,303.032,2.4,103.2241,18638.7,1368.0,683698.0,4105.02,18.4
2023-04-09,4.83,3.4,303.032,2.4,103.2241,18638.7,1368.0,683698.0,4105.02,18.4
2023-04-10,4.83,3.4,303.032,2.4,103.2241,18638.7,1368.0,683698.0,4109.11,18.97
2023-04-11,4.83,3.4,303.032,2.4,103.2241,18638.7,1368.0,683698.0,4108.94,19.1
2023-04-12,4.83,3.4,303.032,2.4,103.2241,18638.7,1368.0,683698.0,4091.95,19.09
2023-04-13,4.83,3.4,303.032,2.4,103.2241,18638.7,1368.0,683698.0,4146.22,17.8
2023-04-14,4.83,3.4,303.032,2.4,103.2241,18638.7,1368.0,683698.0,4137.64,17.07
2023-04-15,4.83,3.4,303.032,2.4,103.2241,18638.7,1368.0,683698.0,4137.64,17.07
2023-04-16,4.83,3.4,303.032,2.4,103.2241,18638.7,1368.0,683698.0,4137.64,17.07
2023-04-17,4.83,3.4,303.032,2.4,103.2241,18638.7,1368.0,683698.0,4151.32,16.95
2023-04-18,4.83,3.4,303.032,2.4,103.2241,18638.7,1368.0,683698.0,4154.87,16.83
2023-04-19,4.83,3.4,303.032,2.4,103.2241,18638.7,1368.0,683698.0,4154.52,16.46
2023-04-20,4.83,3.4,303.032,2.4,103.2241,18638.7,1368.0,683698.0,4129.79,17.17
2023-04-21,4.83,3.4,303.032,2.4,103.2241,18638.7,1368.0,683698.0,4133.52,16.77
2023-04-22,4.83,3.4,303.032,2.4,103.2241,18638.7,1368.0,683698.0,4133.52,16.77
2023-04-23,4.83,3.4,303.032,2.4,103.2241,18638.7,1368.0,683698.0,4133.52,16.77
2023-04-24,4.83,3.4,303.032,2.4,103.2241,18638.7,1368.0,683698.0,4137.04,16.89
2023-04-25,4.83,3.4,303.032,2.4,103.2241,18638.7,1368.0,683698.0,4071.63,18.76
2023-04-26,4.83,3.4,303.032,2.4,103.2241,18638.7,1368.0,683698.0,4055.99,18.84
2023-04-27,4.83,3.4,303.032,2.4,103.2241,18638.7,1368.0,683698.0,4135.35,17.03
2023-04-28,4.83,3.4,303.032,2.4,103.2241,18638.7,1368.0,683698.0,4169.48,15.78
2023-04-29,4.83,3.4,303.032,2.4,103.2241,18638.7,1368.0,683698.0,4169.48,15.78
2023-04-30,4.83,3.4,303.032,2.4,103.2241,18638.7,1368.0,683698.0,4169.48,15.78
2023-05-01,4.83,3.7,303.365,2.4,102.9809,18676.4,1583.0,686672.0,4167.87,16.08
2023-05-02,4.83,3.7,303.365,2.4,102.9809,18676.4,1583.0,686672.0,4119.58,17.78
2023-05-03,4.83,3.7,303.365,2.4,102.9809,18676.4,1583.0,686672.0,4090.75,18.34
2023-05-04,5.08,3.7,303.365,2.4,102.9809,18676.4,1583.0,686672.0,4061.22,20.09
2023-05-05,5.08,3.7,303.365,2.4,102.9809,18676.4,1583.0,686672.0,4136.25,17.19
2023-05-06,5.08,3.7,303.365,2.4,102.9809,18676.4,1583.0,686672.0,4136.25,17.19
2023-05-07,5.08,3.7,303.365,2.4,102.9809,18676.4,1583.0,686672.0,4136.25,17.19
2023-05-08,5.08,3.7,303.365,2.4,102.9809,18676.4,1583.0,686672.0,4138.12,16.98
2023-05-09,5.08,3.7,303.365,2.4,102.9809,18676.4,1583.0,686672.0,4119.17,17.71
2023-05-10,5.08,3.7,303.365,2.4,102.9809,18676.4,1583.0,686672.0,4137.64,16.94
2023-05-11,5.08,3.7,303.365,2.4,102.9809,18676.4,1583.0,686672.0,4130.62,16.93
2023-05-12,5.08,3.7,303.365,2.4,102.9809,18676.4,1583.0,686672.0,4124.08,17.03
2023-05-13,5.08,3.7,303.365,2.4,102.9809,18676.4,1583.0,686672.0,4124.08,17.03
2023-05-14,5.08,3.7,303.365,2.4,102.9809,18676.4,1583.0,686672.0,4124.08,17.03
2023-05-15,5.08,3.7,303.365,2.4,102.9809,18676.4,1583.0,686672.0,4136.28,17.12
2023-05-16,5.08,3.7,303.365,2.4,102.9809,18676.4,1583.0,686672.0,4109.9,17.99
2023-05-17,5.08,3.7,303.365,2.4,102.9809,18676.4,1583.0,686672.0,4158.77,16.87
2023-05-18,5.08,3.7,303.365,2.4,102.9809,18676.4,1583.0,686672.0,4198.05,16.05
2023-05-19,5.08,3.7,303.365,2.4,102.9809,18676.4,1583.0,686672.0,4191.98,16.81
2023-05-20,5.08,3.7,303.365,2.4,102.9809,18676.4,1583.0,686672.0,4191.98,16.81
2023-05-21,5.08,3.7,303.365,2.4,102.9809,18676.4,1583.0,686672.0,4191.98,16.81
2023-05-22,5.08,3.7,303.365,2.4,102.9809,18676.4,1583.0,686672.0,4192.63,17.21
2023-05-23,5.08,3.7,303.365,2.4,102.9809,18676.4,1583.0,686672.0,4145.58,18.53
2023-05-24,5.08,3.7,303.365,2.4,102.9809,18676.4,1583.0,686672.0,4115.24,20.03
2023-05-25,5.08,3.7,303.365,2.4,102.9809,18676.4,1583.0,686672.0,4151.28,19.14
2023-05-26,5.08,3.7,303.365,2.4,102.9809,18676.4,1583.0,686672.0,4205.45,17.95
2023-05-27,5.08,3.7,303.365,2.4,102.9809,18676.4,1583.0,686672.0,4205.45,17.95
2023-05-28,5.08,3.7,303.365,2.4,102.9809,18676.4,1583.0,686672.0,4205.45,17.95
2023-05-29,5.08,3.7,303.365,2.4,102.9809,18676.4,1583.0,686672.0,4205.45,17.46
2023-05-30,5.08,3.7,303.365,2.4,102.9809,18676.4,1583.0,686672.0,4205.52,17.46
2023-05-31,5.08,3.7,303.365,2.4,102.9809,18676.4,1583.0,686672.0,4179.83,17.94
2023-06-01,5.08,3.6,304.003,2.4,102.3809,18742.1,1415.0,688810.0,4221.02,15.65
2023-06-02,5.08,3.6,304.003,2.4,102.3809,18742.1,1415.0,688810.0,4282.37,14.6
2023-06-03,5.08,3.6,304.003,2.4,102.3809,18742.1,1415.0,688810.0,4282.37,14.6
2023-06-04,5.08,3.6,304.003,2.4,102.3809,18742.1,1415.0,688810.0,4282.37,14.6
2023-06-05,5.08,3.6,304.003,2.4,102.3809,18742.1,1415.0,688810.0,4273.79,14.73
2023-06-06,5.08,3.6,304.003,2.4,102.3809,18742.1,1415.0,688810.0,4283.85,13.96
2023-06-07,5.08,3.6,304.003,2.4,102.3809,18742.1,1415.0,688810.0,4267.52,13.94
2023-06-08,5.08,3.6,304.003,2.4,102.3809,18742.1,1415.0,688810.0,4293.93,13.65
2023-06-09,5.08,3.6,304.003,2.4,102.3809,18742.1,1415.0,688810.0,4298.86,13.83
2023-06-10,5.08,3.6,304.003,2.4,102.3809,18742.1,1415.0,688810.0,4298.86,13.83
2023-06-11,5.08,3.6,304.003,2.4,102.3809,18742.1,1415.0,688810.0,4298.86,13.83
2023-06-12,5.08,3.6,304.003,2.4,102.3809,18742.1,1415.0,688810.0,4338.93,15.01
2023-06-13,5.08,3.6,304.003,2.4,102.3809,18742.1,1415.0,688810.0,4369.01,14.61
2023-06-14,5.08,3.6,304.003,2.4,102.3809,18742.1,1415.0,688810.0,4372.59,13.88
2023-06-15,5.07,3.6,304.003,2.4,102.3809,18742.1,1415.0,688810.0,4425.84,14.5
2023-06-16,5.08,3.6,304.003,2.4,102.3809,18742.1,1415.0,688810.0,4409.59,13.54
2023-06-17,5.08,3.6,304.003,2.4,102.3809,18742.1,1415.0,688810.0,4409.59,13.54
2023-06-18,5.08,3.6,304.003,2.4,102.3809,18742.1,1415.0,688810.0,4409.59,13.54
2023-06-19,5.08,3.6,304.003,2.4,102.3809,18742.1,1415.0,688810.0,4409.59,14.19
2023-06-20,5.07,3.6,304.003,2.4,102.3809,18742.1,1415.0,688810.0,4388.71,13.88
2023-06-21,5.07,3.6,304.003,2.4,102.3809,18742.1,1415.0,688810.0,4365.69,13.2
2023-06-22,5.07,3.6,304.003,2.4,102.3809,18742.1,1415.0,688810.0,4381.89,12.91
2023-06-23,5.07,3.6,304.003,2.4,102.3809,18742.1,1415.0,688810.0,4348.33,13.44
2023-06-24,5.07,3.6,304.003,2.4,102.3809,18742.1,1415.0,688810.0,4348.33,13.44
2023-06-25,5.07,3.6,304.003,2.4,102.3809,18742.1,1415.0,688810.0,4348.33,13.44
2023-06-26,5.07,3.6,304.003,2.4,102.3809,18742.1,1415.0,688810.0,4328.82,14.25
2023-06-27,5.07,3.6,304.003,2.4,102.3809,18742.1,1415.0,688810.0,4378.41,13.74
2023-06-28,5.07,3.6,304.003,2.4,102.3809,18742.1,1415.0,688810.0,4376.86,13.43
2023-06-29,5.07,3.6,304.003,2.4,102.3809,18742.1,1415.0,688810.0,4396.44,13.54
2023-06-30,5.08,3.6,304.003,2.4,102.3809,18742.1,1415.0,688810.0,4450.38,13.59
2023-07-01,5.08,3.5,304.628,4.4,103.0722,18850.5,1473.0,690641.0,4450.38,13.59
2023-07-02,5.08,3.5,304.628,4.4,103.0722,18850.5,1473.0,690641.0,4450.38,13.59
2023-07-03,5.08,3.5,304.628,4.4,103.0722,18850.5,1473.0,690641.0,4455.59,13.57
2023-07-04,5.08,3.5,304.628,4.4,103.0722,18850.5,1473.0,690641.0,4455.59,13.7
2023-07-05,5.08,3.5,304.628,4.4,103.0722,18850.5,1473.0,690641.0,4446.82,14.18
2023-07-06,5.08,3.5,304.628,4.4,103.0722,18850.5,1473.0,690641.0,4411.59,15.44
2023-07-07,5.08,3.5,304.628,4.4,103.0722,18850.5,1473.0,690641.0,4398.95,14.83
2023-07-08,5.08,3.5,304.628,4.4,103.0722,18850.5,1473.0,690641.0,4398.95,14.83
2023-07-09,5.08,3.5,304.628,4.4,103.0722,18850.5,1473.0,690641.0,4398.95,14.83
2023-07-10,5.07,3.5,304.628,4.4,103.0722,18850.5,1473.0,690641.0,4409.53,15.07
2023-07-11,5.08,3.5,304.628,4.4,103.0722,18850.5,1473.0,690641.0,4439.26,14.84
2023-07-12,5.08,3.5,304.628,4.4,103.0722,18850.5,1473.0,690641.0,4472.16,13.54
2023-07-13,5.08,3.5,304.628,4.4,103.0722,18850.5,1473.0,690641.0,4510.04,13.61
2023-07-14,5.08,3.5,304.628,4.4,103.0722,18850.5,1473.0,690641.0,4505.42,13.34
2023-07-15,5.08,3.5,304.628,4.4,103.0722,18850.5,1473.0,690641.0,4505.42,13.34
2023-07-16,5.08,3.5,304.628,4.4,103.0722,18850.5,1473.0,690641.0,4505.42,13.34
2023-07-17,5.08,3.5,304.628,4.4,103.0722,18850.5,1473.0,690641.0,4522.79,13.48
2023-07-18,5.08,3.5,304.628,4.4,103.0722,18850.5,1473.0,690641.0,4554.98,13.3
2023-07-19,5.08,3.5,304.628,4.4,103.0722,18850.5,1473.0,690641.0,4565.72,13.76
2023-07-20,5.08,3.5,304.628,4.4,103.0722,18850.5,1473.0,690641.0,4534.87,13.99
2023-07-21,5.08,3.5,304.628,4.4,103.0722,18850.5,1473.0,690641.0,4536.34,13.6
2023-07-22,5.08,3.5,304.628,4.4,103.0722,18850.5,1473.0,690641.0,4536.34,13.6
2023-07-23,5.08,3.5,304.628,4.4,103.0722,18850.5,1473.0,690641.0,4536.34,13.6
2023-07-24,5.08,3.5,304.628,4.4,103.0722,18850.5,1473.0,690641.0,4554.64,13.91
2023-07-25,5.08,3.5,304.628,4.4,103.0722,18850.5,1473.0,690641.0,4567.46,13.86
2023-07-26,5.08,3.5,304.628,4.4,103.0722,18850.5,1473.0,690641.0,4566.75,13.19
2023-07-27,5.33,3.5,304.628,4.4,103.0722,18850.5,1473.0,690641.0,4537.41,14.41
2023-07-28,5.33,3.5,304.628,4.4,103.0722,18850.5,1473.0,690641.0,4582.23,13.33
2023-07-29,5.33,3.5,304.628,4.4,103.0722,18850.5,1473.0,690641.0,4582.23,13.33
2023-07-30,5.33,3.5,304.628,4.4,103.0722,18850.5,1473.0,690641.0,4582.23,13.33
2023-07-31,5.33,3.5,304.628,4.4,103.0722,18850.5,1473.0,690641.0,4588.96,13.63
2023-08-01,5.33,3.8,306.187,4.4,103.0951,18911.6,1305.0,696238.0,4576.73,13.93
2023-08-02,5.33,3.8,306.187,4.4,103.0951,18911.6,1305.0,696238.0,4513.39,16.09
2023-08-03,5.33,3.8,306.187,4.4,103.0951,18911.6,1305.0,696238.0,4501.89,15.92
2023-08-04,5.33,3.8,306.187,4.4,103.0951,18911.6,1305.0,696238.0,4478.03,17.1
2023-08-05,5.33,3.8,306.187,4.4,103.0951,18911.6,1305.0,696238.0,4478.03,17.1
2023-08-06,5.33,3.8,306.187,4.4,103.0951,18911.6,1305.0,696238.0,4478.03,17.1
2023-08-07,5.33,3.8,306.187,4.4,103.0951,18911.6,1305.0,696238.0,4518.44,15.77
2023-08-08,5.33,3.8,306.187,4.4,103.0951,18911.6,1305.0,696238.0,4499.38,15.99
2023-08-09,5.33,3.8,306.187,4.4,103.0951,18911.6,1305.0,696238.0,4467.71,15.96
2023-08-10,5.33,3.8,306.187,4.4,103.0951,18911.6,1305.0,696238.0,4468.83,15.85
2023-08-11,5.33,3.8,306.187,4.4,103.0951,18911.6,1305.0,696238.0,4464.05,14.84
2023-08-12,5.33,3.8,306.187,4.4,103.0951,18911.6,1305.0,696238.0,4464.05,14.84
2023-08-13,5.33,3.8,306.187,4.4,103.0951,18911.6,1305.0,696238.0,4464.05,14.84
2023-08-14,5.33,3.8,306.187,4.4,103.0951,18911.6,1305.0,696238.0,4489.72,14.82
2023-08-15,5.33,3.8,306.187,4.4,103.0951,18911.6,1305.0,696238.0,4437.86,16.46
2023-08-16,5.33,3.8,306.187,4.4,103.0951,18911.6,1305.0,696238.0,4404.33,16.78
2023-08-17,5.33,3.8,306.187,4.4,103.0951,18911.6,1305.0,696238.0,4370.36,17.89
2023-08-18,5.33,3.8,306.187,4.4,103.0951,18911.6,1305.0,696238.0,4369.71,17.3
2023-08-19,5.33,3.8,306.187,4.4,103.0951,18911.6,1305.0,696238.0,4369.71,17.3
2023-08-20,5.33,3.8,306.187,4.4,103.0951,18911.6,1305.0,696238.0,4369.71,17.3
2023-08-21,5.33,3.8,306.187,4.4,103.0951,18911.6,1305.0,696238.0,4399.77,17.13
2023-08-22,5.33,3.8,306.187,4.4,103.0951,18911.6,1305.0,696238.0,4387.55,16.97
2023-08-23,5.33,3.8,306.187,4.4,103.0951,18911.6,1305.0,696238.0,4436.01,15.98
2023-08-24,5.33,3.8,306.187,4.4,103.0951,18911.6,1305.0,696238.0,4376.31,17.2
2023-08-25,5.33,3.8,306.187,4.4,103.0951,18911.6,1305.0,696238.0,4405.71,15.68
2023-08-26,5.33,3.8,306.187,4.4,103.0951,18911.6,1305.0,696238.0,4405.71,15.68
2023-08-27,5.33,3.8,306.187,4.4,103.0951,18911.6,1305.0,696238.0,4405.71,15.68
2023-08-28,5.33,3.8,306.187,4.4,103.0951,18911.6,1305.0,696238.0,4433.31,15.08
2023-08-29,5.33,3.8,306.187,4.4,103.0951,18911.6,1305.0,696238.0,4497.63,14.45
2023-08-30,5.33,3.8,306.187,4.4,103.0951,18911.6,1305.0,696238.0,4514.87,13.88
2023-08-31,5.33,3.8,306.187,4.4,103.0951,18911.6,1305.0,696238.0,4507.66,13.57
2023-09-01,5.33,3.8,307.288,4.4,103.3081,19024.9,1363.0,702109.0,4515.77,13.09
2023-09-02,5.33,3.8,307.288,4.4,103.3081,19024.9,1363.0,702109.0,4515.77,13.09
2023-09-03,5.33,3.8,307.288,4.4,103.3081,19024.9,1363.0,702109.0,4515.77,13.09
2023-09-04,5.33,3.8,307.288,4.4,103.3081,19024.9,1363.0,702109.0,4515.77,13.82
2023-09-05,5.33,3.8,307.288,4.4,103.3081,19024.9,1363.0,702109.0,4496.83,14.01
2023-09-06,5.33,3.8,307.288,4.4,103.3081,19024.9,1363.0,702109.0,4465.48,14.45
2023-09-07,5.33,3.8,307.288,4.4,103.3081,19024.9,1363.0,702109.0,4451.14,14.4
2023-09-08,5.33,3.8,307.288,4.4,103.3081,19024.9,1363.0,702109.0,4457.49,13.84
2023-09-09,5.33,3.8,307.288,4.4,103.3081,19024.9,1363.0,702109.0,4457.49,13.84
2023-09-10,5.33,3.8,307.288,4.4,103.3081,19024.9,1363.0,702109.0,4457.49,13.84
2023-09-11,5.33,3.8,307.288,4.4,103.3081,19024.9,1363.0,702109.0,4487.46,13.8
2023-09-12,5.33,3.8,307.288,4.4,103.3081,19024.9,1363.0,702109.0,4461.9,14.23
2023-09-13,5.33,3.8,307.288,4.4,103.3081,19024.9,1363.0,702109.0,4467.44,13.48
2023-09-14,5.33,3.8,307.288,4.4,103.3081,19024.9,1363.0,702109.0,4505.1,12.82
2023-09-15,5.33,3.8,307.288,4.4,103.3081,19024.9,1363.0,702109.0,4450.32,13.79
2023-09-16,5.33,3.8,307.288,4.4,103.3081,19024.9,1363.0,702109.0,4450.32,13.79
2023-09-17,5.33,3.8,307.288,4.4,103.3081,19024.9,1363.0,702109.0,4450.32,13.79
2023-09-18,5.33,3.8,307.288,4.4,103.3081,19024.9,1363.0,702109.0,4453.53,14.0
2023-09-19,5.33,3.8,307.288,4.4,103.3081,19024.9,1363.0,702109.0,4443.95,14.11
2023-09-20,5.33,3.8,307.288,4.4,103.3081,19024.9,1363.0,702109.0,4402.2,15.14
2023-09-21,5.33,3.8,307.288,4.4,103.3081,19024.9,1363.0,702109.0,4330.0,17.54
2023-09-22,5.33,3.8,307.288,4.4,103.3081,19024.9,1363.0,702109.0,4320.06,17.2
2023-09-23,5.33,3.8,307.288,4.4,103.3081,19024.9,1363.0,702109.0,4320.06,17.2
2023-09-24,5.33,3.8,307.288,4.4,103.3081,19024.9,1363.0,702109.0,4320.06,17.2
2023-09-25,5.33,3.8,307.288,4.4,103.3081,19024.9,1363.0,702109.0,4337.44,16.9
2023-09-26,5.33,3.8,307.288,4.4,103.3081,19024.9,1363.0,702109.0,4273.53,18.94
2023-09-27,5.33,3.8,307.288,4.4,103.3081,19024.9,1363.0,702109.0,4274.51,18.22
2023-09-28,5.33,3.8,307.288,4.4,103.3081,19024.9,1363.0,702109.0,4299.7,17.34
2023-09-29,5.33,3.8,307.288,4.4,103.3081,19024.9,1363.0,702109.0,4288.05,17.52
2023-09-30,5.33,3.8,307.288,4.4,103.3081,19024.9,1363.0,702109.0,4288.05,17.52
2023-10-01,5.33,3.8,307.531,3.2,102.5781,19069.5,1365.0,698956.0,4288.05,17.52
2023-10-02,5.33,3.8,307.531,3.2,102.5781,19069.5,1365.0,698956.0,4288.39,17.61
2023-10-03,5.33,3.8,307.531,3.2,102.5781,19069.5,1365.0,698956.0,4229.45,19.78
2023-10-04,5.33,3.8,307.531,3.2,102.5781,19069.5,1365.0,698956.0,4263.75,18.58
2023-10-05,5.33,3.8,307.531,3.2,102.5781,19069.5,1365.0,698956.0,4258.19,18.49
2023-10-06,5.33,3.8,307.531,3.2,102.5781,19069.5,1365.0,698956.0,4308.5,17.45
2023-10-07,5.33,3.8,307.531,3.2,102.5781,19069.5,1365.0,698956.0,4308.5,17.45
2023-10-08,5.33,3.8,307.531,3.2,102.5781,19069.5,1365.0,698956.0,4308.5,17.45
2023-10-09,5.33,3.8,307.531,3.2,102.5781,19069.5,1365.0,698956.0,4335.66,17.7
2023-10-10,5.33,3.8,307.531,3.2,102.5781,19069.5,1365.0,698956.0,4358.24,17.03
2023-10-11,5.33,3.8,307.531,3.2,102.5781,19069.5,1365.0,698956.0,4376.95,16.09
2023-10-12,5.33,3.8,307.531,3.2,102.5781,19069.5,1365.0,698956.0,4349.61,16.69
2023-10-13,5.33,3.8,307.531,3.2,102.5781,19069.5,1365.0,698956.0,4327.78,19.32
2023-10-14,5.33,3.8,307.531,3.2,102.5781,19069.5,1365.0,698956.0,4327.78,19.32
2023-10-15,5.33,3.8,307.531,3.2,102.5781,19069.5,1365.0,698956.0,4327.78,19.32
2023-10-16,5.33,3.8,307.531,3.2,102.5781,19069.5,1365.0,698956.0,4373.63,17.21
2023-10-17,5.33,3.8,307.531,3.2,102.5781,19069.5,1365.0,698956.0,4373.2,17.88
2023-10-18,5.33,3.8,307.531,3.2,102.5781,19069.5,1365.0,698956.0,4314.6,19.22
2023-10-19,5.33,3.8,307.531,3.2,102.5781,19069.5,1365.0,698956.0,4278.0,21.4
2023-10-20,5.33,3.8,307.531,3.2,102.5781,19069.5,1365.0,698956.0,4224.16,21.71
2023-10-21,5.33,3.8,307.531,3.2,102.5781,19069.5,1365.0,698956.0,4224.16,21.71
2023-10-22,5.33,3.8,307.531,3.2,102.5781,19069.5,1365.0,698956.0,4224.16,21.71
2023-10-23,5.33,3.8,307.531,3.2,102.5781,19069.5,1365.0,698956.0,4217.04,20.37
2023-10-24,5.33,3.8,307.531,3.2,102.5781,19069.5,1365.0,698956.0,4247.68,18.97
2023-10-25,5.33,3.8,307.531,3.2,102.5781,19069.5,1365.0,698956.0,4186.77,20.19
2023-10-26,5.33,3.8,307.531,3.2,102.5781,19069.5,1365.0,698956.0,4137.23,20.68
2023-10-27,5.33,3.8,307.531,3.2,102.5781,19069.5,1365.0,698956.0,4117.37,21.27
2023-10-28,5.33,3.8,307.531,3.2,102.5781,19069.5,1365.0,698956.0,4117.37,21.27
2023-10-29,5.33,3.8,307.531,3.2,102.5781,19069.5,1365.0,698956.0,4117.37,21.27
2023-10-30,5.33,3.8,307.531,3.2,102.5781,19069.5,1365.0,698956.0,4166.82,19.75
2023-10-31,5.33,3.8,307.531,3.2,102.5781,19069.5,1365.0,698956.0,4193.8,18.14
2023-11-01,5.33,3.7,308.024,3.2,102.8868,19151.0,1510.0,700707.0,4237.86,16.87
2023-11-02,5.33,3.7,308.024,3.2,102.8868,19151.0,1510.0,700707.0,4317.78,15.66
2023-11-03,5.33,3.7,308.024,3.2,102.8868,19151.0,1510.0,700707.0,4358.34,14.91
2023-11-04,5.33,3.7,308.024,3.2,102.8868,19151.0,1510.0,700707.0,4358.34,14.91
2023-11-05,5.33,3.7,308.024,3.2,102.8868,19151.0,1510.0,700707.0,4358.34,14.91
2023-11-06,5.33,3.7,308.024,3.2,102.8868,19151.0,1510.0,700707.0,4365.98,14.89
2023-11-07,5.33,3.7,308.024,3.2,102.8868,19151.0,1510.0,700707.0,4378.38,14.81
2023-11-08,5.33,3.7,308.024,3.2,102.8868,19151.0,1510.0,700707.0,4382.78,14.45
2023-11-09,5.33,3.7,308.024,3.2,102.8868,19151.0,1510.0,700707.0,4347.35,15.29
2023-11-10,5.33,3.7,308.024,3.2,102.8868,19151.0,1510.0,700707.0,4415.24,14.17
2023-11-11,5.33,3.7,308.024,3.2,102.8868,19151.0,1510.0,700707.0,4415.24,14.17
2023-11-12,5.33,3.7,308.024,3.2,102.8868,19151.0,1510.0,700707.0,4415.24,14.17
2023-11-13,5.33,3.7,308.024,3.2,102.8868,19151.0,1510.0,700707.0,4411.55,14.76
2023-11-14,5.33,3.7,308.024,3.2,102.8868,19151.0,1510.0,700707.0,4495.7,14.16
2023-11-15,5.33,3.7,308.024,3.2,102.8868,19151.0,1510.0,700707.0,4502.88,14.18
2023-11-16,5.33,3.7,308.024,3.2,102.8868,19151.0,1510.0,700707.0,4508.24,14.32
2023-11-17,5.33,3.7,308.024,3.2,102.8868,19151.0,1510.0,700707.0,4514.02,13.8
2023-11-18,5.33,3.7,308.024,3.2,102.8868,19151.0,1510.0,700707.0,4514.02,13.8
2023-11-19,5.33,3.7,308.024,3.2,102.8868,19151.0,1510.0,700707.0,4514.02,13.8
2023-11-20,5.33,3.7,308.024,3.2,102.8868,19151.0,1510.0,700707.0,4547.38,13.41
2023-11-21,5.33,3.7,308.024,3.2,102.8868,19151.0,1510.0,700707.0,4538.19,13.35
2023-11-22,5.33,3.7,308.024,3.2,102.8868,19151.0,1510.0,700707.0,4556.62,12.85
2023-11-23,5.33,3.7,308.024,3.2,102.8868,19151.0,1510.0,700707.0,4556.62,12.8
2023-11-24,5.33,3.7,308.024,3.2,102.8868,19151.0,1510.0,700707.0,4559.34,12.46
2023-11-25,5.33,3.7,308.024,3.2,102.8868,19151.0,1510.0,700707.0,4559.34,12.46
2023-11-26,5.33,3.7,308.024,3.2,102.8868,19151.0,1510.0,700707.0,4559.34,12.46
2023-11-27,5.33,3.7,308.024,3.2,102.8868,19151.0,1510.0,700707.0,4550.43,12.69
2023-11-28,5.33,3.7,308.024,3.2,102.8868,19151.0,1510.0,700707.0,4554.89,12.69
2023-11-29,5.33,3.7,308.024,3.2,102.8868,19151.0,1510.0,700707.0,4550.58,12.98
2023-11-30,5.33,3.7,308.024,3.2,102.8868,19151.0,1510.0,700707.0,4567.8,12.92
2023-12-01,5.33,3.7,308.742,3.2,102.6309,19289.9,1568.0,703256.0,4594.63,12.63
2023-12-02,5.33,3.7,308.742,3.2,102.6309,19289.9,1568.0,703256.0,4594.63,12.63
2023-12-03,5.33,3.7,308.742,3.2,102.6309,19289.9,1568.0,703256.0,4594.63,12.63
2023-12-04,5.33,3.7,308.742,3.2,102.6309,19289.9,1568.0,703256.0,4569.78,13.08
2023-12-05,5.33,3.7,308.742,3.2,102.6309,19289.9,1568.0,703256.0,4567.18,12.85
2023-12-06,5.33,3.7,308.742,3.2,102.6309,19289.9,1568.0,703256.0,4549.34,12.97
2023-12-07,5.33,3.7,308.742,3.2,102.6309,19289.9,1568.0,703256.0,4585.59,13.06
2023-12-08,5.33,3.7,308.742,3.2,102.6309,19289.9,1568.0,703256.0,4604.37,12.35
2023-12-09,5.33,3.7,308.742,3.2,102.6309,19289.9,1568.0,703256.0,4604.37,12.35
2023-12-10,5.33,3.7,308.742,3.2,102.6309,19289.9,1568.0,703256.0,4604.37,12.35
2023-12-11,5.33,3.7,308.742,3.2,102.6309,19289.9,1568.0,703256.0,4622.44,12.63
2023-12-12,5.33,3.7,308.742,3.2,102.6309,19289.9,1568.0,703256.0,4643.7,12.07
2023-12-13,5.33,3.7,308.742,3.2,102.6309,19289.9,1568.0,703256.0,4707.09,12.19
2023-12-14,5.33,3.7,308.742,3.2,102.6309,19289.9,1568.0,703256.0,4719.55,12.48
2023-12-15,5.33,3.7,308.742,3.2,102.6309,19289.9,1568.0,703256.0,4719.19,12.28
2023-12-16,5.33,3.7,308.742,3.2,102.6309,19289.9,1568.0,703256.0,4719.19,12.28
2023-12-17,5.33,3.7,308.742,3.2,102.6309,19289.9,1568.0,703256.0,4719.19,12.28
2023-12-18,5.33,3.7,308.742,3.2,102.6309,19289.9,1568.0,703256.0,4740.56,12.56
2023-12-19,5.33,3.7,308.742,3.2,102.6309,19289.9,1568.0,703256.0,4768.37,12.53
2023-12-20,5.33,3.7,308.742,3.2,102.6309,19289.9,1568.0,703256.0,4698.35,13.67
2023-12-21,5.33,3.7,308.742,3.2,102.6309,19289.9,1568.0,703256.0,4746.75,13.65
2023-12-22,5.33,3.7,308.742,3.2,102.6309,19289.9,1568.0,703256.0,4754.63,13.03
2023-12-23,5.33,3.7,308.742,3.2,102.6309,19289.9,1568.0,703256.0,4754.63,13.03
2023-12-24,5.33,3.7,308.742,3.2,102.6309,19289.9,1568.0,703256.0,4754.63,13.03
2023-12-25,5.33,3.7,308.742,3.2,102.6309,19289.9,1568.0,703256.0,4754.63,13.03
2023-12-26,5.33,3.7,308.742,3.2,102.6309,19289.9,1568.0,703256.0,4774.75,12.99
2023-12-27,5.33,3.7,308.742,3.2,102.6309,19289.9,1568.0,703256.0,4781.58,12.43
2023-12-28,5.33,3.7,308.742,3.2,102.6309,19289.9,1568.0,703256.0,4783.35,12.47
2023-12-29,5.33,3.7,308.742,3.2,102.6309,19289.9,1568.0,703256.0,4769.83,12.45
2023-12-30,5.33,3.7,308.742,3.2,102.6309,19289.9,1568.0,703256.0,4769.83,12.45
2023-12-31,5.33,3.7,308.742,3.2,102.6309,19289.9,1568.0,703256.0,4769.83,12.45
2024-01-01,5.33,3.7,309.685,1.6,101.483,19308.5,1376.0,695631.0,4769.83,12.45
2024-01-02,5.33,3.7,309.685,1.6,101.483,19308.5,1376.0,695631.0,4742.83,13.2
2024-01-03,5.33,3.7,309.685,1.6,101.483,19308.5,1376.0,695631.0,4704.81,14.04
2024-01-04,5.33,3.7,309.685,1.6,101.483,19308.5,1376.0,695631.0,4688.68,14.13
2024-01-05,5.33,3.7,309.685,1.6,101.483,19308.5,1376.0,695631.0,4697.24,13.35
2024-01-06,5.33,3.7,309.685,1.6,101.483,19308.5,1376.0,695631.0,4697.24,13.35
2024-01-07,5.33,3.7,309.685,1.6,101.483,19308.5,1376.0,695631.0,4697.24,13.35
2024-01-08,5.33,3.7,309.685,1.6,101.483,19308.5,1376.0,695631.0,4763.54,13.08
2024-01-09,5.33,3.7,309.685,1.6,101.483,19308.5,1376.0,695631.0,4756.5,12.76
2024-01-10,5.33,3.7,309.685,1.6,101.483,19308.5,1376.0,695631.0,4783.45,12.69
2024-01-11,5.33,3.7,309.685,1.6,101.483,19308.5,1376.0,695631.0,4780.24,12.44
2024-01-12,5.33,3.7,309.685,1.6,101.483,19308.5,1376.0,695631.0,4783.83,12.7
2024-01-13,5.33,3.7,309.685,1.6,101.483,19308.5,1376.0,695631.0,4783.83,12.7
2024-01-14,5.33,3.7,309.685,1.6,101.483,19308.5,1376.0,695631.0,4783.83,12.7
2024-01-15,5.33,3.7,309.685,1.6,101.483,19308.5,1376.0,695631.0,4783.83,13.25
2024-01-16,5.33,3.7,309.685,1.6,101.483,19308.5,1376.0,695631.0,4765.98,13.84
2024-01-17,5.33,3.7,309.685,1.6,101.483,19308.5,1376.0,695631.0,4739.21,14.79
2024-01-18,5.33,3.7,309.685,1.6,101.483,19308.5,1376.0,695631.0,4780.94,14.13
2024-01-19,5.33,3.7,309.685,1.6,101.483,19308.5,1376.0,695631.0,4839.81,13.3
2024-01-20,5.33,3.7,309.685,1.6,101.483,19308.5,1376.0,695631.0,4839.81,13.3
2024-01-21,5.33,3.7,309.685,1.6,101.483,19308.5,1376.0,695631.0,4839.81,13.3
2024-01-22,5.33,3.7,309.685,1.6,101.483,19308.5,1376.0,695631.0,4850.43,13.19
2024-01-23,5.33,3.7,309.685,1.6,101.483,19308.5,1376.0,695631.0,4864.6,12.55
2024-01-24,5.33,3.7,309.685,1.6,101.483,19308.5,1376.0,695631.0,4868.55,13.14
2024-01-25,5.33,3.7,309.685,1.6,101.483,19308.5,1376.0,695631.0,4894.16,13.45
2024-01-26,5.33,3.7,309.685,1.6,101.483,19308.5,1376.0,695631.0,4890.97,13.26
2024-01-27,5.33,3.7,309.685,1.6,101.483,19308.5,1376.0,695631.0,4890.97,13.26
2024-01-28,5.33,3.7,309.685,1.6,101.483,19308.5,1376.0,695631.0,4890.97,13.26
2024-01-29,5.33,3.7,309.685,1.6,101.483,19308.5,1376.0,695631.0,4927.93,13.6
2024-01-30,5.33,3.7,309.685,1.6,101.483,19308.5,1376.0,695631.0,4924.97,13.31
2024-01-31,5.33,3.7,309.685,1.6,101.483,19308.5,1376.0,695631.0,4845.65,14.35
2024-02-01,5.33,3.9,311.054,1.6,102.7267,19412.7,1546.0,700519.0,4906.19,13.88
2024-02-02,5.33,3.9,311.054,1.6,102.7267,19412.7,1546.0,700519.0,4958.61,13.85
2024-02-03,5.33,3.9,311.054,1.6,102.7267,19412.7,1546.0,700519.0,4958.61,13.85
2024-02-04,5.33,3.9,311.054,1.6,102.7267,19412.7,1546.0,700519.0,4958.61,13.85
2024-02-05,5.33,3.9,311.054,1.6,102.7267,19412.7,1546.0,700519.0,4942.81,13.67
2024-02-06,5.33,3.9,311.054,1.6,102.7267,19412.7,1546.0,700519.0,4954.23,13.06
2024-02-07,5.33,3.9,311.054,1.6,102.7267,19412.7,1546.0,700519.0,4995.06,12.83
2024-02-08,5.33,3.9,311.054,1.6,102.7267,19412.7,1546.0,700519.0,4997.91,12.79
2024-02-09,5.33,3.9,311.054,1.6,102.7267,19412.7,1546.0,700519.0,5026.61,12.93
2024-02-10,5.33,3.9,311.054,1.6,102.7267,19412.7,1546.0,700519.0,5026.61,12.93
2024-02-11,5.33,3.9,311.054,1.6,102.7267,19412.7,1546.0,700519.0,5026.61,12.93
2024-02-12,5.33,3.9,311.054,1.6,102.7267,19412.7,1546.0,700519.0,5021.84,13.93
2024-02-13,5.33,3.9,311.054,1.6,102.7267,19412.7,1546.0,700519.0,4953.17,15.85
2024-02-14,5.33,3.9,311.054,1.6,102.7267,19412.7,1546.0,700519.0,5000.62,14.38
2024-02-15,5.33,3.9,311.054,1.6,102.7267,19412.7,1546.0,700519.0,5029.73,14.01
2024-02-16,5.33,3.9,311.054,1.6,102.7267,19412.7,1546.0,700519.0,5005.57,14.24
2024-02-17,5.33,3.9,311.054,1.6,102.7267,19412.7,1546.0,700519.0,5005.57,14.24
2024-02-18,5.33,3.9,311.054,1.6,102.7267,19412.7,1546.0,700519.0,5005.57,14.24
2024-02-19,5.33,3.9,311.054,1.6,102.7267,19412.7,1546.0,700519.0,5005.57,14.71
2024-02-20,5.33,3.9,311.054,1.6,102.7267,19412.7,1546.0,700519.0,4975.51,15.42
2024-02-21,5.33,3.9,311.054,1.6,102.7267,19412.7,1546.0,700519.0,4981.8,15.34
2024-02-22,5.33,3.9,311.054,1.6,102.7267,19412.7,1546.0,700519.0,5087.03,14.54
2024-02-23,5.33,3.9,311.054,1.6,102.7267,19412.7,1546.0,700519.0,5088.8,13.75
2024-02-24,5.33,3.9,311.054,1.6,102.7267,19412.7,1546.0,700519.0,5088.8,13.75
2024-02-25,5.33,3.9,311.054,1.6,102.7267,19412.7,1546.0,700519.0,5088.8,13.75
2024-02-26,5.33,3.9,311.054,1.6,102.7267,19412.7,1546.0,700519.0,5069.53,13.74
2024-02-27,5.33,3.9,311.054,1.6,102.7267,19412.7,1546.0,700519.0,5078.18,13.43
2024-02-28,5.33,3.9,311.054,1.6,102.7267,19412.7,1546.0,700519.0,5069.76,13.84
2024-02-29,5.33,3.9,311.054,1.6,102.7267,19412.7,1546.0,700519.0,5096.27,13.4
2024-03-01,5.33,3.8,312.23,1.6,102.5186,19553.2,1299.0,703738.0,5137.08,13.11
2024-03-02,5.33,3.8,312.23,1.6,102.5186,19553.2,1299.0,703738.0,5137.08,13.11
2024-03-03,5.33,3.8,312.23,1.6,102.5186,19553.2,1299.0,703738.0,5137.08,13.11
2024-03-04,5.33,3.8,312.23,1.6,102.5186,19553.2,1299.0,703738.0,5130.95,13.49
2024-03-05,5.33,3.8,312.23,1.6,102.5186,19553.2,1299.0,703738.0,5078.65,14.46
2024-03-06,5.33,3.8,312.23,1.6,102.5186,19553.2,1299.0,703738.0,5104.76,14.5
2024-03-07,5.33,3.8,312.23,1.6,102.5186,19553.2,1299.0,703738.0,5157.36,14.44
2024-03-08,5.33,3.8,312.23,1.6,102.5186,19553.2,1299.0,703738.0,5123.69,14.74
2024-03-09,5.33,3.8,312.23,1.6,102.5186,19553.2,1299.0,703738.0,5123.69,14.74
2024-03-10,5.33,3.8,312.23,1.6,102.5186,19553.2,1299.0,703738.0,5123.69,14.74
2024-03-11,5.33,3.8,312.23,1.6,102.5186,19553.2,1299.0,703738.0,5117.94,15.22
2024-03-12,5.33,3.8,312.23,1.6,102.5186,19553.2,1299.0,703738.0,5175.27,13.84
2024-03-13,5.33,3.8,312.23,1.6,102.5186,19553.2,1299.0,703738.0,5165.31,13.75
2024-03-14,5.33,3.8,312.23,1.6,102.5186,19553.2,1299.0,703738.0,5150.48,14.4
2024-03-15,5.33,3.8,312.23,1.6,102.5186,19553.2,1299.0,703738.0,5117.09,14.41
2024-03-16,5.33,3.8,312.23,1.6,102.5186,19553.2,1299.0,703738.0,5117.09,14.41
2024-03-17,5.33,3.8,312.23,1.6,102.5186,19553.2,1299.0,703738.0,5117.09,14.41
2024-03-18,5.33,3.8,312.23,1.6,102.5186,19553.2,1299.0,703738.0,5149.42,14.33
2024-03-19,5.33,3.8,312.23,1.6,102.5186,19553.2,1299.0,703738.0,5178.51,13.82
2024-03-20,5.33,3.8,312.23,1.6,102.5186,19553.2,1299.0,703738.0,5224.62,13.04
2024-03-21,5.33,3.8,312.23,1.6,102.5186,19553.2,1299.0,703738.0,5241.53,12.92
2024-03-22,5.33,3.8,312.23,1.6,102.5186,19553.2,1299.0,703738.0,5234.18,13.06
2024-03-23,5.33,3.8,312.23,1.6,102.5186,19553.2,1299.0,703738.0,5234.18,13.06
2024-03-24,5.33,3.8,312.23,1.6,102.5186,19553.2,1299.0,703738.0,5234.18,13.06
2024-03-25,5.33,3.8,312.23,1.6,102.5186,19553.2,1299.0,703738.0,5218.19,13.19
2024-03-26,5.33,3.8,312.23,1.6,102.5186,19553.2,1299.0,703738.0,5203.58,13.24
2024-03-27,5.33,3.8,312.23,1.6,102.5186,19553.2,1299.0,703738.0,5248.49,12.78
2024-03-28,5.33,3.8,312.23,1.6,102.5186,19553.2,1299.0,703738.0,5254.35,13.01
2024-03-29,5.33,3.8,312.23,1.6,102.5186,19553.2,1299.0,703738.0,5254.35,13.01
2024-03-30,5.33,3.8,312.23,1.6,102.5186,19553.2,1299.0,703738.0,5254.35,13.01
2024-03-31,5.33,3.8,312.23,1.6,102.5186,19553.2,1299.0,703738.0,5254.35,13.01
2024-04-01,5.33,3.9,313.207,3.0,102.3568,19603.3,1377.0,702681.0,5243.77,13.65
2024-04-02,5.33,3.9,313.207,3.0,102.3568,19603.3,1377.0,702681.0,5205.81,14.61
2024-04-03,5.33,3.9,313.207,3.0,102.3568,19603.3,1377.0,702681.0,5211.49,14.33
2024-04-04,5.33,3.9,313.207,3.0,102.3568,19603.3,1377.0,702681.0,5147.21,16.35
2024-04-05,5.33,3.9,313.207,3.0,102.3568,19603.3,1377.0,702681.0,5204.34,16.03
2024-04-06,5.33,3.9,313.207,3.0,102.3568,19603.3,1377.0,702681.0,5204.34,16.03
2024-04-07,5.33,3.9,313.207,3.0,102.3568,19603.3,1377.0,702681.0,5204.34,16.03
2024-04-08,5.33,3.9,313.207,3.0,102.3568,19603.3,1377.0,702681.0,5202.39,15.19
2024-04-09,5.33,3.9,313.207,3.0,102.3568,19603.3,1377.0,702681.0,5209.91,14.98
2024-04-10,5.33,3.9,313.207,3.0,102.3568,19603.3,1377.0,702681.0,5160.64,15.8
2024-04-11,5.33,3.9,313.207,3.0,102.3568,19603.3,1377.0,702681.0,5199.06,14.91
2024-04-12,5.33,3.9,313.207,3.0,102.3568,19603.3,1377.0,702681.0,5123.41,17.31
2024-04-13,5.33,3.9,313.207,3.0,102.3568,19603.3,1377.0,702681.0,5123.41,17.31
2024-04-14,5.33,3.9,313.207,3.0,102.3568,19603.3,1377.0,702681.0,5123.41,17.31
2024-04-15,5.33,3.9,313.207,3.0,102.3568,19603.3,1377.0,702681.0,5061.82,19.23
2024-04-16,5.33,3.9,313.207,3.0,102.3568,19603.3,1377.0,702681.0,5051.41,18.4
2024-04-17,5.33,3.9,313.207,3.0,102.3568,19603.3,1377.0,702681.0,5022.21,18.21
2024-04-18,5.33,3.9,313.207,3.0,102.3568,19603.3,1377.0,702681.0,5011.12,18.0
2024-04-19,5.33,3.9,313.207,3.0,102.3568,19603.3,1377.0,702681.0,4967.23,18.71
2024-04-20,5.33,3.9,313.207,3.0,102.3568,19603.3,1377.0,702681.0,4967.23,18.71
2024-04-21,5.33,3.9,313.207,3.0,102.3568,19603.3,1377.0,702681.0,4967.23,18.71
2024-04-22,5.33,3.9,313.207,3.0,102.3568,19603.3,1377.0,702681.0,5010.6,16.94
2024-04-23,5.33,3.9,313.207,3.0,102.3568,19603.3,1377.0,702681.0,5070.55,15.69
2024-04-24,5.33,3.9,313.207,3.0,102.3568,19603.3,1377.0,702681.0,5071.63,15.97
2024-04-25,5.33,3.9,313.207,3.0,102.3568,19603.3,1377.0,702681.0,5048.42,15.37
2024-04-26,5.33,3.9,313.207,3.0,102.3568,19603.3,1377.0,702681.0,5099.96,15.03
2024-04-27,5.33,3.9,313.207,3.0,102.3568,19603.3,1377.0,702681.0,5099.96,15.03
2024-04-28,5.33,3.9,313.207,3.0,102.3568,19603.3,1377.0,702681.0,5099.96,15.03
2024-04-29,5.33,3.9,313.207,3.0,102.3568,19603.3,1377.0,702681.0,5116.17,14.67
2024-04-30,5.33,3.9,313.207,3.0,102.3568,19603.3,1377.0,702681.0,5035.69,15.65
2024-05-01,5.33,4.0,313.225,3.0,102.9797,19697.3,1315.0,704309.0,5018.39,15.39
2024-05-02,5.33,4.0,313.225,3.0,102.9797,19697.3,1315.0,704309.0,5064.2,14.68
2024-05-03,5.33,4.0,313.225,3.0,102.9797,19697.3,1315.0,704309.0,5127.79,13.49
2024-05-04,5.33,4.0,313.225,3.0,102.9797,19697.3,1315.0,704309.0,5127.79,13.49
2024-05-05,5.33,4.0,313.225,3.0,102.9797,19697.3,1315.0,704309.0,5127.79,13.49
2024-05-06,5.33,4.0,313.225,3.0,102.9797,19697.3,1315.0,704309.0,5180.74,13.49
2024-05-07,5.33,4.0,313.225,3.0,102.9797,19697.3,1315.0,704309.0,5187.7,13.23
2024-05-08,5.33,4.0,313.225,3.0,102.9797,19697.3,1315.0,704309.0,5187.67,13.0
2024-05-09,5.33,4.0,313.225,3.0,102.9797,19697.3,1315.0,704309.0,5214.08,12.69
2024-05-10,5.33,4.0,313.225,3.0,102.9797,19697.3,1315.0,704309.0,5222.68,12.55
2024-05-11,5.33,4.0,313.225,3.0,102.9797,19697.3,1315.0,704309.0,5222.68,12.55
2024-05-12,5.33,4.0,313.225,3.0,102.9797,19697.3,1315.0,704309.0,5222.68,12.55
2024-05-13,5.33,4.0,313.225,3.0,102.9797,19697.3,1315.0,704309.0,5221.42,13.6
2024-05-14,5.33,4.0,313.225,3.0,102.9797,19697.3,1315.0,704309.0,5246.68,13.42
2024-05-15,5.33,4.0,313.225,3.0,102.9797,19697.3,1315.0,704309.0,5308.15,12.45
2024-05-16,5.33,4.0,313.225,3.0,102.9797,19697.3,1315.0,704309.0,5297.1,12.42
2024-05-17,5.33,4.0,313.225,3.0,102.9797,19697.3,1315.0,704309.0,5303.27,11.99
2024-05-18,5.33,4.0,313.225,3.0,102.9797,19697.3,1315.0,704309.0,5303.27,11.99
2024-05-19,5.33,4.0,313.225,3.0,102.9797,19697.3,1315.0,704309.0,5303.27,11.99
2024-05-20,5.33,4.0,313.225,3.0,102.9797,19697.3,1315.0,704309.0,5308.13,12.15
2024-05-21,5.33,4.0,313.225,3.0,102.9797,19697.3,1315.0,704309.0,5321.41,11.86
2024-05-22,5.33,4.0,313.225,3.0,102.9797,19697.3,1315.0,704309.0,5307.01,12.29
2024-05-23,5.33,4.0,313.225,3.0,102.9797,19697.3,1315.0,704309.0,5267.84,12.77
2024-05-24,5.33,4.0,313.225,3.0,102.9797,19697.3,1315.0,704309.0,5304.72,11.93
2024-05-25,5.33,4.0,313.225,3.0,102.9797,19697.3,1315.0,704309.0,5304.72,11.93
2024-05-26,5.33,4.0,313.225,3.0,102.9797,19697.3,1315.0,704309.0,5304.72,11.93
2024-05-27,5.33,4.0,313.225,3.0,102.9797,19697.3,1315.0,704309.0,5304.72,12.36
2024-05-28,5.33,4.0,313.225,3.0,102.9797,19697.3,1315.0,704309.0,5306.04,12.92
2024-05-29,5.33,4.0,313.225,3.0,102.9797,19697.3,1315.0,704309.0,5266.95,14.28
2024-05-30,5.33,4.0,313.225,3.0,102.9797,19697.3,1315.0,704309.0,5235.48,14.47
2024-05-31,5.33,4.0,313.225,3.0,102.9797,19697.3,1315.0,704309.0,5277.51,12.92
2024-06-01,5.33,4.1,313.049,3.0,103.2768,19747.5,1329.0,702350.0,5277.51,12.92
2024-06-02,5.33,4.1,313.049,3.0,103.2768,19747.5,1329.0,702350.0,5277.51,12.92
2024-06-03,5.33,4.1,313.049,3.0,103.2768,19747.5,1329.0,702350.0,5283.4,13.11
2024-06-04,5.33,4.1,313.049,3.0,103.2768,19747.5,1329.0,702350.0,5291.34,13.16
2024-06-05,5.33,4.1,313.049,3.0,103.2768,19747.5,1329.0,702350.0,5354.03,12.63
2024-06-06,5.33,4.1,313.049,3.0,103.2768,19747.5,1329.0,702350.0,5352.96,12.58
2024-06-07,5.33,4.1,313.049,3.0,103.2768,19747.5,1329.0,702350.0,5346.99,12.22
2024-06-08,5.33,4.1,313.049,3.0,103.2768,19747.5,1329.0,702350.0,5346.99,12.22
2024-06-09,5.33,4.1,313.049,3.0,103.2768,19747.5,1329.0,702350.0,5346.99,12.22
2024-06-10,5.33,4.1,313.049,3.0,103.2768,19747.5,1329.0,702350.0,5360.79,12.74
2024-06-11,5.33,4.1,313.049,3.0,103.2768,19747.5,1329.0,702350.0,5375.32,12.85
2024-06-12,5.33,4.1,313.049,3.0,103.2768,19747.5,1329.0,702350.0,5421.03,12.04
2024-06-13,5.33,4.1,313.049,3.0,103.2768,19747.5,1329.0,702350.0,5433.74,11.94
2024-06-14,5.33,4.1,313.049,3.0,103.2768,19747.5,1329.0,702350.0,5431.6,12.66
2024-06-15,5.33,4.1,313.049,3.0,103.2768,19747.5,1329.0,702350.0,5431.6,12.66
2024-06-16,5.33,4.1,313.049,3.0,103.2768,19747.5,1329.0,702350.0,5431.6,12.66
2024-06-17,5.33,4.1,313.049,3.0,103.2768,19747.5,1329.0,702350.0,5473.23,12.75
2024-06-18,5.33,4.1,313.049,3.0,103.2768,19747.5,1329.0,702350.0,5487.03,12.3
2024-06-19,5.33,4.1,313.049,3.0,103.2768,19747.5,1329.0,702350.0,5487.03,12.48
2024-06-20,5.33,4.1,313.049,3.0,103.2768,19747.5,1329.0,702350.0,5473.17,13.28
2024-06-21,5.33,4.1,313.049,3.0,103.2768,19747.5,1329.0,702350.0,5464.62,13.2
2024-06-22,5.33,4.1,313.049,3.0,103.2768,19747.5,1329.0,702350.0,5464.62,13.2
2024-06-23,5.33,4.1,313.049,3.0,103.2768,19747.5,1329.0,702350.0,5464.62,13.2
2024-06-24,5.33,4.1,313.049,3.0,103.2768,19747.5,1329.0,702350.0,5447.87,13.33
2024-06-25,5.33,4.1,313.049,3.0,103.2768,19747.5,1329.0,702350.0,5469.3,12.84
2024-06-26,5.33,4.1,313.049,3.0,103.2768,19747.5,1329.0,702350.0,5477.9,12.55
2024-06-27,5.33,4.1,313.049,3.0,103.2768,19747.5,1329.0,702350.0,5482.87,12.24
2024-06-28,5.33,4.1,313.049,3.0,103.2768,19747.5,1329.0,702350.0,5460.48,12.44
2024-06-29,5.33,4.1,313.049,3.0,103.2768,19747.5,1329.0,702350.0,5460.48,12.44
2024-06-30,5.33,4.1,313.049,3.0,103.2768,19747.5,1329.0,702350.0,5460.48,12.44
2024-07-01,5.33,4.3,313.534,2.8,102.5381,19862.9,1262.0,710851.0,5475.09,12.22
2024-07-02,5.33,4.3,313.534,2.8,102.5381,19862.9,1262.0,710851.0,5509.01,12.03
2024-07-03,5.33,4.3,313.534,2.8,102.5381,19862.9,1262.0,710851.0,5537.02,12.09
2024-07-04,5.33,4.3,313.534,2.8,102.5381,19862.9,1262.0,710851.0,5537.02,12.26
2024-07-05,5.33,4.3,313.534,2.8,102.5381,19862.9,1262.0,710851.0,5567.19,12.48
2024-07-06,5.33,4.3,313.534,2.8,102.5381,19862.9,1262.0,710851.0,5567.19,12.48
2024-07-07,5.33,4.3,313.534,2.8,102.5381,19862.9,1262.0,710851.0,5567.19,12.48
2024-07-08,5.33,4.3,313.534,2.8,102.5381,19862.9,1262.0,710851.0,5572.85,12.37
2024-07-09,5.33,4.3,313.534,2.8,102.5381,19862.9,1262.0,710851.0,5576.98,12.51
2024-07-10,5.33,4.3,313.534,2.8,102.5381,19862.9,1262.0,710851.0,5633.91,12.85
2024-07-11,5.33,4.3,313.534,2.8,102.5381,19862.9,1262.0,710851.0,5584.54,12.92
2024-07-12,5.33,4.3,313.534,2.8,102.5381,19862.9,1262.0,710851.0,5615.35,12.46
2024-07-13,5.33,4.3,313.534,2.8,102.5381,19862.9,1262.0,710851.0,5615.35,12.46
2024-07-14,5.33,4.3,313.534,2.8,102.5381,19862.9,1262.0,710851.0,5615.35,12.46
2024-07-15,5.33,4.3,313.534,2.8,102.5381,19862.9,1262.0,710851.0,5631.22,13.12
2024-07-16,5.33,4.3,313.534,2.8,102.5381,19862.9,1262.0,710851.0,5667.2,13.19
2024-07-17,5.33,4.3,313.534,2.8,102.5381,19862.9,1262.0,710851.0,5588.27,14.48
2024-07-18,5.33,4.3,313.534,2.8,102.5381,19862.9,1262.0,710851.0,5544.59,15.93
2024-07-19,5.33,4.3,313.534,2.8,102.5381,19862.9,1262.0,710851.0,5505.0,16.52
2024-07-20,5.33,4.3,313.534,2.8,102.5381,19862.9,1262.0,710851.0,5505.0,16.52
2024-07-21,5.33,4.3,313.534,2.8,102.5381,19862.9,1262.0,710851.0,5505.0,16.52
2024-07-22,5.33,4.3,313.534,2.8,102.5381,19862.9,1262.0,710851.0,5564.41,14.91
2024-07-23,5.33,4.3,313.534,2.8,102.5381,19862.9,1262.0,710851.0,5555.74,14.72
2024-07-24,5.33,4.3,313.534,2.8,102.5381,19862.9,1262.0,710851.0,5427.13,18.04
2024-07-25,5.33,4.3,313.534,2.8,102.5381,19862.9,1262.0,710851.0,5399.22,18.46
2024-07-26,5.33,4.3,313.534,2.8,102.5381,19862.9,1262.0,710851.0,5459.1,16.39
2024-07-27,5.33,4.3,313.534,2.8,102.5381,19862.9,1262.0,710851.0,5459.1,16.39
2024-07-28,5.33,4.3,313.534,2.8,102.5381,19862.9,1262.0,710851.0,5459.1,16.39
2024-07-29,5.33,4.3,313.534,2.8,102.5381,19862.9,1262.0,710851.0,5463.54,16.6
2024-07-30,5.33,4.3,313.534,2.8,102.5381,19862.9,1262.0,710851.0,5436.44,17.69
2024-07-31,5.33,4.3,313.534,2.8,102.5381,19862.9,1262.0,710851.0,5522.3,16.36
2024-08-01,5.33,4.2,314.121,2.8,103.0449,19918.4,1379.0,710038.0,5446.68,18.59
2024-08-02,5.33,4.2,314.121,2.8,103.0449,19918.4,1379.0,710038.0,5346.56,23.39
2024-08-03,5.33,4.2,314.121,2.8,103.0449,19918.4,1379.0,710038.0,5346.56,23.39
2024-08-04,5.33,4.2,314.121,2.8,103.0449,19918.4,1379.0,710038.0,5346.56,23.39
2024-08-05,5.33,4.2,314.121,2.8,103.0449,19918.4,1379.0,710038.0,5186.33,38.57
2024-08-06,5.33,4.2,314.121,2.8,103.0449,19918.4,1379.0,710038.0,5240.03,27.71
2024-08-07,5.33,4.2,314.121,2.8,103.0449,19918.4,1379.0,710038.0,5199.5,27.85
2024-08-08,5.33,4.2,314.121,2.8,103.0449,19918.4,1379.0,710038.0,5319.31,23.79
2024-08-09,5.33,4.2,314.121,2.8,103.0449,19918.4,1379.0,710038.0,5344.16,20.37
2024-08-10,5.33,4.2,314.121,2.8,103.0449,19918.4,1379.0,710038.0,5344.16,20.37
2024-08-11,5.33,4.2,314.121,2.8,103.0449,19918.4,1379.0,710038.0,5344.16,20.37
2024-08-12,5.33,4.2,314.121,2.8,103.0449,19918.4,1379.0,710038.0,5344.39,20.71
2024-08-13,5.33,4.2,314.121,2.8,103.0449,19918.4,1379.0,710038.0,5434.43,18.12
2024-08-14,5.33,4.2,314.121,2.8,103.0449,19918.4,1379.0,710038.0,5455.21,16.19
2024-08-15,5.33,4.2,314.121,2.8,103.0449,19918.4,1379.0,710038.0,5543.22,15.23
2024-08-16,5.33,4.2,314.121,2.8,103.0449,19918.4,1379.0,710038.0,5554.25,14.8
2024-08-17,5.33,4.2,314.121,2.8,103.0449,19918.4,1379.0,710038.0,5554.25,14.8
2024-08-18,5.33,4.2,314.121,2.8,103.0449,19918.4,1379.0,710038.0,5554.25,14.8
2024-08-19,5.33,4.2,314.121,2.8,103.0449,19918.4,1379.0,710038.0,5608.25,14.65
2024-08-20,5.33,4.2,314.121,2.8,103.0449,19918.4,1379.0,710038.0,5597.12,15.88
2024-08-21,5.33,4.2,314.121,2.8,103.0449,19918.4,1379.0,710038.0,5620.85,16.27
2024-08-22,5.33,4.2,314.121,2.8,103.0449,19918.4,1379.0,710038.0,5570.64,17.55
2024-08-23,5.33,4.2,314.121,2.8,103.0449,19918.4,1379.0,710038.0,5634.61,15.86
2024-08-24,5.33,4.2,314.121,2.8,103.0449,19918.4,1379.0,710038.0,5634.61,15.86
2024-08-25,5.33,4.2,314.121,2.8,103.0449,19918.4,1379.0,710038.0,5634.61,15.86
2024-08-26,5.33,4.2,314.121,2.8,103.0449,19918.4,1379.0,710038.0,5616.84,16.15
2024-08-27,5.33,4.2,314.121,2.8,103.0449,19918.4,1379.0,710038.0,5625.8,15.43
2024-08-28,5.33,4.2,314.121,2.8,103.0449,19918.4,1379.0,710038.0,5592.18,17.11
2024-08-29,5.33,4.2,314.121,2.8,103.0449,19918.4,1379.0,710038.0,5591.96,15.65
2024-08-30,5.33,4.2,314.121,2.8,103.0449,19918.4,1379.0,710038.0,5648.4,15.0
2024-08-31,5.33,4.2,314.121,2.8,103.0449,19918.4,1379.0,710038.0,5648.4,15.0
2024-09-01,5.33,4.1,314.686,2.8,102.5497,20024.3,1353.0,716026.0,5648.4,15.0
2024-09-02,5.33,4.1,314.686,2.8,102.5497,20024.3,1353.0,716026.0,5648.4,15.55
2024-09-03,5.33,4.1,314.686,2.8,102.5497,20024.3,1353.0,716026.0,5528.93,20.72
2024-09-04,5.33,4.1,314.686,2.8,102.5497,20024.3,1353.0,716026.0,5520.07,21.32
2024-09-05,5.33,4.1,314.686,2.8,102.5497,20024.3,1353.0,716026.0,5503.41,19.9
2024-09-06,5.33,4.1,314.686,2.8,102.5497,20024.3,1353.0,716026.0,5408.42,22.38
2024-09-07,5.33,4.1,314.686,2.8,102.5497,20024.3,1353.0,716026.0,5408.42,22.38
2024-09-08,5.33,4.1,314.686,2.8,102.5497,20024.3,1353.0,716026.0,5408.42,22.38
2024-09-09,5.33,4.1,314.686,2.8,102.5497,20024.3,1353.0,716026.0,5471.05,19.45
2024-09-10,5.33,4.1,314.686,2.8,102.5497,20024.3,1353.0,716026.0,5495.52,19.08
2024-09-11,5.33,4.1,314.686,2.8,102.5497,20024.3,1353.0,716026.0,5554.13,17.69
2024-09-12,5.33,4.1,314.686,2.8,102.5497,20024.3,1353.0,716026.0,5595.76,17.07
2024-09-13,5.33,4.1,314.686,2.8,102.5497,20024.3,1353.0,716026.0,5626.02,16.56
2024-09-14,5.33,4.1,314.686,2.8,102.5497,20024.3,1353.0,716026.0,5626.02,16.56
2024-09-15,5.33,4.1,314.686,2.8,102.5497,20024.3,1353.0,716026.0,5626.02,16.56
2024-09-16,5.33,4.1,314.686,2.8,102.5497,20024.3,1353.0,716026.0,5633.09,17.14
2024-09-17,5.33,4.1,314.686,2.8,102.5497,20024.3,1353.0,716026.0,5634.58,17.61
2024-09-18,5.33,4.1,314.686,2.8,102.5497,20024.3,1353.0,716026.0,5618.26,18.23
2024-09-19,4.83,4.1,314.686,2.8,102.5497,20024.3,1353.0,716026.0,5713.64,16.33
2024-09-20,4.83,4.1,314.686,2.8,102.5497,20024.3,1353.0,716026.0,5702.55,16.15
2024-09-21,4.83,4.1,314.686,2.8,102.5497,20024.3,1353.0,716026.0,5702.55,16.15
2024-09-22,4.83,4.1,314.686,2.8,102.5497,20024.3,1353.0,716026.0,5702.55,16.15
2024-09-23,4.83,4.1,314.686,2.8,102.5497,20024.3,1353.0,716026.0,5718.57,15.89
2024-09-24,4.83,4.1,314.686,2.8,102.5497,20024.3,1353.0,716026.0,5732.93,15.39
2024-09-25,4.83,4.1,314.686,2.8,102.5497,20024.3,1353.0,716026.0,5722.26,15.41
2024-09-26,4.83,4.1,314.686,2.8,102.5497,20024.3,1353.0,716026.0,5745.37,15.37
2024-09-27,4.83,4.1,314.686,2.8,102.5497,20024.3,1353.0,716026.0,5738.17,16.96
2024-09-28,4.83,4.1,314.686,2.8,102.5497,20024.3,1353.0,716026.0,5738.17,16.96
2024-09-29,4.83,4.1,314.686,2.8,102.5497,20024.3,1353.0,716026.0,5738.17,16.96
2024-09-30,4.83,4.1,314.686,2.8,102.5497,20024.3,1353.0,716026.0,5762.48,16.73
2024-10-01,4.83,4.1,315.454,2.8,102.2805,20024.3,1311.0,718867.0,5708.75,19.26
2024-10-02,4.83,4.1,315.454,2.8,102.2805,20024.3,1311.0,718867.0,5709.54,18.9
2024-10-03,4.83,4.1,315.454,2.8,102.2805,20024.3,1311.0,718867.0,5699.94,20.49
2024-10-04,4.83,4.1,315.454,2.8,102.2805,20024.3,1311.0,718867.0,5751.07,19.21
2024-10-05,4.83,4.1,315.454,2.8,102.2805,20024.3,1311.0,718867.0,5751.07,19.21
2024-10-06,4.83,4.1,315.454,2.8,102.2805,20024.3,1311.0,718867.0,5751.07,19.21
2024-10-07,4.83,4.1,315.454,2.8,102.2805,20024.3,1311.0,718867.0,5695.94,22.64
2024-10-08,4.83,4.1,315.454,2.8,102.2805,20024.3,1311.0,718867.0,5751.13,21.42
2024-10-09,4.83,4.1,315.454,2.8,102.2805,20024.3,1311.0,718867.0,5792.04,20.86
2024-10-10,4.83,4.1,315.454,2.8,102.2805,20024.3,1311.0,718867.0,5780.05,20.93
2024-10-11,4.83,4.1,315.454,2.8,102.2805,20024.3,1311.0,718867.0,5815.03,20.46
2024-10-12,4.83,4.1,315.454,2.8,102.2805,20024.3,1311.0,718867.0,5815.03,20.46
2024-10-13,4.83,4.1,315.454,2.8,102.2805,20024.3,1311.0,718867.0,5815.03,20.46
2024-10-14,4.83,4.1,315.454,2.8,102.2805,20024.3,1311.0,718867.0,5859.85,19.7
2024-10-15,4.83,4.1,315.454,2.8,102.2805,20024.3,1311.0,718867.0,5815.26,20.64
2024-10-16,4.83,4.1,315.454,2.8,102.2805,20024.3,1311.0,718867.0,5842.47,19.58
2024-10-17,4.83,4.1,315.454,2.8,102.2805,20024.3,1311.0,718867.0,5841.47,19.11
2024-10-18,4.83,4.1,315.454,2.8,102.2805,20024.3,1311.0,718867.0,5864.67,18.03
2024-10-19,4.83,4.1,315.454,2.8,102.2805,20024.3,1311.0,718867.0,5864.67,18.03
2024-10-20,4.83,4.1,315.454,2.8,102.2805,20024.3,1311.0,718867.0,5864.67,18.03
2024-10-21,4.83,4.1,315.454,2.8,102.2805,20024.3,1311.0,718867.0,5853.98,18.37
2024-10-22,4.83,4.1,315.454,2.8,102.2805,20024.3,1311.0,718867.0,5851.2,18.2
2024-10-23,4.83,4.1,315.454,2.8,102.2805,20024.3,1311.0,718867.0,5797.42,19.24
2024-10-24,4.83,4.1,315.454,2.8,102.2805,20024.3,1311.0,718867.0,5809.86,19.08
2024-10-25,4.83,4.1,315.454,2.8,102.2805,20024.3,1311.0,718867.0,5808.12,20.33
2024-10-26,4.83,4.1,315.454,2.8,102.2805,20024.3,1311.0,718867.0,5808.12,20.33
2024-10-27,4.83,4.1,315.454,2.8,102.2805,20024.3,1311.0,718867.0,5808.12,20.33
2024-10-28,4.83,4.1,315.454,2.8,102.2805,20024.3,1311.0,718867.0,5823.52,19.8
2024-10-29,4.83,4.1,315.454,2.8,102.2805,20024.3,1311.0,718867.0,5832.92,19.34
2024-10-30,4.83,4.1,315.454,2.8,102.2805,20024.3,1311.0,718867.0,5813.67,20.35
2024-10-31,4.83,4.1,315.454,2.8,102.2805,20024.3,1311.0,718867.0,5705.45,23.16
2024-11-01,4.83,4.1,315.454,2.8,102.2805,20024.3,1311.0,718867.0,5728.8,21.88
2024-11-02,4.83,4.1,315.454,2.8,102.2805,20024.3,1311.0,718867.0,5728.8,21.88
2024-11-03,4.83,4.1,315.454,2.8,102.2805,20024.3,1311.0,718867.0,5728.8,21.88
2024-11-04,4.83,4.1,315.454,2.8,102.2805,20024.3,1311.0,718867.0,5712.69,21.98
2024-11-05,4.83,4.1,315.454,2.8,102.2805,20024.3,1311.0,718867.0,5782.76,20.49
2024-11-06,4.83,4.1,315.454,2.8,102.2805,20024.3,1311.0,718867.0,5929.04,16.27
2024-11-07,4.83,4.1,315.454,2.8,102.2805,20024.3,1311.0,718867.0,5973.1,15.2
2024-11-08,4.58,4.1,315.454,2.8,102.2805,20024.3,1311.0,718867.0,5995.54,14.94
2024-11-09,4.58,4.1,315.454,2.8,102.2805,20024.3,1311.0,718867.0,5995.54,14.94
2024-11-10,4.58,4.1,315.454,2.8,102.2805,20024.3,1311.0,718867.0,5995.54,14.94
2024-11-11,4.58,4.1,315.454,2.8,102.2805,20024.3,1311.0,718867.0,6001.35,14.97
2024-11-12,4.58,4.1,315.454,2.8,102.2805,20024.3,1311.0,718867.0,5983.99,14.71
2024-11-13,4.58,4.1,315.454,2.8,102.2805,20024.3,1311.0,718867.0,5985.38,14.02
2024-11-14,4.58,4.1,315.454,2.8,102.2805,20024.3,1311.0,718867.0,5949.17,14.31
2024-11-15,4.58,4.1,315.454,2.8,102.2805,20024.3,1311.0,718867.0,5870.62,16.14
2024-11-16,4.58,4.1,315.454,2.8,102.2805,20024.3,1311.0,718867.0,5870.62,16.14
2024-11-17,4.58,4.1,315.454,2.8,102.2805,20024.3,1311.0,718867.0,5870.62,16.14
2024-11-18,4.58,4.1,315.454,2.8,102.2805,20024.3,1311.0,718867.0,5893.62,15.58
2024-11-19,4.58,4.1,315.454,2.8,102.2805,20024.3,1311.0,718867.0,5916.98,16.35
2024-11-20,4.58,4.1,315.454,2.8,102.2805,20024.3,1311.0,718867.0,5917.11,17.16
2024-11-21,4.58,4.1,315.454,2.8,102.2805,20024.3,1311.0,718867.0,5948.71,16.87
2024-11-22,4.58,4.1,315.454,2.8,102.2805,20024.3,1311.0,718867.0,5969.34,16.87
