Date,semiconductor_shipments,industrial_production,global_trade_volume,crude_oil_prices,interest_rate,gdp_growth,m2_money_supply,personal_computing_sales,consumer_sentiment
2022-01-01,97.9467,101.2146,11408.197854,75.99,0.07,-1.0,21566.1,93.94,67.2
2022-01-02,97.9467,101.2146,11408.197854,75.99,0.07,-1.0,21566.1,93.94,67.2
2022-01-03,97.9467,101.2146,11408.197854,75.99,0.08,-1.0,21566.1,93.94,67.2
2022-01-04,97.9467,101.2146,11408.197854,77.0,0.08,-1.0,21566.1,93.94,67.2
2022-01-05,97.9467,101.2146,11408.197854,77.83,0.08,-1.0,21566.1,93.94,67.2
2022-01-06,97.9467,101.2146,11408.197854,79.47,0.08,-1.0,21566.1,93.94,67.2
2022-01-07,97.9467,101.2146,11408.197854,79.0,0.08,-1.0,21566.1,93.94,67.2
2022-01-08,97.9467,101.2146,11408.197854,79.0,0.08,-1.0,21566.1,93.94,67.2
2022-01-09,97.9467,101.2146,11408.197854,79.0,0.08,-1.0,21566.1,93.94,67.2
2022-01-10,97.9467,101.2146,11408.197854,78.11,0.08,-1.0,21566.1,93.94,67.2
2022-01-11,97.9467,101.2146,11408.197854,81.17,0.08,-1.0,21566.1,93.94,67.2
2022-01-12,97.9467,101.2146,11408.197854,82.51,0.08,-1.0,21566.1,93.94,67.2
2022-01-13,97.9467,101.2146,11408.197854,81.97,0.08,-1.0,21566.1,93.94,67.2
2022-01-14,97.9467,101.2146,11408.197854,83.82,0.08,-1.0,21566.1,93.94,67.2
2022-01-15,97.9467,101.2146,11408.197854,83.82,0.08,-1.0,21566.1,93.94,67.2
2022-01-16,97.9467,101.2146,11408.197854,83.82,0.08,-1.0,21566.1,93.94,67.2
2022-01-17,97.9467,101.2146,11408.197854,83.82,0.08,-1.0,21566.1,93.94,67.2
2022-01-18,97.9467,101.2146,11408.197854,85.42,0.08,-1.0,21566.1,93.94,67.2
2022-01-19,97.9467,101.2146,11408.197854,86.84,0.08,-1.0,21566.1,93.94,67.2
2022-01-20,97.9467,101.2146,11408.197854,86.29,0.08,-1.0,21566.1,93.94,67.2
2022-01-21,97.9467,101.2146,11408.197854,85.16,0.08,-1.0,21566.1,93.94,67.2
2022-01-22,97.9467,101.2146,11408.197854,85.16,0.08,-1.0,21566.1,93.94,67.2
2022-01-23,97.9467,101.2146,11408.197854,85.16,0.08,-1.0,21566.1,93.94,67.2
2022-01-24,97.9467,101.2146,11408.197854,84.48,0.08,-1.0,21566.1,93.94,67.2
2022-01-25,97.9467,101.2146,11408.197854,86.61,0.08,-1.0,21566.1,93.94,67.2
2022-01-26,97.9467,101.2146,11408.197854,88.33,0.08,-1.0,21566.1,93.94,67.2
2022-01-27,97.9467,101.2146,11408.197854,87.61,0.08,-1.0,21566.1,93.94,67.2
2022-01-28,97.9467,101.2146,11408.197854,87.67,0.08,-1.0,21566.1,93.94,67.2
2022-01-29,97.9467,101.2146,11408.197854,87.67,0.08,-1.0,21566.1,93.94,67.2
2022-01-30,97.9467,101.2146,11408.197854,87.67,0.08,-1.0,21566.1,93.94,67.2
2022-01-31,97.9467,101.2146,11408.197854,89.16,0.08,-1.0,21566.1,93.94,67.2
2022-02-01,94.4255,101.8458,11613.27512,88.22,0.08,-1.0,21621.0,96.944,62.8
2022-02-02,94.4255,101.8458,11613.27512,88.16,0.08,-1.0,21621.0,96.944,62.8
2022-02-03,94.4255,101.8458,11613.27512,90.17,0.08,-1.0,21621.0,96.944,62.8
2022-02-04,94.4255,101.8458,11613.27512,92.27,0.08,-1.0,21621.0,96.944,62.8
2022-02-05,94.4255,101.8458,11613.27512,92.27,0.08,-1.0,21621.0,96.944,62.8
2022-02-06,94.4255,101.8458,11613.27512,92.27,0.08,-1.0,21621.0,96.944,62.8
2022-02-07,94.4255,101.8458,11613.27512,91.25,0.08,-1.0,21621.0,96.944,62.8
2022-02-08,94.4255,101.8458,11613.27512,89.32,0.08,-1.0,21621.0,96.944,62.8
2022-02-09,94.4255,101.8458,11613.27512,89.57,0.08,-1.0,21621.0,96.944,62.8
2022-02-10,94.4255,101.8458,11613.27512,89.83,0.08,-1.0,21621.0,96.944,62.8
2022-02-11,94.4255,101.8458,11613.27512,93.1,0.08,-1.0,21621.0,96.944,62.8
2022-02-12,94.4255,101.8458,11613.27512,93.1,0.08,-1.0,21621.0,96.944,62.8
2022-02-13,94.4255,101.8458,11613.27512,93.1,0.08,-1.0,21621.0,96.944,62.8
2022-02-14,94.4255,101.8458,11613.27512,95.52,0.08,-1.0,21621.0,96.944,62.8
2022-02-15,94.4255,101.8458,11613.27512,92.07,0.08,-1.0,21621.0,96.944,62.8
2022-02-16,94.4255,101.8458,11613.27512,93.83,0.08,-1.0,21621.0,96.944,62.8
2022-02-17,94.4255,101.8458,11613.27512,91.78,0.08,-1.0,21621.0,96.944,62.8
2022-02-18,94.4255,101.8458,11613.27512,91.26,0.08,-1.0,21621.0,96.944,62.8
2022-02-19,94.4255,101.8458,11613.27512,91.26,0.08,-1.0,21621.0,96.944,62.8
2022-02-20,94.4255,101.8458,11613.27512,91.26,0.08,-1.0,21621.0,96.944,62.8
2022-02-21,94.4255,101.8458,11613.27512,91.26,0.08,-1.0,21621.0,96.944,62.8
2022-02-22,94.4255,101.8458,11613.27512,92.11,0.08,-1.0,21621.0,96.944,62.8
2022-02-23,94.4255,101.8458,11613.27512,92.14,0.08,-1.0,21621.0,96.944,62.8
2022-02-24,94.4255,101.8458,11613.27512,92.77,0.08,-1.0,21621.0,96.944,62.8
2022-02-25,94.4255,101.8458,11613.27512,91.68,0.08,-1.0,21621.0,96.944,62.8
2022-02-26,94.4255,101.8458,11613.27512,91.68,0.08,-1.0,21621.0,96.944,62.8
2022-02-27,94.4255,101.8458,11613.27512,91.68,0.08,-1.0,21621.0,96.944,62.8
2022-02-28,94.4255,101.8458,11613.27512,96.13,0.08,-1.0,21621.0,96.944,62.8
2022-03-01,101.3241,102.6732,13619.382074,103.66,0.08,-1.0,21722.8,99.027,59.4
2022-03-02,101.3241,102.6732,13619.382074,110.74,0.08,-1.0,21722.8,99.027,59.4
2022-03-03,101.3241,102.6732,13619.382074,107.69,0.08,-1.0,21722.8,99.027,59.4
2022-03-04,101.3241,102.6732,13619.382074,115.77,0.08,-1.0,21722.8,99.027,59.4
2022-03-05,101.3241,102.6732,13619.382074,115.77,0.08,-1.0,21722.8,99.027,59.4
2022-03-06,101.3241,102.6732,13619.382074,115.77,0.08,-1.0,21722.8,99.027,59.4
2022-03-07,101.3241,102.6732,13619.382074,119.26,0.08,-1.0,21722.8,99.027,59.4
2022-03-08,101.3241,102.6732,13619.382074,123.64,0.08,-1.0,21722.8,99.027,59.4
2022-03-09,101.3241,102.6732,13619.382074,108.81,0.08,-1.0,21722.8,99.027,59.4
2022-03-10,101.3241,102.6732,13619.382074,105.93,0.08,-1.0,21722.8,99.027,59.4
2022-03-11,101.3241,102.6732,13619.382074,109.31,0.08,-1.0,21722.8,99.027,59.4
2022-03-12,101.3241,102.6732,13619.382074,109.31,0.08,-1.0,21722.8,99.027,59.4
2022-03-13,101.3241,102.6732,13619.382074,109.31,0.08,-1.0,21722.8,99.027,59.4
2022-03-14,101.3241,102.6732,13619.382074,103.22,0.08,-1.0,21722.8,99.027,59.4
2022-03-15,101.3241,102.6732,13619.382074,96.42,0.08,-1.0,21722.8,99.027,59.4
2022-03-16,101.3241,102.6732,13619.382074,94.85,0.08,-1.0,21722.8,99.027,59.4
2022-03-17,101.3241,102.6732,13619.382074,102.97,0.33,-1.0,21722.8,99.027,59.4
2022-03-18,101.3241,102.6732,13619.382074,104.69,0.33,-1.0,21722.8,99.027,59.4
2022-03-19,101.3241,102.6732,13619.382074,104.69,0.33,-1.0,21722.8,99.027,59.4
2022-03-20,101.3241,102.6732,13619.382074,104.69,0.33,-1.0,21722.8,99.027,59.4
2022-03-21,101.3241,102.6732,13619.382074,112.14,0.33,-1.0,21722.8,99.027,59.4
2022-03-22,101.3241,102.6732,13619.382074,111.03,0.33,-1.0,21722.8,99.027,59.4
2022-03-23,101.3241,102.6732,13619.382074,114.89,0.33,-1.0,21722.8,99.027,59.4
2022-03-24,101.3241,102.6732,13619.382074,114.2,0.33,-1.0,21722.8,99.027,59.4
2022-03-25,101.3241,102.6732,13619.382074,116.2,0.33,-1.0,21722.8,99.027,59.4
2022-03-26,101.3241,102.6732,13619.382074,116.2,0.33,-1.0,21722.8,99.027,59.4
2022-03-27,101.3241,102.6732,13619.382074,116.2,0.33,-1.0,21722.8,99.027,59.4
2022-03-28,101.3241,102.6732,13619.382074,107.55,0.33,-1.0,21722.8,99.027,59.4
2022-03-29,101.3241,102.6732,13619.382074,104.25,0.33,-1.0,21722.8,99.027,59.4
2022-03-30,101.3241,102.6732,13619.382074,107.81,0.33,-1.0,21722.8,99.027,59.4
2022-03-31,101.3241,102.6732,13619.382074,100.53,0.33,-1.0,21722.8,99.027,59.4
2022-04-01,101.6496,102.9024,11347.405351,99.32,0.33,0.3,21723.2,99.125,65.2
2022-04-02,101.6496,102.9024,11347.405351,99.32,0.33,0.3,21723.2,99.125,65.2
2022-04-03,101.6496,102.9024,11347.405351,99.32,0.33,0.3,21723.2,99.125,65.2
2022-04-04,101.6496,102.9024,11347.405351,103.29,0.33,0.3,21723.2,99.125,65.2
2022-04-05,101.6496,102.9024,11347.405351,101.98,0.33,0.3,21723.2,99.125,65.2
2022-04-06,101.6496,102.9024,11347.405351,96.39,0.33,0.3,21723.2,99.125,65.2
2022-04-07,101.6496,102.9024,11347.405351,96.05,0.33,0.3,21723.2,99.125,65.2
2022-04-08,101.6496,102.9024,11347.405351,98.35,0.33,0.3,21723.2,99.125,65.2
2022-04-09,101.6496,102.9024,11347.405351,98.35,0.33,0.3,21723.2,99.125,65.2
2022-04-10,101.6496,102.9024,11347.405351,98.35,0.33,0.3,21723.2,99.125,65.2
2022-04-11,101.6496,102.9024,11347.405351,94.22,0.33,0.3,21723.2,99.125,65.2
2022-04-12,101.6496,102.9024,11347.405351,100.52,0.33,0.3,21723.2,99.125,65.2
2022-04-13,101.6496,102.9024,11347.405351,104.26,0.33,0.3,21723.2,99.125,65.2
2022-04-14,101.6496,102.9024,11347.405351,106.84,0.33,0.3,21723.2,99.125,65.2
2022-04-15,101.6496,102.9024,11347.405351,106.84,0.33,0.3,21723.2,99.125,65.2
2022-04-16,101.6496,102.9024,11347.405351,106.84,0.33,0.3,21723.2,99.125,65.2
2022-04-17,101.6496,102.9024,11347.405351,106.84,0.33,0.3,21723.2,99.125,65.2
2022-04-18,101.6496,102.9024,11347.405351,108.24,0.33,0.3,21723.2,99.125,65.2
2022-04-19,101.6496,102.9024,11347.405351,102.54,0.33,0.3,21723.2,99.125,65.2
2022-04-20,101.6496,102.9024,11347.405351,102.56,0.33,0.3,21723.2,99.125,65.2
2022-04-21,101.6496,102.9024,11347.405351,103.89,0.33,0.3,21723.2,99.125,65.2
2022-04-22,101.6496,102.9024,11347.405351,102.86,0.33,0.3,21723.2,99.125,65.2
2022-04-23,101.6496,102.9024,11347.405351,102.86,0.33,0.3,21723.2,99.125,65.2
2022-04-24,101.6496,102.9024,11347.405351,102.86,0.33,0.3,21723.2,99.125,65.2
2022-04-25,101.6496,102.9024,11347.405351,99.6,0.33,0.3,21723.2,99.125,65.2
2022-04-26,101.6496,102.9024,11347.405351,102.62,0.33,0.3,21723.2,99.125,65.2
2022-04-27,101.6496,102.9024,11347.405351,101.96,0.33,0.3,21723.2,99.125,65.2
2022-04-28,101.6496,102.9024,11347.405351,105.47,0.33,0.3,21723.2,99.125,65.2
2022-04-29,101.6496,102.9024,11347.405351,104.59,0.33,0.3,21723.2,99.125,65.2
2022-04-30,101.6496,102.9024,11347.405351,104.59,0.33,0.3,21723.2,99.125,65.2
2022-05-01,100.6122,102.9659,12304.543146,104.59,0.33,0.3,21696.6,99.325,58.4
2022-05-02,100.6122,102.9659,12304.543146,105.18,0.33,0.3,21696.6,99.325,58.4
2022-05-03,100.6122,102.9659,12304.543146,102.53,0.33,0.3,21696.6,99.325,58.4
2022-05-04,100.6122,102.9659,12304.543146,107.84,0.33,0.3,21696.6,99.325,58.4
2022-05-05,100.6122,102.9659,12304.543146,108.17,0.83,0.3,21696.6,99.325,58.4
2022-05-06,100.6122,102.9659,12304.543146,109.72,0.83,0.3,21696.6,99.325,58.4
2022-05-07,100.6122,102.9659,12304.543146,109.72,0.83,0.3,21696.6,99.325,58.4
2022-05-08,100.6122,102.9659,12304.543146,109.72,0.83,0.3,21696.6,99.325,58.4
2022-05-09,100.6122,102.9659,12304.543146,103.08,0.83,0.3,21696.6,99.325,58.4
2022-05-10,100.6122,102.9659,12304.543146,99.74,0.83,0.3,21696.6,99.325,58.4
2022-05-11,100.6122,102.9659,12304.543146,105.5,0.83,0.3,21696.6,99.325,58.4
2022-05-12,100.6122,102.9659,12304.543146,106.15,0.83,0.3,21696.6,99.325,58.4
2022-05-13,100.6122,102.9659,12304.543146,110.52,0.83,0.3,21696.6,99.325,58.4
2022-05-14,100.6122,102.9659,12304.543146,110.52,0.83,0.3,21696.6,99.325,58.4
2022-05-15,100.6122,102.9659,12304.543146,110.52,0.83,0.3,21696.6,99.325,58.4
2022-05-16,100.6122,102.9659,12304.543146,114.07,0.83,0.3,21696.6,99.325,58.4
2022-05-17,100.6122,102.9659,12304.543146,112.31,0.83,0.3,21696.6,99.325,58.4
2022-05-18,100.6122,102.9659,12304.543146,109.67,0.83,0.3,21696.6,99.325,58.4
2022-05-19,100.6122,102.9659,12304.543146,112.21,0.83,0.3,21696.6,99.325,58.4
2022-05-20,100.6122,102.9659,12304.543146,112.63,0.83,0.3,21696.6,99.325,58.4
2022-05-21,100.6122,102.9659,12304.543146,112.63,0.83,0.3,21696.6,99.325,58.4
2022-05-22,100.6122,102.9659,12304.543146,112.63,0.83,0.3,21696.6,99.325,58.4
2022-05-23,100.6122,102.9659,12304.543146,110.32,0.83,0.3,21696.6,99.325,58.4
2022-05-24,100.6122,102.9659,12304.543146,112.55,0.83,0.3,21696.6,99.325,58.4
2022-05-25,100.6122,102.9659,12304.543146,112.88,0.83,0.3,21696.6,99.325,58.4
2022-05-26,100.6122,102.9659,12304.543146,116.19,0.83,0.3,21696.6,99.325,58.4
2022-05-27,100.6122,102.9659,12304.543146,114.96,0.83,0.3,21696.6,99.325,58.4
2022-05-28,100.6122,102.9659,12304.543146,114.96,0.83,0.3,21696.6,99.325,58.4
2022-05-29,100.6122,102.9659,12304.543146,114.96,0.83,0.3,21696.6,99.325,58.4
2022-05-30,100.6122,102.9659,12304.543146,114.96,0.83,0.3,21696.6,99.325,58.4
2022-05-31,100.6122,102.9659,12304.543146,114.38,0.83,0.3,21696.6,99.325,58.4
2022-06-01,100.5907,102.8224,11590.948434,115.26,0.83,0.3,21652.4,98.655,50.0
2022-06-02,100.5907,102.8224,11590.948434,116.88,0.83,0.3,21652.4,98.655,50.0
2022-06-03,100.5907,102.8224,11590.948434,118.97,0.83,0.3,21652.4,98.655,50.0
2022-06-04,100.5907,102.8224,11590.948434,118.97,0.83,0.3,21652.4,98.655,50.0
2022-06-05,100.5907,102.8224,11590.948434,118.97,0.83,0.3,21652.4,98.655,50.0
2022-06-06,100.5907,102.8224,11590.948434,118.41,0.83,0.3,21652.4,98.655,50.0
2022-06-07,100.5907,102.8224,11590.948434,119.55,0.83,0.3,21652.4,98.655,50.0
2022-06-08,100.5907,102.8224,11590.948434,121.94,0.83,0.3,21652.4,98.655,50.0
2022-06-09,100.5907,102.8224,11590.948434,121.52,0.83,0.3,21652.4,98.655,50.0
2022-06-10,100.5907,102.8224,11590.948434,120.73,0.83,0.3,21652.4,98.655,50.0
2022-06-11,100.5907,102.8224,11590.948434,120.73,0.83,0.3,21652.4,98.655,50.0
2022-06-12,100.5907,102.8224,11590.948434,120.73,0.83,0.3,21652.4,98.655,50.0
2022-06-13,100.5907,102.8224,11590.948434,120.92,0.83,0.3,21652.4,98.655,50.0
2022-06-14,100.5907,102.8224,11590.948434,118.92,0.83,0.3,21652.4,98.655,50.0
2022-06-15,100.5907,102.8224,11590.948434,115.32,0.83,0.3,21652.4,98.655,50.0
2022-06-16,100.5907,102.8224,11590.948434,117.56,1.58,0.3,21652.4,98.655,50.0
2022-06-17,100.5907,102.8224,11590.948434,109.56,1.58,0.3,21652.4,98.655,50.0
2022-06-18,100.5907,102.8224,11590.948434,109.56,1.58,0.3,21652.4,98.655,50.0
2022-06-19,100.5907,102.8224,11590.948434,109.56,1.58,0.3,21652.4,98.655,50.0
2022-06-20,100.5907,102.8224,11590.948434,109.56,1.58,0.3,21652.4,98.655,50.0
2022-06-21,100.5907,102.8224,11590.948434,110.49,1.58,0.3,21652.4,98.655,50.0
2022-06-22,100.5907,102.8224,11590.948434,106.22,1.58,0.3,21652.4,98.655,50.0
2022-06-23,100.5907,102.8224,11590.948434,105.75,1.58,0.3,21652.4,98.655,50.0
2022-06-24,100.5907,102.8224,11590.948434,109.07,1.58,0.3,21652.4,98.655,50.0
2022-06-25,100.5907,102.8224,11590.948434,109.07,1.58,0.3,21652.4,98.655,50.0
2022-06-26,100.5907,102.8224,11590.948434,109.07,1.58,0.3,21652.4,98.655,50.0
2022-06-27,100.5907,102.8224,11590.948434,111.44,1.58,0.3,21652.4,98.655,50.0
2022-06-28,100.5907,102.8224,11590.948434,113.66,1.58,0.3,21652.4,98.655,50.0
2022-06-29,100.5907,102.8224,11590.948434,111.65,1.58,0.3,21652.4,98.655,50.0
2022-06-30,100.5907,102.8224,11590.948434,107.76,1.58,0.3,21652.4,98.655,50.0
2022-07-01,102.0768,103.0505,12397.670112,110.3,1.58,2.7,21644.5,100.452,51.5
2022-07-02,102.0768,103.0505,12397.670112,110.3,1.58,2.7,21644.5,100.452,51.5
2022-07-03,102.0768,103.0505,12397.670112,110.3,1.58,2.7,21644.5,100.452,51.5
2022-07-04,102.0768,103.0505,12397.670112,110.3,1.58,2.7,21644.5,100.452,51.5
2022-07-05,102.0768,103.0505,12397.670112,101.55,1.58,2.7,21644.5,100.452,51.5
2022-07-06,102.0768,103.0505,12397.670112,100.31,1.58,2.7,21644.5,100.452,51.5
2022-07-07,102.0768,103.0505,12397.670112,104.62,1.58,2.7,21644.5,100.452,51.5
2022-07-08,102.0768,103.0505,12397.670112,106.78,1.58,2.7,21644.5,100.452,51.5
2022-07-09,102.0768,103.0505,12397.670112,106.78,1.58,2.7,21644.5,100.452,51.5
2022-07-10,102.0768,103.0505,12397.670112,106.78,1.58,2.7,21644.5,100.452,51.5
2022-07-11,102.0768,103.0505,12397.670112,106.09,1.58,2.7,21644.5,100.452,51.5
2022-07-12,102.0768,103.0505,12397.670112,97.69,1.58,2.7,21644.5,100.452,51.5
2022-07-13,102.0768,103.0505,12397.670112,98.44,1.58,2.7,21644.5,100.452,51.5
2022-07-14,102.0768,103.0505,12397.670112,97.79,1.58,2.7,21644.5,100.452,51.5
2022-07-15,102.0768,103.0505,12397.670112,99.59,1.58,2.7,21644.5,100.452,51.5
2022-07-16,102.0768,103.0505,12397.670112,99.59,1.58,2.7,21644.5,100.452,51.5
2022-07-17,102.0768,103.0505,12397.670112,99.59,1.58,2.7,21644.5,100.452,51.5
2022-07-18,102.0768,103.0505,12397.670112,104.48,1.58,2.7,21644.5,100.452,51.5
2022-07-19,102.0768,103.0505,12397.670112,106.12,1.58,2.7,21644.5,100.452,51.5
2022-07-20,102.0768,103.0505,12397.670112,104.45,1.58,2.7,21644.5,100.452,51.5
2022-07-21,102.0768,103.0505,12397.670112,98.44,1.58,2.7,21644.5,100.452,51.5
2022-07-22,102.0768,103.0505,12397.670112,97.71,1.58,2.7,21644.5,100.452,51.5
2022-07-23,102.0768,103.0505,12397.670112,97.71,1.58,2.7,21644.5,100.452,51.5
2022-07-24,102.0768,103.0505,12397.670112,97.71,1.58,2.7,21644.5,100.452,51.5
2022-07-25,102.0768,103.0505,12397.670112,99.83,1.58,2.7,21644.5,100.452,51.5
2022-07-26,102.0768,103.0505,12397.670112,97.74,1.58,2.7,21644.5,100.452,51.5
2022-07-27,102.0768,103.0505,12397.670112,100.03,1.58,2.7,21644.5,100.452,51.5
2022-07-28,102.0768,103.0505,12397.670112,99.11,2.33,2.7,21644.5,100.452,51.5
2022-07-29,102.0768,103.0505,12397.670112,101.31,2.32,2.7,21644.5,100.452,51.5
2022-07-30,102.0768,103.0505,12397.670112,101.31,2.32,2.7,21644.5,100.452,51.5
2022-07-31,102.0768,103.0505,12397.670112,101.31,2.32,2.7,21644.5,100.452,51.5
2022-08-01,102.9376,103.1703,12875.39317,96.59,2.33,2.7,21626.7,99.796,58.2
2022-08-02,102.9376,103.1703,12875.39317,97.14,2.33,2.7,21626.7,99.796,58.2
2022-08-03,102.9376,103.1703,12875.39317,93.25,2.33,2.7,21626.7,99.796,58.2
2022-08-04,102.9376,103.1703,12875.39317,91.29,2.33,2.7,21626.7,99.796,58.2
2022-08-05,102.9376,103.1703,12875.39317,91.77,2.33,2.7,21626.7,99.796,58.2
2022-08-06,102.9376,103.1703,12875.39317,91.77,2.33,2.7,21626.7,99.796,58.2
2022-08-07,102.9376,103.1703,12875.39317,91.77,2.33,2.7,21626.7,99.796,58.2
2022-08-08,102.9376,103.1703,12875.39317,93.52,2.33,2.7,21626.7,99.796,58.2
2022-08-09,102.9376,103.1703,12875.39317,93.18,2.33,2.7,21626.7,99.796,58.2
2022-08-10,102.9376,103.1703,12875.39317,94.68,2.33,2.7,21626.7,99.796,58.2
2022-08-11,102.9376,103.1703,12875.39317,97.02,2.33,2.7,21626.7,99.796,58.2
2022-08-12,102.9376,103.1703,12875.39317,94.86,2.33,2.7,21626.7,99.796,58.2
2022-08-13,102.9376,103.1703,12875.39317,94.86,2.33,2.7,21626.7,99.796,58.2
2022-08-14,102.9376,103.1703,12875.39317,94.86,2.33,2.7,21626.7,99.796,58.2
2022-08-15,102.9376,103.1703,12875.39317,92.24,2.33,2.7,21626.7,99.796,58.2
2022-08-16,102.9376,103.1703,12875.39317,89.23,2.33,2.7,21626.7,99.796,58.2
2022-08-17,102.9376,103.1703,12875.39317,90.85,2.33,2.7,21626.7,99.796,58.2
2022-08-18,102.9376,103.1703,12875.39317,93.2,2.33,2.7,21626.7,99.796,58.2
2022-08-19,102.9376,103.1703,12875.39317,93.55,2.33,2.7,21626.7,99.796,58.2
2022-08-20,102.9376,103.1703,12875.39317,93.55,2.33,2.7,21626.7,99.796,58.2
2022-08-21,102.9376,103.1703,12875.39317,93.55,2.33,2.7,21626.7,99.796,58.2
2022-08-22,102.9376,103.1703,12875.39317,93.42,2.33,2.7,21626.7,99.796,58.2
2022-08-23,102.9376,103.1703,12875.39317,96.46,2.33,2.7,21626.7,99.796,58.2
2022-08-24,102.9376,103.1703,12875.39317,95.52,2.33,2.7,21626.7,99.796,58.2
2022-08-25,102.9376,103.1703,12875.39317,93.33,2.33,2.7,21626.7,99.796,58.2
2022-08-26,102.9376,103.1703,12875.39317,93.63,2.33,2.7,21626.7,99.796,58.2
2022-08-27,102.9376,103.1703,12875.39317,93.63,2.33,2.7,21626.7,99.796,58.2
2022-08-28,102.9376,103.1703,12875.39317,93.63,2.33,2.7,21626.7,99.796,58.2
2022-08-29,102.9376,103.1703,12875.39317,97.4,2.33,2.7,21626.7,99.796,58.2
2022-08-30,102.9376,103.1703,12875.39317,92.08,2.33,2.7,21626.7,99.796,58.2
2022-08-31,102.9376,103.1703,12875.39317,90.09,2.33,2.7,21626.7,99.796,58.2
2022-09-01,103.1393,103.5326,11870.389024,87.09,2.33,2.7,21507.7,97.862,58.6
2022-09-02,103.1393,103.5326,11870.389024,87.29,2.33,2.7,21507.7,97.862,58.6
2022-09-03,103.1393,103.5326,11870.389024,87.29,2.33,2.7,21507.7,97.862,58.6
2022-09-04,103.1393,103.5326,11870.389024,87.29,2.33,2.7,21507.7,97.862,58.6
2022-09-05,103.1393,103.5326,11870.389024,87.29,2.33,2.7,21507.7,97.862,58.6
2022-09-06,103.1393,103.5326,11870.389024,87.35,2.33,2.7,21507.7,97.862,58.6
2022-09-07,103.1393,103.5326,11870.389024,82.5,2.33,2.7,21507.7,97.862,58.6
2022-09-08,103.1393,103.5326,11870.389024,84.04,2.33,2.7,21507.7,97.862,58.6
2022-09-09,103.1393,103.5326,11870.389024,87.27,2.33,2.7,21507.7,97.862,58.6
2022-09-10,103.1393,103.5326,11870.389024,87.27,2.33,2.7,21507.7,97.862,58.6
2022-09-11,103.1393,103.5326,11870.389024,87.27,2.33,2.7,21507.7,97.862,58.6
2022-09-12,103.1393,103.5326,11870.389024,88.18,2.33,2.7,21507.7,97.862,58.6
2022-09-13,103.1393,103.5326,11870.389024,87.84,2.33,2.7,21507.7,97.862,58.6
2022-09-14,103.1393,103.5326,11870.389024,88.88,2.33,2.7,21507.7,97.862,58.6
2022-09-15,103.1393,103.5326,11870.389024,85.72,2.33,2.7,21507.7,97.862,58.6
2022-09-16,103.1393,103.5326,11870.389024,85.57,2.33,2.7,21507.7,97.862,58.6
2022-09-17,103.1393,103.5326,11870.389024,85.57,2.33,2.7,21507.7,97.862,58.6
2022-09-18,103.1393,103.5326,11870.389024,85.57,2.33,2.7,21507.7,97.862,58.6
2022-09-19,103.1393,103.5326,11870.389024,86.15,2.33,2.7,21507.7,97.862,58.6
2022-09-20,103.1393,103.5326,11870.389024,84.69,2.33,2.7,21507.7,97.862,58.6
2022-09-21,103.1393,103.5326,11870.389024,83.38,2.33,2.7,21507.7,97.862,58.6
2022-09-22,103.1393,103.5326,11870.389024,84.02,3.08,2.7,21507.7,97.862,58.6
2022-09-23,103.1393,103.5326,11870.389024,79.07,3.08,2.7,21507.7,97.862,58.6
2022-09-24,103.1393,103.5326,11870.389024,79.07,3.08,2.7,21507.7,97.862,58.6
2022-09-25,103.1393,103.5326,11870.389024,79.07,3.08,2.7,21507.7,97.862,58.6
2022-09-26,103.1393,103.5326,11870.389024,77.17,3.08,2.7,21507.7,97.862,58.6
2022-09-27,103.1393,103.5326,11870.389024,78.91,3.08,2.7,21507.7,97.862,58.6
2022-09-28,103.1393,103.5326,11870.389024,82.61,3.08,2.7,21507.7,97.862,58.6
2022-09-29,103.1393,103.5326,11870.389024,81.78,3.08,2.7,21507.7,97.862,58.6
2022-09-30,103.1393,103.5326,11870.389024,79.91,3.08,2.7,21507.7,97.862,58.6
2022-10-01,105.0235,103.4442,15700.29175,79.91,3.08,3.4,21433.4,97.379,59.9
2022-10-02,105.0235,103.4442,15700.29175,79.91,3.08,3.4,21433.4,97.379,59.9
2022-10-03,105.0235,103.4442,15700.29175,84.05,3.08,3.4,21433.4,97.379,59.9
2022-10-04,105.0235,103.4442,15700.29175,86.87,3.08,3.4,21433.4,97.379,59.9
2022-10-05,105.0235,103.4442,15700.29175,88.22,3.08,3.4,21433.4,97.379,59.9
2022-10-06,105.0235,103.4442,15700.29175,88.9,3.08,3.4,21433.4,97.379,59.9
2022-10-07,105.0235,103.4442,15700.29175,93.07,3.08,3.4,21433.4,97.379,59.9
2022-10-08,105.0235,103.4442,15700.29175,93.07,3.08,3.4,21433.4,97.379,59.9
2022-10-09,105.0235,103.4442,15700.29175,93.07,3.08,3.4,21433.4,97.379,59.9
2022-10-10,105.0235,103.4442,15700.29175,91.6,3.08,3.4,21433.4,97.379,59.9
2022-10-11,105.0235,103.4442,15700.29175,89.75,3.08,3.4,21433.4,97.379,59.9
2022-10-12,105.0235,103.4442,15700.29175,87.83,3.08,3.4,21433.4,97.379,59.9
2022-10-13,105.0235,103.4442,15700.29175,89.59,3.08,3.4,21433.4,97.379,59.9
2022-10-14,105.0235,103.4442,15700.29175,86.1,3.08,3.4,21433.4,97.379,59.9
2022-10-15,105.0235,103.4442,15700.29175,86.1,3.08,3.4,21433.4,97.379,59.9
2022-10-16,105.0235,103.4442,15700.29175,86.1,3.08,3.4,21433.4,97.379,59.9
2022-10-17,105.0235,103.4442,15700.29175,86.0,3.08,3.4,21433.4,97.379,59.9
2022-10-18,105.0235,103.4442,15700.29175,83.29,3.08,3.4,21433.4,97.379,59.9
2022-10-19,105.0235,103.4442,15700.29175,86.0,3.08,3.4,21433.4,97.379,59.9
2022-10-20,105.0235,103.4442,15700.29175,86.02,3.08,3.4,21433.4,97.379,59.9
2022-10-21,105.0235,103.4442,15700.29175,85.47,3.08,3.4,21433.4,97.379,59.9
2022-10-22,105.0235,103.4442,15700.29175,85.47,3.08,3.4,21433.4,97.379,59.9
2022-10-23,105.0235,103.4442,15700.29175,85.47,3.08,3.4,21433.4,97.379,59.9
2022-10-24,105.0235,103.4442,15700.29175,86.12,3.08,3.4,21433.4,97.379,59.9
2022-10-25,105.0235,103.4442,15700.29175,86.93,3.08,3.4,21433.4,97.379,59.9
2022-10-26,105.0235,103.4442,15700.29175,89.39,3.08,3.4,21433.4,97.379,59.9
2022-10-27,105.0235,103.4442,15700.29175,89.06,3.08,3.4,21433.4,97.379,59.9
2022-10-28,105.0235,103.4442,15700.29175,87.85,3.08,3.4,21433.4,97.379,59.9
2022-10-29,105.0235,103.4442,15700.29175,87.85,3.08,3.4,21433.4,97.379,59.9
2022-10-30,105.0235,103.4442,15700.29175,87.85,3.08,3.4,21433.4,97.379,59.9
2022-10-31,105.0235,103.4442,15700.29175,86.54,3.08,3.4,21433.4,97.379,59.9
2022-11-01,102.5644,103.1058,15785.77438,88.36,3.08,3.4,21367.1,94.12,56.7
2022-11-02,102.5644,103.1058,15785.77438,90.06,3.08,3.4,21367.1,94.12,56.7
2022-11-03,102.5644,103.1058,15785.77438,88.14,3.83,3.4,21367.1,94.12,56.7
2022-11-04,102.5644,103.1058,15785.77438,92.58,3.83,3.4,21367.1,94.12,56.7
2022-11-05,102.5644,103.1058,15785.77438,92.58,3.83,3.4,21367.1,94.12,56.7
2022-11-06,102.5644,103.1058,15785.77438,92.58,3.83,3.4,21367.1,94.12,56.7
2022-11-07,102.5644,103.1058,15785.77438,91.8,3.83,3.4,21367.1,94.12,56.7
2022-11-08,102.5644,103.1058,15785.77438,88.8,3.83,3.4,21367.1,94.12,56.7
2022-11-09,102.5644,103.1058,15785.77438,85.79,3.83,3.4,21367.1,94.12,56.7
2022-11-10,102.5644,103.1058,15785.77438,86.52,3.83,3.4,21367.1,94.12,56.7
2022-11-11,102.5644,103.1058,15785.77438,89.14,3.83,3.4,21367.1,94.12,56.7
2022-11-12,102.5644,103.1058,15785.77438,89.14,3.83,3.4,21367.1,94.12,56.7
2022-11-13,102.5644,103.1058,15785.77438,89.14,3.83,3.4,21367.1,94.12,56.7
2022-11-14,102.5644,103.1058,15785.77438,85.85,3.83,3.4,21367.1,94.12,56.7
2022-11-15,102.5644,103.1058,15785.77438,86.87,3.83,3.4,21367.1,94.12,56.7
2022-11-16,102.5644,103.1058,15785.77438,85.62,3.83,3.4,21367.1,94.12,56.7
2022-11-17,102.5644,103.1058,15785.77438,81.69,3.83,3.4,21367.1,94.12,56.7
2022-11-18,102.5644,103.1058,15785.77438,80.07,3.83,3.4,21367.1,94.12,56.7
2022-11-19,102.5644,103.1058,15785.77438,80.07,3.83,3.4,21367.1,94.12,56.7
2022-11-20,102.5644,103.1058,15785.77438,80.07,3.83,3.4,21367.1,94.12,56.7
2022-11-21,102.5644,103.1058,15785.77438,79.74,3.83,3.4,21367.1,94.12,56.7
2022-11-22,102.5644,103.1058,15785.77438,80.83,3.83,3.4,21367.1,94.12,56.7
2022-11-23,102.5644,103.1058,15785.77438,77.93,3.83,3.4,21367.1,94.12,56.7
2022-11-24,102.5644,103.1058,15785.77438,77.93,3.83,3.4,21367.1,94.12,56.7
2022-11-25,102.5644,103.1058,15785.77438,76.45,3.83,3.4,21367.1,94.12,56.7
2022-11-26,102.5644,103.1058,15785.77438,76.45,3.83,3.4,21367.1,94.12,56.7
2022-11-27,102.5644,103.1058,15785.77438,76.45,3.83,3.4,21367.1,94.12,56.7
2022-11-28,102.5644,103.1058,15785.77438,77.1,3.83,3.4,21367.1,94.12,56.7
2022-11-29,102.5644,103.1058,15785.77438,77.96,3.83,3.4,21367.1,94.12,56.7
2022-11-30,102.5644,103.1058,15785.77438,80.48,3.83,3.4,21367.1,94.12,56.7
2022-12-01,101.9627,101.8266,13612.177365,81.06,3.83,3.4,21273.2,97.494,59.8
2022-12-02,101.9627,101.8266,13612.177365,79.86,3.83,3.4,21273.2,97.494,59.8
2022-12-03,101.9627,101.8266,13612.177365,79.86,3.83,3.4,21273.2,97.494,59.8
2022-12-04,101.9627,101.8266,13612.177365,79.86,3.83,3.4,21273.2,97.494,59.8
2022-12-05,101.9627,101.8266,13612.177365,76.83,3.83,3.4,21273.2,97.494,59.8
2022-12-06,101.9627,101.8266,13612.177365,74.21,3.83,3.4,21273.2,97.494,59.8
2022-12-07,101.9627,101.8266,13612.177365,71.93,3.83,3.4,21273.2,97.494,59.8
2022-12-08,101.9627,101.8266,13612.177365,71.3,3.83,3.4,21273.2,97.494,59.8
2022-12-09,101.9627,101.8266,13612.177365,71.05,3.83,3.4,21273.2,97.494,59.8
2022-12-10,101.9627,101.8266,13612.177365,71.05,3.83,3.4,21273.2,97.494,59.8
2022-12-11,101.9627,101.8266,13612.177365,71.05,3.83,3.4,21273.2,97.494,59.8
2022-12-12,101.9627,101.8266,13612.177365,72.96,3.83,3.4,21273.2,97.494,59.8
2022-12-13,101.9627,101.8266,13612.177365,75.44,3.83,3.4,21273.2,97.494,59.8
2022-12-14,101.9627,101.8266,13612.177365,77.14,3.83,3.4,21273.2,97.494,59.8
2022-12-15,101.9627,101.8266,13612.177365,75.89,4.33,3.4,21273.2,97.494,59.8
2022-12-16,101.9627,101.8266,13612.177365,74.19,4.33,3.4,21273.2,97.494,59.8
2022-12-17,101.9627,101.8266,13612.177365,74.19,4.33,3.4,21273.2,97.494,59.8
2022-12-18,101.9627,101.8266,13612.177365,74.19,4.33,3.4,21273.2,97.494,59.8
2022-12-19,101.9627,101.8266,13612.177365,75.05,4.33,3.4,21273.2,97.494,59.8
2022-12-20,101.9627,101.8266,13612.177365,75.92,4.33,3.4,21273.2,97.494,59.8
2022-12-21,101.9627,101.8266,13612.177365,78.17,4.33,3.4,21273.2,97.494,59.8
2022-12-22,101.9627,101.8266,13612.177365,77.68,4.33,3.4,21273.2,97.494,59.8
2022-12-23,101.9627,101.8266,13612.177365,79.57,4.33,3.4,21273.2,97.494,59.8
2022-12-24,101.9627,101.8266,13612.177365,79.57,4.33,3.4,21273.2,97.494,59.8
2022-12-25,101.9627,101.8266,13612.177365,79.57,4.33,3.4,21273.2,97.494,59.8
2022-12-26,101.9627,101.8266,13612.177365,79.57,4.33,3.4,21273.2,97.494,59.8
2022-12-27,101.9627,101.8266,13612.177365,79.45,4.33,3.4,21273.2,97.494,59.8
2022-12-28,101.9627,101.8266,13612.177365,78.89,4.33,3.4,21273.2,97.494,59.8
2022-12-29,101.9627,101.8266,13612.177365,78.43,4.33,3.4,21273.2,97.494,59.8
2022-12-30,101.9627,101.8266,13612.177365,80.16,4.33,3.4,21273.2,97.494,59.8
2022-12-31,101.9627,101.8266,13612.177365,80.16,4.33,3.4,21273.2,97.494,59.8
2023-01-01,103.338,102.7476,13042.49124,80.16,4.33,2.8,21188.1,99.334,64.9
2023-01-02,103.338,102.7476,13042.49124,80.16,4.33,2.8,21188.1,99.334,64.9
2023-01-03,103.338,102.7476,13042.49124,76.87,4.33,2.8,21188.1,99.334,64.9
2023-01-04,103.338,102.7476,13042.49124,72.82,4.33,2.8,21188.1,99.334,64.9
2023-01-05,103.338,102.7476,13042.49124,73.61,4.33,2.8,21188.1,99.334,64.9
2023-01-06,103.338,102.7476,13042.49124,73.77,4.33,2.8,21188.1,99.334,64.9
2023-01-07,103.338,102.7476,13042.49124,73.77,4.33,2.8,21188.1,99.334,64.9
2023-01-08,103.338,102.7476,13042.49124,73.77,4.33,2.8,21188.1,99.334,64.9
2023-01-09,103.338,102.7476,13042.49124,74.69,4.33,2.8,21188.1,99.334,64.9
2023-01-10,103.338,102.7476,13042.49124,75.11,4.33,2.8,21188.1,99.334,64.9
2023-01-11,103.338,102.7476,13042.49124,77.46,4.33,2.8,21188.1,99.334,64.9
2023-01-12,103.338,102.7476,13042.49124,78.32,4.33,2.8,21188.1,99.334,64.9
2023-01-13,103.338,102.7476,13042.49124,79.9,4.33,2.8,21188.1,99.334,64.9
2023-01-14,103.338,102.7476,13042.49124,79.9,4.33,2.8,21188.1,99.334,64.9
2023-01-15,103.338,102.7476,13042.49124,79.9,4.33,2.8,21188.1,99.334,64.9
2023-01-16,103.338,102.7476,13042.49124,79.9,4.33,2.8,21188.1,99.334,64.9
2023-01-17,103.338,102.7476,13042.49124,80.25,4.33,2.8,21188.1,99.334,64.9
2023-01-18,103.338,102.7476,13042.49124,79.53,4.33,2.8,21188.1,99.334,64.9
2023-01-19,103.338,102.7476,13042.49124,80.31,4.33,2.8,21188.1,99.334,64.9
2023-01-20,103.338,102.7476,13042.49124,81.27,4.33,2.8,21188.1,99.334,64.9
2023-01-21,103.338,102.7476,13042.49124,81.27,4.33,2.8,21188.1,99.334,64.9
2023-01-22,103.338,102.7476,13042.49124,81.27,4.33,2.8,21188.1,99.334,64.9
2023-01-23,103.338,102.7476,13042.49124,81.62,4.33,2.8,21188.1,99.334,64.9
2023-01-24,103.338,102.7476,13042.49124,79.86,4.33,2.8,21188.1,99.334,64.9
2023-01-25,103.338,102.7476,13042.49124,79.78,4.33,2.8,21188.1,99.334,64.9
2023-01-26,103.338,102.7476,13042.49124,80.64,4.33,2.8,21188.1,99.334,64.9
2023-01-27,103.338,102.7476,13042.49124,79.73,4.33,2.8,21188.1,99.334,64.9
2023-01-28,103.338,102.7476,13042.49124,79.73,4.33,2.8,21188.1,99.334,64.9
2023-01-29,103.338,102.7476,13042.49124,79.73,4.33,2.8,21188.1,99.334,64.9
2023-01-30,103.338,102.7476,13042.49124,77.97,4.33,2.8,21188.1,99.334,64.9
2023-01-31,103.338,102.7476,13042.49124,78.95,4.33,2.8,21188.1,99.334,64.9
2023-02-01,103.7451,102.8003,11791.056613,76.34,4.33,2.8,21117.6,100.0,66.9
2023-02-02,103.7451,102.8003,11791.056613,75.87,4.58,2.8,21117.6,100.0,66.9
2023-02-03,103.7451,102.8003,11791.056613,73.4,4.58,2.8,21117.6,100.0,66.9
2023-02-04,103.7451,102.8003,11791.056613,73.4,4.58,2.8,21117.6,100.0,66.9
2023-02-05,103.7451,102.8003,11791.056613,73.4,4.58,2.8,21117.6,100.0,66.9
2023-02-06,103.7451,102.8003,11791.056613,74.11,4.58,2.8,21117.6,100.0,66.9
2023-02-07,103.7451,102.8003,11791.056613,77.17,4.58,2.8,21117.6,100.0,66.9
2023-02-08,103.7451,102.8003,11791.056613,78.47,4.58,2.8,21117.6,100.0,66.9
2023-02-09,103.7451,102.8003,11791.056613,78.04,4.57,2.8,21117.6,100.0,66.9
2023-02-10,103.7451,102.8003,11791.056613,79.74,4.58,2.8,21117.6,100.0,66.9
2023-02-11,103.7451,102.8003,11791.056613,79.74,4.58,2.8,21117.6,100.0,66.9
2023-02-12,103.7451,102.8003,11791.056613,79.74,4.58,2.8,21117.6,100.0,66.9
2023-02-13,103.7451,102.8003,11791.056613,80.14,4.58,2.8,21117.6,100.0,66.9
2023-02-14,103.7451,102.8003,11791.056613,79.08,4.58,2.8,21117.6,100.0,66.9
2023-02-15,103.7451,102.8003,11791.056613,78.57,4.58,2.8,21117.6,100.0,66.9
2023-02-16,103.7451,102.8003,11791.056613,78.45,4.58,2.8,21117.6,100.0,66.9
2023-02-17,103.7451,102.8003,11791.056613,76.31,4.58,2.8,21117.6,100.0,66.9
2023-02-18,103.7451,102.8003,11791.056613,76.31,4.58,2.8,21117.6,100.0,66.9
2023-02-19,103.7451,102.8003,11791.056613,76.31,4.58,2.8,21117.6,100.0,66.9
2023-02-20,103.7451,102.8003,11791.056613,76.31,4.58,2.8,21117.6,100.0,66.9
2023-02-21,103.7451,102.8003,11791.056613,76.28,4.58,2.8,21117.6,100.0,66.9
2023-02-22,103.7451,102.8003,11791.056613,73.95,4.58,2.8,21117.6,100.0,66.9
2023-02-23,103.7451,102.8003,11791.056613,75.26,4.58,2.8,21117.6,100.0,66.9
2023-02-24,103.7451,102.8003,11791.056613,76.19,4.58,2.8,21117.6,100.0,66.9
2023-02-25,103.7451,102.8003,11791.056613,76.19,4.58,2.8,21117.6,100.0,66.9
2023-02-26,103.7451,102.8003,11791.056613,76.19,4.58,2.8,21117.6,100.0,66.9
2023-02-27,103.7451,102.8003,11791.056613,75.57,4.57,2.8,21117.6,100.0,66.9
2023-02-28,103.7451,102.8003,11791.056613,76.88,4.57,2.8,21117.6,100.0,66.9
2023-03-01,102.1072,102.8143,13911.74047,77.57,4.58,2.8,20870.5,99.86,62.0
2023-03-02,102.1072,102.8143,13911.74047,78.05,4.57,2.8,20870.5,99.86,62.0
2023-03-03,102.1072,102.8143,13911.74047,79.62,4.57,2.8,20870.5,99.86,62.0
2023-03-04,102.1072,102.8143,13911.74047,79.62,4.57,2.8,20870.5,99.86,62.0
2023-03-05,102.1072,102.8143,13911.74047,79.62,4.57,2.8,20870.5,99.86,62.0
2023-03-06,102.1072,102.8143,13911.74047,80.39,4.57,2.8,20870.5,99.86,62.0
2023-03-07,102.1072,102.8143,13911.74047,77.45,4.57,2.8,20870.5,99.86,62.0
2023-03-08,102.1072,102.8143,13911.74047,76.56,4.57,2.8,20870.5,99.86,62.0
2023-03-09,102.1072,102.8143,13911.74047,75.6,4.57,2.8,20870.5,99.86,62.0
2023-03-10,102.1072,102.8143,13911.74047,76.55,4.57,2.8,20870.5,99.86,62.0
2023-03-11,102.1072,102.8143,13911.74047,76.55,4.57,2.8,20870.5,99.86,62.0
2023-03-12,102.1072,102.8143,13911.74047,76.55,4.57,2.8,20870.5,99.86,62.0
2023-03-13,102.1072,102.8143,13911.74047,74.68,4.58,2.8,20870.5,99.86,62.0
2023-03-14,102.1072,102.8143,13911.74047,71.18,4.58,2.8,20870.5,99.86,62.0
2023-03-15,102.1072,102.8143,13911.74047,67.38,4.58,2.8,20870.5,99.86,62.0
2023-03-16,102.1072,102.8143,13911.74047,68.15,4.58,2.8,20870.5,99.86,62.0
2023-03-17,102.1072,102.8143,13911.74047,66.61,4.58,2.8,20870.5,99.86,62.0
2023-03-18,102.1072,102.8143,13911.74047,66.61,4.58,2.8,20870.5,99.86,62.0
2023-03-19,102.1072,102.8143,13911.74047,66.61,4.58,2.8,20870.5,99.86,62.0
2023-03-20,102.1072,102.8143,13911.74047,67.56,4.58,2.8,20870.5,99.86,62.0
2023-03-21,102.1072,102.8143,13911.74047,69.4,4.58,2.8,20870.5,99.86,62.0
2023-03-22,102.1072,102.8143,13911.74047,70.71,4.58,2.8,20870.5,99.86,62.0
2023-03-23,102.1072,102.8143,13911.74047,69.77,4.83,2.8,20870.5,99.86,62.0
2023-03-24,102.1072,102.8143,13911.74047,69.22,4.83,2.8,20870.5,99.86,62.0
2023-03-25,102.1072,102.8143,13911.74047,69.22,4.83,2.8,20870.5,99.86,62.0
2023-03-26,102.1072,102.8143,13911.74047,69.22,4.83,2.8,20870.5,99.86,62.0
2023-03-27,102.1072,102.8143,13911.74047,72.87,4.83,2.8,20870.5,99.86,62.0
2023-03-28,102.1072,102.8143,13911.74047,73.12,4.83,2.8,20870.5,99.86,62.0
2023-03-29,102.1072,102.8143,13911.74047,72.95,4.83,2.8,20870.5,99.86,62.0
2023-03-30,102.1072,102.8143,13911.74047,74.32,4.83,2.8,20870.5,99.86,62.0
2023-03-31,102.1072,102.8143,13911.74047,75.68,4.83,2.8,20870.5,99.86,62.0
2023-04-01,109.3759,103.2241,13060.722188,75.68,4.83,2.4,20711.9,99.716,63.7
2023-04-02,109.3759,103.2241,13060.722188,75.68,4.83,2.4,20711.9,99.716,63.7
2023-04-03,109.3759,103.2241,13060.722188,80.4,4.83,2.4,20711.9,99.716,63.7
2023-04-04,109.3759,103.2241,13060.722188,80.7,4.83,2.4,20711.9,99.716,63.7
2023-04-05,109.3759,103.2241,13060.722188,80.69,4.83,2.4,20711.9,99.716,63.7
2023-04-06,109.3759,103.2241,13060.722188,80.7,4.83,2.4,20711.9,99.716,63.7
2023-04-07,109.3759,103.2241,13060.722188,80.7,4.83,2.4,20711.9,99.716,63.7
2023-04-08,109.3759,103.2241,13060.722188,80.7,4.83,2.4,20711.9,99.716,63.7
2023-04-09,109.3759,103.2241,13060.722188,80.7,4.83,2.4,20711.9,99.716,63.7
2023-04-10,109.3759,103.2241,13060.722188,79.79,4.83,2.4,20711.9,99.716,63.7
2023-04-11,109.3759,103.2241,13060.722188,81.54,4.83,2.4,20711.9,99.716,63.7
2023-04-12,109.3759,103.2241,13060.722188,83.26,4.83,2.4,20711.9,99.716,63.7
2023-04-13,109.3759,103.2241,13060.722188,82.16,4.83,2.4,20711.9,99.716,63.7
2023-04-14,109.3759,103.2241,13060.722188,82.58,4.83,2.4,20711.9,99.716,63.7
2023-04-15,109.3759,103.2241,13060.722188,82.58,4.83,2.4,20711.9,99.716,63.7
2023-04-16,109.3759,103.2241,13060.722188,82.58,4.83,2.4,20711.9,99.716,63.7
2023-04-17,109.3759,103.2241,13060.722188,80.93,4.83,2.4,20711.9,99.716,63.7
2023-04-18,109.3759,103.2241,13060.722188,80.85,4.83,2.4,20711.9,99.716,63.7
2023-04-19,109.3759,103.2241,13060.722188,79.18,4.83,2.4,20711.9,99.716,63.7
2023-04-20,109.3759,103.2241,13060.722188,77.27,4.83,2.4,20711.9,99.716,63.7
2023-04-21,109.3759,103.2241,13060.722188,77.86,4.83,2.4,20711.9,99.716,63.7
2023-04-22,109.3759,103.2241,13060.722188,77.86,4.83,2.4,20711.9,99.716,63.7
2023-04-23,109.3759,103.2241,13060.722188,77.86,4.83,2.4,20711.9,99.716,63.7
2023-04-24,109.3759,103.2241,13060.722188,78.64,4.83,2.4,20711.9,99.716,63.7
2023-04-25,109.3759,103.2241,13060.722188,77.05,4.83,2.4,20711.9,99.716,63.7
2023-04-26,109.3759,103.2241,13060.722188,74.33,4.83,2.4,20711.9,99.716,63.7
2023-04-27,109.3759,103.2241,13060.722188,74.77,4.83,2.4,20711.9,99.716,63.7
2023-04-28,109.3759,103.2241,13060.722188,76.78,4.83,2.4,20711.9,99.716,63.7
2023-04-29,109.3759,103.2241,13060.722188,76.78,4.83,2.4,20711.9,99.716,63.7
2023-04-30,109.3759,103.2241,13060.722188,76.78,4.83,2.4,20711.9,99.716,63.7
2023-05-01,110.7094,102.9809,10699.595345,75.65,4.83,2.4,20804.6,97.222,59.0
2023-05-02,110.7094,102.9809,10699.595345,71.71,4.83,2.4,20804.6,97.222,59.0
2023-05-03,110.7094,102.9809,10699.595345,68.62,4.83,2.4,20804.6,97.222,59.0
2023-05-04,110.7094,102.9809,10699.595345,68.52,5.08,2.4,20804.6,97.222,59.0
2023-05-05,110.7094,102.9809,10699.595345,71.32,5.08,2.4,20804.6,97.222,59.0
2023-05-06,110.7094,102.9809,10699.595345,71.32,5.08,2.4,20804.6,97.222,59.0
2023-05-07,110.7094,102.9809,10699.595345,71.32,5.08,2.4,20804.6,97.222,59.0
2023-05-08,110.7094,102.9809,10699.595345,73.13,5.08,2.4,20804.6,97.222,59.0
2023-05-09,110.7094,102.9809,10699.595345,73.68,5.08,2.4,20804.6,97.222,59.0
2023-05-10,110.7094,102.9809,10699.595345,72.53,5.08,2.4,20804.6,97.222,59.0
2023-05-11,110.7094,102.9809,10699.595345,70.81,5.08,2.4,20804.6,97.222,59.0
2023-05-12,110.7094,102.9809,10699.595345,70.02,5.08,2.4,20804.6,97.222,59.0
2023-05-13,110.7094,102.9809,10699.595345,70.02,5.08,2.4,20804.6,97.222,59.0
2023-05-14,110.7094,102.9809,10699.595345,70.02,5.08,2.4,20804.6,97.222,59.0
2023-05-15,110.7094,102.9809,10699.595345,71.07,5.08,2.4,20804.6,97.222,59.0
2023-05-16,110.7094,102.9809,10699.595345,70.85,5.08,2.4,20804.6,97.222,59.0
2023-05-17,110.7094,102.9809,10699.595345,72.78,5.08,2.4,20804.6,97.222,59.0
2023-05-18,110.7094,102.9809,10699.595345,71.82,5.08,2.4,20804.6,97.222,59.0
2023-05-19,110.7094,102.9809,10699.595345,71.57,5.08,2.4,20804.6,97.222,59.0
2023-05-20,110.7094,102.9809,10699.595345,71.57,5.08,2.4,20804.6,97.222,59.0
2023-05-21,110.7094,102.9809,10699.595345,71.57,5.08,2.4,20804.6,97.222,59.0
2023-05-22,110.7094,102.9809,10699.595345,71.81,5.08,2.4,20804.6,97.222,59.0
2023-05-23,110.7094,102.9809,10699.595345,72.87,5.08,2.4,20804.6,97.222,59.0
2023-05-24,110.7094,102.9809,10699.595345,74.37,5.08,2.4,20804.6,97.222,59.0
2023-05-25,110.7094,102.9809,10699.595345,71.68,5.08,2.4,20804.6,97.222,59.0
2023-05-26,110.7094,102.9809,10699.595345,72.35,5.08,2.4,20804.6,97.222,59.0
2023-05-27,110.7094,102.9809,10699.595345,72.35,5.08,2.4,20804.6,97.222,59.0
2023-05-28,110.7094,102.9809,10699.595345,72.35,5.08,2.4,20804.6,97.222,59.0
2023-05-29,110.7094,102.9809,10699.595345,72.35,5.08,2.4,20804.6,97.222,59.0
2023-05-30,110.7094,102.9809,10699.595345,69.45,5.08,2.4,20804.6,97.222,59.0
2023-05-31,110.7094,102.9809,10699.595345,68.11,5.08,2.4,20804.6,97.222,59.0
2023-06-01,107.0514,102.3809,10149.544065,70.09,5.08,2.4,20788.4,94.714,64.2
2023-06-02,107.0514,102.3809,10149.544065,71.76,5.08,2.4,20788.4,94.714,64.2
2023-06-03,107.0514,102.3809,10149.544065,71.76,5.08,2.4,20788.4,94.714,64.2
2023-06-04,107.0514,102.3809,10149.544065,71.76,5.08,2.4,20788.4,94.714,64.2
2023-06-05,107.0514,102.3809,10149.544065,72.14,5.08,2.4,20788.4,94.714,64.2
2023-06-06,107.0514,102.3809,10149.544065,71.71,5.08,2.4,20788.4,94.714,64.2
2023-06-07,107.0514,102.3809,10149.544065,72.52,5.08,2.4,20788.4,94.714,64.2
2023-06-08,107.0514,102.3809,10149.544065,71.28,5.08,2.4,20788.4,94.714,64.2
2023-06-09,107.0514,102.3809,10149.544065,70.16,5.08,2.4,20788.4,94.714,64.2
2023-06-10,107.0514,102.3809,10149.544065,70.16,5.08,2.4,20788.4,94.714,64.2
2023-06-11,107.0514,102.3809,10149.544065,70.16,5.08,2.4,20788.4,94.714,64.2
2023-06-12,107.0514,102.3809,10149.544065,67.08,5.08,2.4,20788.4,94.714,64.2
2023-06-13,107.0514,102.3809,10149.544065,69.39,5.08,2.4,20788.4,94.714,64.2
2023-06-14,107.0514,102.3809,10149.544065,68.22,5.08,2.4,20788.4,94.714,64.2
2023-06-15,107.0514,102.3809,10149.544065,70.61,5.07,2.4,20788.4,94.714,64.2
2023-06-16,107.0514,102.3809,10149.544065,71.81,5.08,2.4,20788.4,94.714,64.2
2023-06-17,107.0514,102.3809,10149.544065,71.81,5.08,2.4,20788.4,94.714,64.2
2023-06-18,107.0514,102.3809,10149.544065,71.81,5.08,2.4,20788.4,94.714,64.2
2023-06-19,107.0514,102.3809,10149.544065,71.81,5.08,2.4,20788.4,94.714,64.2
2023-06-20,107.0514,102.3809,10149.544065,70.94,5.07,2.4,20788.4,94.714,64.2
2023-06-21,107.0514,102.3809,10149.544065,72.55,5.07,2.4,20788.4,94.714,64.2
2023-06-22,107.0514,102.3809,10149.544065,69.22,5.07,2.4,20788.4,94.714,64.2
2023-06-23,107.0514,102.3809,10149.544065,68.91,5.07,2.4,20788.4,94.714,64.2
2023-06-24,107.0514,102.3809,10149.544065,68.91,5.07,2.4,20788.4,94.714,64.2
2023-06-25,107.0514,102.3809,10149.544065,68.91,5.07,2.4,20788.4,94.714,64.2
2023-06-26,107.0514,102.3809,10149.544065,69.09,5.07,2.4,20788.4,94.714,64.2
2023-06-27,107.0514,102.3809,10149.544065,67.68,5.07,2.4,20788.4,94.714,64.2
2023-06-28,107.0514,102.3809,10149.544065,69.54,5.07,2.4,20788.4,94.714,64.2
2023-06-29,107.0514,102.3809,10149.544065,69.85,5.07,2.4,20788.4,94.714,64.2
2023-06-30,107.0514,102.3809,10149.544065,70.66,5.08,2.4,20788.4,94.714,64.2
2023-07-01,111.6321,103.0722,10784.354153,70.66,5.08,4.4,20762.6,94.622,71.5
2023-07-02,111.6321,103.0722,10784.354153,70.66,5.08,4.4,20762.6,94.622,71.5
2023-07-03,111.6321,103.0722,10784.354153,69.71,5.08,4.4,20762.6,94.622,71.5
2023-07-04,111.6321,103.0722,10784.354153,69.71,5.08,4.4,20762.6,94.622,71.5
2023-07-05,111.6321,103.0722,10784.354153,71.78,5.08,4.4,20762.6,94.622,71.5
2023-07-06,111.6321,103.0722,10784.354153,71.76,5.08,4.4,20762.6,94.622,71.5
2023-07-07,111.6321,103.0722,10784.354153,73.91,5.08,4.4,20762.6,94.622,71.5
2023-07-08,111.6321,103.0722,10784.354153,73.91,5.08,4.4,20762.6,94.622,71.5
2023-07-09,111.6321,103.0722,10784.354153,73.91,5.08,4.4,20762.6,94.622,71.5
2023-07-10,111.6321,103.0722,10784.354153,73.05,5.07,4.4,20762.6,94.622,71.5
2023-07-11,111.6321,103.0722,10784.354153,74.87,5.08,4.4,20762.6,94.622,71.5
2023-07-12,111.6321,103.0722,10784.354153,75.77,5.08,4.4,20762.6,94.622,71.5
2023-07-13,111.6321,103.0722,10784.354153,76.86,5.08,4.4,20762.6,94.622,71.5
2023-07-14,111.6321,103.0722,10784.354153,75.44,5.08,4.4,20762.6,94.622,71.5
2023-07-15,111.6321,103.0722,10784.354153,75.44,5.08,4.4,20762.6,94.622,71.5
2023-07-16,111.6321,103.0722,10784.354153,75.44,5.08,4.4,20762.6,94.622,71.5
2023-07-17,111.6321,103.0722,10784.354153,74.17,5.08,4.4,20762.6,94.622,71.5
2023-07-18,111.6321,103.0722,10784.354153,75.76,5.08,4.4,20762.6,94.622,71.5
2023-07-19,111.6321,103.0722,10784.354153,75.4,5.08,4.4,20762.6,94.622,71.5
2023-07-20,111.6321,103.0722,10784.354153,75.65,5.08,4.4,20762.6,94.622,71.5
2023-07-21,111.6321,103.0722,10784.354153,77.06,5.08,4.4,20762.6,94.622,71.5
2023-07-22,111.6321,103.0722,10784.354153,77.06,5.08,4.4,20762.6,94.622,71.5
2023-07-23,111.6321,103.0722,10784.354153,77.06,5.08,4.4,20762.6,94.622,71.5
2023-07-24,111.6321,103.0722,10784.354153,78.81,5.08,4.4,20762.6,94.622,71.5
2023-07-25,111.6321,103.0722,10784.354153,79.76,5.08,4.4,20762.6,94.622,71.5
2023-07-26,111.6321,103.0722,10784.354153,79.11,5.08,4.4,20762.6,94.622,71.5
2023-07-27,111.6321,103.0722,10784.354153,80.17,5.33,4.4,20762.6,94.622,71.5
2023-07-28,111.6321,103.0722,10784.354153,80.55,5.33,4.4,20762.6,94.622,71.5
2023-07-29,111.6321,103.0722,10784.354153,80.55,5.33,4.4,20762.6,94.622,71.5
2023-07-30,111.6321,103.0722,10784.354153,80.55,5.33,4.4,20762.6,94.622,71.5
2023-07-31,111.6321,103.0722,10784.354153,81.8,5.33,4.4,20762.6,94.622,71.5
2023-08-01,107.4614,103.0951,10764.79564,81.37,5.33,4.4,20735.1,97.87,69.4
2023-08-02,107.4614,103.0951,10764.79564,79.5,5.33,4.4,20735.1,97.87,69.4
2023-08-03,107.4614,103.0951,10764.79564,81.56,5.33,4.4,20735.1,97.87,69.4
2023-08-04,107.4614,103.0951,10764.79564,82.76,5.33,4.4,20735.1,97.87,69.4
2023-08-05,107.4614,103.0951,10764.79564,82.76,5.33,4.4,20735.1,97.87,69.4
2023-08-06,107.4614,103.0951,10764.79564,82.76,5.33,4.4,20735.1,97.87,69.4
2023-08-07,107.4614,103.0951,10764.79564,81.94,5.33,4.4,20735.1,97.87,69.4
2023-08-08,107.4614,103.0951,10764.79564,82.94,5.33,4.4,20735.1,97.87,69.4
2023-08-09,107.4614,103.0951,10764.79564,84.35,5.33,4.4,20735.1,97.87,69.4
2023-08-10,107.4614,103.0951,10764.79564,82.81,5.33,4.4,20735.1,97.87,69.4
2023-08-11,107.4614,103.0951,10764.79564,83.17,5.33,4.4,20735.1,97.87,69.4
2023-08-12,107.4614,103.0951,10764.79564,83.17,5.33,4.4,20735.1,97.87,69.4
2023-08-13,107.4614,103.0951,10764.79564,83.17,5.33,4.4,20735.1,97.87,69.4
2023-08-14,107.4614,103.0951,10764.79564,82.5,5.33,4.4,20735.1,97.87,69.4
2023-08-15,107.4614,103.0951,10764.79564,81.06,5.33,4.4,20735.1,97.87,69.4
2023-08-16,107.4614,103.0951,10764.79564,79.4,5.33,4.4,20735.1,97.87,69.4
2023-08-17,107.4614,103.0951,10764.79564,80.43,5.33,4.4,20735.1,97.87,69.4
2023-08-18,107.4614,103.0951,10764.79564,81.25,5.33,4.4,20735.1,97.87,69.4
2023-08-19,107.4614,103.0951,10764.79564,81.25,5.33,4.4,20735.1,97.87,69.4
2023-08-20,107.4614,103.0951,10764.79564,81.25,5.33,4.4,20735.1,97.87,69.4
2023-08-21,107.4614,103.0951,10764.79564,80.71,5.33,4.4,20735.1,97.87,69.4
2023-08-22,107.4614,103.0951,10764.79564,80.25,5.33,4.4,20735.1,97.87,69.4
2023-08-23,107.4614,103.0951,10764.79564,78.91,5.33,4.4,20735.1,97.87,69.4
2023-08-24,107.4614,103.0951,10764.79564,79.52,5.33,4.4,20735.1,97.87,69.4
2023-08-25,107.4614,103.0951,10764.79564,80.47,5.33,4.4,20735.1,97.87,69.4
2023-08-26,107.4614,103.0951,10764.79564,80.47,5.33,4.4,20735.1,97.87,69.4
2023-08-27,107.4614,103.0951,10764.79564,80.47,5.33,4.4,20735.1,97.87,69.4
2023-08-28,107.4614,103.0951,10764.79564,80.65,5.33,4.4,20735.1,97.87,69.4
2023-08-29,107.4614,103.0951,10764.79564,81.14,5.33,4.4,20735.1,97.87,69.4
2023-08-30,107.4614,103.0951,10764.79564,81.64,5.33,4.4,20735.1,97.87,69.4
2023-08-31,107.4614,103.0951,10764.79564,83.55,5.33,4.4,20735.1,97.87,69.4
2023-09-01,107.219,103.3081,11795.553527,85.52,5.33,4.4,20681.4,97.397,67.8
2023-09-02,107.219,103.3081,11795.553527,85.52,5.33,4.4,20681.4,97.397,67.8
2023-09-03,107.219,103.3081,11795.553527,85.52,5.33,4.4,20681.4,97.397,67.8
2023-09-04,107.219,103.3081,11795.553527,85.52,5.33,4.4,20681.4,97.397,67.8
2023-09-05,107.219,103.3081,11795.553527,86.74,5.33,4.4,20681.4,97.397,67.8
2023-09-06,107.219,103.3081,11795.553527,87.55,5.33,4.4,20681.4,97.397,67.8
2023-09-07,107.219,103.3081,11795.553527,86.87,5.33,4.4,20681.4,97.397,67.8
2023-09-08,107.219,103.3081,11795.553527,87.51,5.33,4.4,20681.4,97.397,67.8
2023-09-09,107.219,103.3081,11795.553527,87.51,5.33,4.4,20681.4,97.397,67.8
2023-09-10,107.219,103.3081,11795.553527,87.51,5.33,4.4,20681.4,97.397,67.8
2023-09-11,107.219,103.3081,11795.553527,87.3,5.33,4.4,20681.4,97.397,67.8
2023-09-12,107.219,103.3081,11795.553527,88.87,5.33,4.4,20681.4,97.397,67.8
2023-09-13,107.219,103.3081,11795.553527,88.59,5.33,4.4,20681.4,97.397,67.8
2023-09-14,107.219,103.3081,11795.553527,90.13,5.33,4.4,20681.4,97.397,67.8
2023-09-15,107.219,103.3081,11795.553527,90.83,5.33,4.4,20681.4,97.397,67.8
2023-09-16,107.219,103.3081,11795.553527,90.83,5.33,4.4,20681.4,97.397,67.8
2023-09-17,107.219,103.3081,11795.553527,90.83,5.33,4.4,20681.4,97.397,67.8
2023-09-18,107.219,103.3081,11795.553527,91.47,5.33,4.4,20681.4,97.397,67.8
2023-09-19,107.219,103.3081,11795.553527,91.16,5.33,4.4,20681.4,97.397,67.8
2023-09-20,107.219,103.3081,11795.553527,89.2,5.33,4.4,20681.4,97.397,67.8
2023-09-21,107.219,103.3081,11795.553527,89.56,5.33,4.4,20681.4,97.397,67.8
2023-09-22,107.219,103.3081,11795.553527,90.0,5.33,4.4,20681.4,97.397,67.8
2023-09-23,107.219,103.3081,11795.553527,90.0,5.33,4.4,20681.4,97.397,67.8
2023-09-24,107.219,103.3081,11795.553527,90.0,5.33,4.4,20681.4,97.397,67.8
2023-09-25,107.219,103.3081,11795.553527,89.68,5.33,4.4,20681.4,97.397,67.8
2023-09-26,107.219,103.3081,11795.553527,91.43,5.33,4.4,20681.4,97.397,67.8
2023-09-27,107.219,103.3081,11795.553527,93.67,5.33,4.4,20681.4,97.397,67.8
2023-09-28,107.219,103.3081,11795.553527,91.65,5.33,4.4,20681.4,97.397,67.8
2023-09-29,107.219,103.3081,11795.553527,90.77,5.33,4.4,20681.4,97.397,67.8
2023-09-30,107.219,103.3081,11795.553527,90.77,5.33,4.4,20681.4,97.397,67.8
2023-10-01,98.5911,102.5781,15815.097225,90.77,5.33,3.2,20662.5,96.973,63.8
2023-10-02,98.5911,102.5781,15815.097225,88.81,5.33,3.2,20662.5,96.973,63.8
2023-10-03,98.5911,102.5781,15815.097225,89.26,5.33,3.2,20662.5,96.973,63.8
2023-10-04,98.5911,102.5781,15815.097225,84.32,5.33,3.2,20662.5,96.973,63.8
2023-10-05,98.5911,102.5781,15815.097225,82.3,5.33,3.2,20662.5,96.973,63.8
2023-10-06,98.5911,102.5781,15815.097225,82.83,5.33,3.2,20662.5,96.973,63.8
2023-10-07,98.5911,102.5781,15815.097225,82.83,5.33,3.2,20662.5,96.973,63.8
2023-10-08,98.5911,102.5781,15815.097225,82.83,5.33,3.2,20662.5,96.973,63.8
2023-10-09,98.5911,102.5781,15815.097225,82.83,5.33,3.2,20662.5,96.973,63.8
2023-10-10,98.5911,102.5781,15815.097225,85.89,5.33,3.2,20662.5,96.973,63.8
2023-10-11,98.5911,102.5781,15815.097225,83.7,5.33,3.2,20662.5,96.973,63.8
2023-10-12,98.5911,102.5781,15815.097225,82.87,5.33,3.2,20662.5,96.973,63.8
2023-10-13,98.5911,102.5781,15815.097225,87.67,5.33,3.2,20662.5,96.973,63.8
2023-10-14,98.5911,102.5781,15815.097225,87.67,5.33,3.2,20662.5,96.973,63.8
2023-10-15,98.5911,102.5781,15815.097225,87.67,5.33,3.2,20662.5,96.973,63.8
2023-10-16,98.5911,102.5781,15815.097225,86.65,5.33,3.2,20662.5,96.973,63.8
2023-10-17,98.5911,102.5781,15815.097225,86.66,5.33,3.2,20662.5,96.973,63.8
2023-10-18,98.5911,102.5781,15815.097225,88.35,5.33,3.2,20662.5,96.973,63.8
2023-10-19,98.5911,102.5781,15815.097225,89.35,5.33,3.2,20662.5,96.973,63.8
2023-10-20,98.5911,102.5781,15815.097225,89.12,5.33,3.2,20662.5,96.973,63.8
2023-10-21,98.5911,102.5781,15815.097225,89.12,5.33,3.2,20662.5,96.973,63.8
2023-10-22,98.5911,102.5781,15815.097225,89.12,5.33,3.2,20662.5,96.973,63.8
2023-10-23,98.5911,102.5781,15815.097225,85.49,5.33,3.2,20662.5,96.973,63.8
2023-10-24,98.5911,102.5781,15815.097225,84.58,5.33,3.2,20662.5,96.973,63.8
2023-10-25,98.5911,102.5781,15815.097225,86.07,5.33,3.2,20662.5,96.973,63.8
2023-10-26,98.5911,102.5781,15815.097225,83.8,5.33,3.2,20662.5,96.973,63.8
2023-10-27,98.5911,102.5781,15815.097225,86.04,5.33,3.2,20662.5,96.973,63.8
2023-10-28,98.5911,102.5781,15815.097225,86.04,5.33,3.2,20662.5,96.973,63.8
2023-10-29,98.5911,102.5781,15815.097225,86.04,5.33,3.2,20662.5,96.973,63.8
2023-10-30,98.5911,102.5781,15815.097225,83.03,5.33,3.2,20662.5,96.973,63.8
2023-10-31,98.5911,102.5781,15815.097225,81.64,5.33,3.2,20662.5,96.973,63.8
2023-11-01,107.2618,102.8868,13883.413228,81.05,5.33,3.2,20675.8,96.827,61.3
2023-11-02,107.2618,102.8868,13883.413228,83.04,5.33,3.2,20675.8,96.827,61.3
2023-11-03,107.2618,102.8868,13883.413228,81.19,5.33,3.2,20675.8,96.827,61.3
2023-11-04,107.2618,102.8868,13883.413228,81.19,5.33,3.2,20675.8,96.827,61.3
2023-11-05,107.2618,102.8868,13883.413228,81.19,5.33,3.2,20675.8,96.827,61.3
2023-11-06,107.2618,102.8868,13883.413228,81.54,5.33,3.2,20675.8,96.827,61.3
2023-11-07,107.2618,102.8868,13883.413228,77.96,5.33,3.2,20675.8,96.827,61.3
2023-11-08,107.2618,102.8868,13883.413228,75.85,5.33,3.2,20675.8,96.827,61.3
2023-11-09,107.2618,102.8868,13883.413228,76.34,5.33,3.2,20675.8,96.827,61.3
2023-11-10,107.2618,102.8868,13883.413228,76.34,5.33,3.2,20675.8,96.827,61.3
2023-11-11,107.2618,102.8868,13883.413228,76.34,5.33,3.2,20675.8,96.827,61.3
2023-11-12,107.2618,102.8868,13883.413228,76.34,5.33,3.2,20675.8,96.827,61.3
2023-11-13,107.2618,102.8868,13883.413228,78.86,5.33,3.2,20675.8,96.827,61.3
2023-11-14,107.2618,102.8868,13883.413228,78.9,5.33,3.2,20675.8,96.827,61.3
2023-11-15,107.2618,102.8868,13883.413228,77.15,5.33,3.2,20675.8,96.827,61.3
2023-11-16,107.2618,102.8868,13883.413228,73.5,5.33,3.2,20675.8,96.827,61.3
2023-11-17,107.2618,102.8868,13883.413228,76.47,5.33,3.2,20675.8,96.827,61.3
2023-11-18,107.2618,102.8868,13883.413228,76.47,5.33,3.2,20675.8,96.827,61.3
2023-11-19,107.2618,102.8868,13883.413228,76.47,5.33,3.2,20675.8,96.827,61.3
2023-11-20,107.2618,102.8868,13883.413228,78.1,5.33,3.2,20675.8,96.827,61.3
2023-11-21,107.2618,102.8868,13883.413228,78.35,5.33,3.2,20675.8,96.827,61.3
2023-11-22,107.2618,102.8868,13883.413228,76.8,5.33,3.2,20675.8,96.827,61.3
2023-11-23,107.2618,102.8868,13883.413228,76.8,5.33,3.2,20675.8,96.827,61.3
2023-11-24,107.2618,102.8868,13883.413228,74.83,5.33,3.2,20675.8,96.827,61.3
2023-11-25,107.2618,102.8868,13883.413228,74.83,5.33,3.2,20675.8,96.827,61.3
2023-11-26,107.2618,102.8868,13883.413228,74.83,5.33,3.2,20675.8,96.827,61.3
2023-11-27,107.2618,102.8868,13883.413228,74.46,5.33,3.2,20675.8,96.827,61.3
2023-11-28,107.2618,102.8868,13883.413228,76.09,5.33,3.2,20675.8,96.827,61.3
2023-11-29,107.2618,102.8868,13883.413228,77.56,5.33,3.2,20675.8,96.827,61.3
2023-11-30,107.2618,102.8868,13883.413228,75.66,5.33,3.2,20675.8,96.827,61.3
2023-12-01,108.6938,102.6309,12079.403799,73.7,5.33,3.2,20725.5,98.576,69.7
2023-12-02,108.6938,102.6309,12079.403799,73.7,5.33,3.2,20725.5,98.576,69.7
2023-12-03,108.6938,102.6309,12079.403799,73.7,5.33,3.2,20725.5,98.576,69.7
2023-12-04,108.6938,102.6309,12079.403799,72.73,5.33,3.2,20725.5,98.576,69.7
2023-12-05,108.6938,102.6309,12079.403799,71.95,5.33,3.2,20725.5,98.576,69.7
2023-12-06,108.6938,102.6309,12079.403799,68.98,5.33,3.2,20725.5,98.576,69.7
2023-12-07,108.6938,102.6309,12079.403799,69.0,5.33,3.2,20725.5,98.576,69.7
2023-12-08,108.6938,102.6309,12079.403799,70.87,5.33,3.2,20725.5,98.576,69.7
2023-12-09,108.6938,102.6309,12079.403799,70.87,5.33,3.2,20725.5,98.576,69.7
2023-12-10,108.6938,102.6309,12079.403799,70.87,5.33,3.2,20725.5,98.576,69.7
2023-12-11,108.6938,102.6309,12079.403799,70.95,5.33,3.2,20725.5,98.576,69.7
2023-12-12,108.6938,102.6309,12079.403799,68.27,5.33,3.2,20725.5,98.576,69.7
2023-12-13,108.6938,102.6309,12079.403799,69.09,5.33,3.2,20725.5,98.576,69.7
2023-12-14,108.6938,102.6309,12079.403799,71.21,5.33,3.2,20725.5,98.576,69.7
2023-12-15,108.6938,102.6309,12079.403799,71.05,5.33,3.2,20725.5,98.576,69.7
2023-12-16,108.6938,102.6309,12079.403799,71.05,5.33,3.2,20725.5,98.576,69.7
2023-12-17,108.6938,102.6309,12079.403799,71.05,5.33,3.2,20725.5,98.576,69.7
2023-12-18,108.6938,102.6309,12079.403799,72.16,5.33,3.2,20725.5,98.576,69.7
2023-12-19,108.6938,102.6309,12079.403799,73.23,5.33,3.2,20725.5,98.576,69.7
2023-12-20,108.6938,102.6309,12079.403799,73.87,5.33,3.2,20725.5,98.576,69.7
2023-12-21,108.6938,102.6309,12079.403799,73.59,5.33,3.2,20725.5,98.576,69.7
2023-12-22,108.6938,102.6309,12079.403799,73.29,5.33,3.2,20725.5,98.576,69.7
2023-12-23,108.6938,102.6309,12079.403799,73.29,5.33,3.2,20725.5,98.576,69.7
2023-12-24,108.6938,102.6309,12079.403799,73.29,5.33,3.2,20725.5,98.576,69.7
2023-12-25,108.6938,102.6309,12079.403799,73.29,5.33,3.2,20725.5,98.576,69.7
2023-12-26,108.6938,102.6309,12079.403799,75.84,5.33,3.2,20725.5,98.576,69.7
2023-12-27,108.6938,102.6309,12079.403799,74.31,5.33,3.2,20725.5,98.576,69.7
2023-12-28,108.6938,102.6309,12079.403799,72.02,5.33,3.2,20725.5,98.576,69.7
2023-12-29,108.6938,102.6309,12079.403799,71.89,5.33,3.2,20725.5,98.576,69.7
2023-12-30,108.6938,102.6309,12079.403799,71.89,5.33,3.2,20725.5,98.576,69.7
2023-12-31,108.6938,102.6309,12079.403799,71.89,5.33,3.2,20725.5,98.576,69.7
2024-01-01,102.2729,101.483,12073.074103,71.89,5.33,1.6,20726.0,98.635,79.0
2024-01-02,102.2729,101.483,12073.074103,70.62,5.33,1.6,20726.0,98.635,79.0
2024-01-03,102.2729,101.483,12073.074103,72.97,5.33,1.6,20726.0,98.635,79.0
2024-01-04,102.2729,101.483,12073.074103,72.38,5.33,1.6,20726.0,98.635,79.0
2024-01-05,102.2729,101.483,12073.074103,74.0,5.33,1.6,20726.0,98.635,79.0
2024-01-06,102.2729,101.483,12073.074103,74.0,5.33,1.6,20726.0,98.635,79.0
2024-01-07,102.2729,101.483,12073.074103,74.0,5.33,1.6,20726.0,98.635,79.0
2024-01-08,102.2729,101.483,12073.074103,71.06,5.33,1.6,20726.0,98.635,79.0
2024-01-09,102.2729,101.483,12073.074103,72.43,5.33,1.6,20726.0,98.635,79.0
2024-01-10,102.2729,101.483,12073.074103,71.57,5.33,1.6,20726.0,98.635,79.0
2024-01-11,102.2729,101.483,12073.074103,72.15,5.33,1.6,20726.0,98.635,79.0
2024-01-12,102.2729,101.483,12073.074103,72.94,5.33,1.6,20726.0,98.635,79.0
2024-01-13,102.2729,101.483,12073.074103,72.94,5.33,1.6,20726.0,98.635,79.0
2024-01-14,102.2729,101.483,12073.074103,72.94,5.33,1.6,20726.0,98.635,79.0
2024-01-15,102.2729,101.483,12073.074103,72.94,5.33,1.6,20726.0,98.635,79.0
2024-01-16,102.2729,101.483,12073.074103,72.63,5.33,1.6,20726.0,98.635,79.0
2024-01-17,102.2729,101.483,12073.074103,72.79,5.33,1.6,20726.0,98.635,79.0
2024-01-18,102.2729,101.483,12073.074103,74.32,5.33,1.6,20726.0,98.635,79.0
2024-01-19,102.2729,101.483,12073.074103,73.69,5.33,1.6,20726.0,98.635,79.0
2024-01-20,102.2729,101.483,12073.074103,73.69,5.33,1.6,20726.0,98.635,79.0
2024-01-21,102.2729,101.483,12073.074103,73.69,5.33,1.6,20726.0,98.635,79.0
2024-01-22,102.2729,101.483,12073.074103,75.26,5.33,1.6,20726.0,98.635,79.0
2024-01-23,102.2729,101.483,12073.074103,74.72,5.33,1.6,20726.0,98.635,79.0
2024-01-24,102.2729,101.483,12073.074103,75.48,5.33,1.6,20726.0,98.635,79.0
2024-01-25,102.2729,101.483,12073.074103,77.91,5.33,1.6,20726.0,98.635,79.0
2024-01-26,102.2729,101.483,12073.074103,78.45,5.33,1.6,20726.0,98.635,79.0
2024-01-27,102.2729,101.483,12073.074103,78.45,5.33,1.6,20726.0,98.635,79.0
2024-01-28,102.2729,101.483,12073.074103,78.45,5.33,1.6,20726.0,98.635,79.0
2024-01-29,102.2729,101.483,12073.074103,77.25,5.33,1.6,20726.0,98.635,79.0
2024-01-30,102.2729,101.483,12073.074103,78.3,5.33,1.6,20726.0,98.635,79.0
2024-01-31,102.2729,101.483,12073.074103,76.28,5.33,1.6,20726.0,98.635,79.0
2024-02-01,108.1696,102.7267,12010.927364,74.36,5.33,1.6,20762.0,98.344,76.9
2024-02-02,108.1696,102.7267,12010.927364,72.72,5.33,1.6,20762.0,98.344,76.9
2024-02-03,108.1696,102.7267,12010.927364,72.72,5.33,1.6,20762.0,98.344,76.9
2024-02-04,108.1696,102.7267,12010.927364,72.72,5.33,1.6,20762.0,98.344,76.9
2024-02-05,108.1696,102.7267,12010.927364,73.21,5.33,1.6,20762.0,98.344,76.9
2024-02-06,108.1696,102.7267,12010.927364,73.83,5.33,1.6,20762.0,98.344,76.9
2024-02-07,108.1696,102.7267,12010.927364,74.26,5.33,1.6,20762.0,98.344,76.9
2024-02-08,108.1696,102.7267,12010.927364,76.67,5.33,1.6,20762.0,98.344,76.9
2024-02-09,108.1696,102.7267,12010.927364,77.26,5.33,1.6,20762.0,98.344,76.9
2024-02-10,108.1696,102.7267,12010.927364,77.26,5.33,1.6,20762.0,98.344,76.9
2024-02-11,108.1696,102.7267,12010.927364,77.26,5.33,1.6,20762.0,98.344,76.9
2024-02-12,108.1696,102.7267,12010.927364,77.34,5.33,1.6,20762.0,98.344,76.9
2024-02-13,108.1696,102.7267,12010.927364,78.28,5.33,1.6,20762.0,98.344,76.9
2024-02-14,108.1696,102.7267,12010.927364,77.09,5.33,1.6,20762.0,98.344,76.9
2024-02-15,108.1696,102.7267,12010.927364,78.47,5.33,1.6,20762.0,98.344,76.9
2024-02-16,108.1696,102.7267,12010.927364,79.65,5.33,1.6,20762.0,98.344,76.9
2024-02-17,108.1696,102.7267,12010.927364,79.65,5.33,1.6,20762.0,98.344,76.9
2024-02-18,108.1696,102.7267,12010.927364,79.65,5.33,1.6,20762.0,98.344,76.9
2024-02-19,108.1696,102.7267,12010.927364,79.65,5.33,1.6,20762.0,98.344,76.9
2024-02-20,108.1696,102.7267,12010.927364,78.72,5.33,1.6,20762.0,98.344,76.9
2024-02-21,108.1696,102.7267,12010.927364,78.89,5.33,1.6,20762.0,98.344,76.9
2024-02-22,108.1696,102.7267,12010.927364,79.64,5.33,1.6,20762.0,98.344,76.9
2024-02-23,108.1696,102.7267,12010.927364,77.6,5.33,1.6,20762.0,98.344,76.9
2024-02-24,108.1696,102.7267,12010.927364,77.6,5.33,1.6,20762.0,98.344,76.9
2024-02-25,108.1696,102.7267,12010.927364,77.6,5.33,1.6,20762.0,98.344,76.9
2024-02-26,108.1696,102.7267,12010.927364,78.53,5.33,1.6,20762.0,98.344,76.9
2024-02-27,108.1696,102.7267,12010.927364,79.8,5.33,1.6,20762.0,98.344,76.9
2024-02-28,108.1696,102.7267,12010.927364,79.44,5.33,1.6,20762.0,98.344,76.9
2024-02-29,108.1696,102.7267,12010.927364,79.22,5.33,1.6,20762.0,98.344,76.9
2024-03-01,110.4333,102.5186,12771.737271,80.9,5.33,1.6,20863.0,97.929,79.4
2024-03-02,110.4333,102.5186,12771.737271,80.9,5.33,1.6,20863.0,97.929,79.4
2024-03-03,110.4333,102.5186,12771.737271,80.9,5.33,1.6,20863.0,97.929,79.4
2024-03-04,110.4333,102.5186,12771.737271,79.67,5.33,1.6,20863.0,97.929,79.4
2024-03-05,110.4333,102.5186,12771.737271,79.11,5.33,1.6,20863.0,97.929,79.4
2024-03-06,110.4333,102.5186,12771.737271,80.08,5.33,1.6,20863.0,97.929,79.4
2024-03-07,110.4333,102.5186,12771.737271,79.81,5.33,1.6,20863.0,97.929,79.4
2024-03-08,110.4333,102.5186,12771.737271,78.96,5.33,1.6,20863.0,97.929,79.4
2024-03-09,110.4333,102.5186,12771.737271,78.96,5.33,1.6,20863.0,97.929,79.4
2024-03-10,110.4333,102.5186,12771.737271,78.96,5.33,1.6,20863.0,97.929,79.4
2024-03-11,110.4333,102.5186,12771.737271,78.87,5.33,1.6,20863.0,97.929,79.4
2024-03-12,110.4333,102.5186,12771.737271,78.51,5.33,1.6,20863.0,97.929,79.4
2024-03-13,110.4333,102.5186,12771.737271,80.67,5.33,1.6,20863.0,97.929,79.4
2024-03-14,110.4333,102.5186,12771.737271,82.16,5.33,1.6,20863.0,97.929,79.4
2024-03-15,110.4333,102.5186,12771.737271,81.94,5.33,1.6,20863.0,97.929,79.4
2024-03-16,110.4333,102.5186,12771.737271,81.94,5.33,1.6,20863.0,97.929,79.4
2024-03-17,110.4333,102.5186,12771.737271,81.94,5.33,1.6,20863.0,97.929,79.4
2024-03-18,110.4333,102.5186,12771.737271,83.68,5.33,1.6,20863.0,97.929,79.4
2024-03-19,110.4333,102.5186,12771.737271,84.39,5.33,1.6,20863.0,97.929,79.4
2024-03-20,110.4333,102.5186,12771.737271,82.79,5.33,1.6,20863.0,97.929,79.4
2024-03-21,110.4333,102.5186,12771.737271,81.99,5.33,1.6,20863.0,97.929,79.4
2024-03-22,110.4333,102.5186,12771.737271,81.1,5.33,1.6,20863.0,97.929,79.4
2024-03-23,110.4333,102.5186,12771.737271,81.1,5.33,1.6,20863.0,97.929,79.4
2024-03-24,110.4333,102.5186,12771.737271,81.1,5.33,1.6,20863.0,97.929,79.4
2024-03-25,110.4333,102.5186,12771.737271,82.41,5.33,1.6,20863.0,97.929,79.4
2024-03-26,110.4333,102.5186,12771.737271,82.41,5.33,1.6,20863.0,97.929,79.4
2024-03-27,110.4333,102.5186,12771.737271,82.15,5.33,1.6,20863.0,97.929,79.4
2024-03-28,110.4333,102.5186,12771.737271,83.96,5.33,1.6,20863.0,97.929,79.4
2024-03-29,110.4333,102.5186,12771.737271,83.96,5.33,1.6,20863.0,97.929,79.4
2024-03-30,110.4333,102.5186,12771.737271,83.96,5.33,1.6,20863.0,97.929,79.4
2024-03-31,110.4333,102.5186,12771.737271,83.96,5.33,1.6,20863.0,97.929,79.4
2024-04-01,108.1696,102.3568,11520.657819,84.54,5.33,3.0,20881.2,98.958,77.2
2024-04-02,108.1696,102.3568,11520.657819,85.95,5.33,3.0,20881.2,98.958,77.2
2024-04-03,108.1696,102.3568,11520.657819,86.22,5.33,3.0,20881.2,98.958,77.2
2024-04-04,108.1696,102.3568,11520.657819,87.37,5.33,3.0,20881.2,98.958,77.2
2024-04-05,108.1696,102.3568,11520.657819,87.69,5.33,3.0,20881.2,98.958,77.2
2024-04-06,108.1696,102.3568,11520.657819,87.69,5.33,3.0,20881.2,98.958,77.2
2024-04-07,108.1696,102.3568,11520.657819,87.69,5.33,3.0,20881.2,98.958,77.2
2024-04-08,108.1696,102.3568,11520.657819,87.24,5.33,3.0,20881.2,98.958,77.2
2024-04-09,108.1696,102.3568,11520.657819,86.04,5.33,3.0,20881.2,98.958,77.2
2024-04-10,108.1696,102.3568,11520.657819,86.98,5.33,3.0,20881.2,98.958,77.2
2024-04-11,108.1696,102.3568,11520.657819,85.79,5.33,3.0,20881.2,98.958,77.2
2024-04-12,108.1696,102.3568,11520.657819,86.46,5.33,3.0,20881.2,98.958,77.2
2024-04-13,108.1696,102.3568,11520.657819,86.46,5.33,3.0,20881.2,98.958,77.2
2024-04-14,108.1696,102.3568,11520.657819,86.46,5.33,3.0,20881.2,98.958,77.2
2024-04-15,108.1696,102.3568,11520.657819,86.21,5.33,3.0,20881.2,98.958,77.2
2024-04-16,108.1696,102.3568,11520.657819,86.15,5.33,3.0,20881.2,98.958,77.2
2024-04-17,108.1696,102.3568,11520.657819,83.58,5.33,3.0,20881.2,98.958,77.2
2024-04-18,108.1696,102.3568,11520.657819,83.5,5.33,3.0,20881.2,98.958,77.2
2024-04-19,108.1696,102.3568,11520.657819,83.79,5.33,3.0,20881.2,98.958,77.2
2024-04-20,108.1696,102.3568,11520.657819,83.79,5.33,3.0,20881.2,98.958,77.2
2024-04-21,108.1696,102.3568,11520.657819,83.79,5.33,3.0,20881.2,98.958,77.2
2024-04-22,108.1696,102.3568,11520.657819,83.82,5.33,3.0,20881.2,98.958,77.2
2024-04-23,108.1696,102.3568,11520.657819,84.17,5.33,3.0,20881.2,98.958,77.2
2024-04-24,108.1696,102.3568,11520.657819,84.09,5.33,3.0,20881.2,98.958,77.2
2024-04-25,108.1696,102.3568,11520.657819,84.92,5.33,3.0,20881.2,98.958,77.2
2024-04-26,108.1696,102.3568,11520.657819,85.38,5.33,3.0,20881.2,98.958,77.2
2024-04-27,108.1696,102.3568,11520.657819,85.38,5.33,3.0,20881.2,98.958,77.2
2024-04-28,108.1696,102.3568,11520.657819,85.38,5.33,3.0,20881.2,98.958,77.2
2024-04-29,108.1696,102.3568,11520.657819,84.26,5.33,3.0,20881.2,98.958,77.2
2024-04-30,108.1696,102.3568,11520.657819,83.49,5.33,3.0,20881.2,98.958,77.2
2024-05-01,107.639,102.9797,11061.430495,80.7,5.33,3.0,20959.5,97.742,69.1
2024-05-02,107.639,102.9797,11061.430495,80.59,5.33,3.0,20959.5,97.742,69.1
2024-05-03,107.639,102.9797,11061.430495,79.65,5.33,3.0,20959.5,97.742,69.1
2024-05-04,107.639,102.9797,11061.430495,79.65,5.33,3.0,20959.5,97.742,69.1
2024-05-05,107.639,102.9797,11061.430495,79.65,5.33,3.0,20959.5,97.742,69.1
2024-05-06,107.639,102.9797,11061.430495,80.1,5.33,3.0,20959.5,97.742,69.1
2024-05-07,107.639,102.9797,11061.430495,79.97,5.33,3.0,20959.5,97.742,69.1
2024-05-08,107.639,102.9797,11061.430495,80.57,5.33,3.0,20959.5,97.742,69.1
2024-05-09,107.639,102.9797,11061.430495,80.86,5.33,3.0,20959.5,97.742,69.1
2024-05-10,107.639,102.9797,11061.430495,79.81,5.33,3.0,20959.5,97.742,69.1
2024-05-11,107.639,102.9797,11061.430495,79.81,5.33,3.0,20959.5,97.742,69.1
2024-05-12,107.639,102.9797,11061.430495,79.81,5.33,3.0,20959.5,97.742,69.1
2024-05-13,107.639,102.9797,11061.430495,80.71,5.33,3.0,20959.5,97.742,69.1
2024-05-14,107.639,102.9797,11061.430495,79.62,5.33,3.0,20959.5,97.742,69.1
2024-05-15,107.639,102.9797,11061.430495,80.23,5.33,3.0,20959.5,97.742,69.1
2024-05-16,107.639,102.9797,11061.430495,80.85,5.33,3.0,20959.5,97.742,69.1
2024-05-17,107.639,102.9797,11061.430495,81.66,5.33,3.0,20959.5,97.742,69.1
2024-05-18,107.639,102.9797,11061.430495,81.66,5.33,3.0,20959.5,97.742,69.1
2024-05-19,107.639,102.9797,11061.430495,81.66,5.33,3.0,20959.5,97.742,69.1
2024-05-20,107.639,102.9797,11061.430495,81.39,5.33,3.0,20959.5,97.742,69.1
2024-05-21,107.639,102.9797,11061.430495,80.66,5.33,3.0,20959.5,97.742,69.1
2024-05-22,107.639,102.9797,11061.430495,79.15,5.33,3.0,20959.5,97.742,69.1
2024-05-23,107.639,102.9797,11061.430495,77.47,5.33,3.0,20959.5,97.742,69.1
2024-05-24,107.639,102.9797,11061.430495,78.48,5.33,3.0,20959.5,97.742,69.1
2024-05-25,107.639,102.9797,11061.430495,78.48,5.33,3.0,20959.5,97.742,69.1
2024-05-26,107.639,102.9797,11061.430495,78.48,5.33,3.0,20959.5,97.742,69.1
2024-05-27,107.639,102.9797,11061.430495,78.48,5.33,3.0,20959.5,97.742,69.1
2024-05-28,107.639,102.9797,11061.430495,80.9,5.33,3.0,20959.5,97.742,69.1
2024-05-29,107.639,102.9797,11061.430495,80.24,5.33,3.0,20959.5,97.742,69.1
2024-05-30,107.639,102.9797,11061.430495,78.96,5.33,3.0,20959.5,97.742,69.1
2024-05-31,107.639,102.9797,11061.430495,77.97,5.33,3.0,20959.5,97.742,69.1
2024-06-01,107.835,103.2768,11319.032104,77.97,5.33,3.0,21020.1,97.958,68.2
2024-06-02,107.835,103.2768,11319.032104,77.97,5.33,3.0,21020.1,97.958,68.2
2024-06-03,107.835,103.2768,11319.032104,75.26,5.33,3.0,21020.1,97.958,68.2
2024-06-04,107.835,103.2768,11319.032104,74.27,5.33,3.0,21020.1,97.958,68.2
2024-06-05,107.835,103.2768,11319.032104,75.08,5.33,3.0,21020.1,97.958,68.2
2024-06-06,107.835,103.2768,11319.032104,76.52,5.33,3.0,21020.1,97.958,68.2
2024-06-07,107.835,103.2768,11319.032104,76.53,5.33,3.0,21020.1,97.958,68.2
2024-06-08,107.835,103.2768,11319.032104,76.53,5.33,3.0,21020.1,97.958,68.2
2024-06-09,107.835,103.2768,11319.032104,76.53,5.33,3.0,21020.1,97.958,68.2
2024-06-10,107.835,103.2768,11319.032104,78.75,5.33,3.0,21020.1,97.958,68.2
2024-06-11,107.835,103.2768,11319.032104,78.88,5.33,3.0,21020.1,97.958,68.2
2024-06-12,107.835,103.2768,11319.032104,79.56,5.33,3.0,21020.1,97.958,68.2
2024-06-13,107.835,103.2768,11319.032104,79.61,5.33,3.0,21020.1,97.958,68.2
2024-06-14,107.835,103.2768,11319.032104,79.41,5.33,3.0,21020.1,97.958,68.2
2024-06-15,107.835,103.2768,11319.032104,79.41,5.33,3.0,21020.1,97.958,68.2
2024-06-16,107.835,103.2768,11319.032104,79.41,5.33,3.0,21020.1,97.958,68.2
2024-06-17,107.835,103.2768,11319.032104,81.33,5.33,3.0,21020.1,97.958,68.2
2024-06-18,107.835,103.2768,11319.032104,82.67,5.33,3.0,21020.1,97.958,68.2
2024-06-19,107.835,103.2768,11319.032104,82.67,5.33,3.0,21020.1,97.958,68.2
2024-06-20,107.835,103.2768,11319.032104,83.34,5.33,3.0,21020.1,97.958,68.2
2024-06-21,107.835,103.2768,11319.032104,81.71,5.33,3.0,21020.1,97.958,68.2
2024-06-22,107.835,103.2768,11319.032104,81.71,5.33,3.0,21020.1,97.958,68.2
2024-06-23,107.835,103.2768,11319.032104,81.71,5.33,3.0,21020.1,97.958,68.2
2024-06-24,107.835,103.2768,11319.032104,82.63,5.33,3.0,21020.1,97.958,68.2
2024-06-25,107.835,103.2768,11319.032104,81.97,5.33,3.0,21020.1,97.958,68.2
2024-06-26,107.835,103.2768,11319.032104,82.19,5.33,3.0,21020.1,97.958,68.2
2024-06-27,107.835,103.2768,11319.032104,83.04,5.33,3.0,21020.1,97.958,68.2
2024-06-28,107.835,103.2768,11319.032104,82.83,5.33,3.0,21020.1,97.958,68.2
2024-06-29,107.835,103.2768,11319.032104,82.83,5.33,3.0,21020.1,97.958,68.2
2024-06-30,107.835,103.2768,11319.032104,82.83,5.33,3.0,21020.1,97.958,68.2
2024-07-01,98.461,102.5381,10712.927833,84.7,5.33,2.8,21039.4,95.589,66.4
2024-07-02,98.461,102.5381,10712.927833,84.09,5.33,2.8,21039.4,95.589,66.4
2024-07-03,98.461,102.5381,10712.927833,85.19,5.33,2.8,21039.4,95.589,66.4
2024-07-04,98.461,102.5381,10712.927833,85.19,5.33,2.8,21039.4,95.589,66.4
2024-07-05,98.461,102.5381,10712.927833,84.44,5.33,2.8,21039.4,95.589,66.4
2024-07-06,98.461,102.5381,10712.927833,84.44,5.33,2.8,21039.4,95.589,66.4
2024-07-07,98.461,102.5381,10712.927833,84.44,5.33,2.8,21039.4,95.589,66.4
2024-07-08,98.461,102.5381,10712.927833,83.63,5.33,2.8,21039.4,95.589,66.4
2024-07-09,98.461,102.5381,10712.927833,82.78,5.33,2.8,21039.4,95.589,66.4
2024-07-10,98.461,102.5381,10712.927833,83.39,5.33,2.8,21039.4,95.589,66.4
2024-07-11,98.461,102.5381,10712.927833,83.92,5.33,2.8,21039.4,95.589,66.4
2024-07-12,98.461,102.5381,10712.927833,83.49,5.33,2.8,21039.4,95.589,66.4
2024-07-13,98.461,102.5381,10712.927833,83.49,5.33,2.8,21039.4,95.589,66.4
2024-07-14,98.461,102.5381,10712.927833,83.49,5.33,2.8,21039.4,95.589,66.4
2024-07-15,98.461,102.5381,10712.927833,83.22,5.33,2.8,21039.4,95.589,66.4
2024-07-16,98.461,102.5381,10712.927833,81.92,5.33,2.8,21039.4,95.589,66.4
2024-07-17,98.461,102.5381,10712.927833,84.16,5.33,2.8,21039.4,95.589,66.4
2024-07-18,98.461,102.5381,10712.927833,84.17,5.33,2.8,21039.4,95.589,66.4
2024-07-19,98.461,102.5381,10712.927833,81.43,5.33,2.8,21039.4,95.589,66.4
2024-07-20,98.461,102.5381,10712.927833,81.43,5.33,2.8,21039.4,95.589,66.4
2024-07-21,98.461,102.5381,10712.927833,81.43,5.33,2.8,21039.4,95.589,66.4
2024-07-22,98.461,102.5381,10712.927833,81.25,5.33,2.8,21039.4,95.589,66.4
2024-07-23,98.461,102.5381,10712.927833,78.24,5.33,2.8,21039.4,95.589,66.4
2024-07-24,98.461,102.5381,10712.927833,78.78,5.33,2.8,21039.4,95.589,66.4
2024-07-25,98.461,102.5381,10712.927833,79.43,5.33,2.8,21039.4,95.589,66.4
2024-07-26,98.461,102.5381,10712.927833,78.58,5.33,2.8,21039.4,95.589,66.4
2024-07-27,98.461,102.5381,10712.927833,78.58,5.33,2.8,21039.4,95.589,66.4
2024-07-28,98.461,102.5381,10712.927833,78.58,5.33,2.8,21039.4,95.589,66.4
2024-07-29,98.461,102.5381,10712.927833,77.27,5.33,2.8,21039.4,95.589,66.4
2024-07-30,98.461,102.5381,10712.927833,76.17,5.33,2.8,21039.4,95.589,66.4
2024-07-31,98.461,102.5381,10712.927833,79.36,5.33,2.8,21039.4,95.589,66.4
2024-08-01,106.9044,103.0449,11974.652433,77.74,5.33,2.8,21141.3,99.223,67.9
2024-08-02,106.9044,103.0449,11974.652433,74.99,5.33,2.8,21141.3,99.223,67.9
2024-08-03,106.9044,103.0449,11974.652433,74.99,5.33,2.8,21141.3,99.223,67.9
2024-08-04,106.9044,103.0449,11974.652433,74.99,5.33,2.8,21141.3,99.223,67.9
2024-08-05,106.9044,103.0449,11974.652433,74.46,5.33,2.8,21141.3,99.223,67.9
2024-08-06,106.9044,103.0449,11974.652433,74.6,5.33,2.8,21141.3,99.223,67.9
2024-08-07,106.9044,103.0449,11974.652433,76.68,5.33,2.8,21141.3,99.223,67.9
2024-08-08,106.9044,103.0449,11974.652433,77.64,5.33,2.8,21141.3,99.223,67.9
2024-08-09,106.9044,103.0449,11974.652433,78.28,5.33,2.8,21141.3,99.223,67.9
2024-08-10,106.9044,103.0449,11974.652433,78.28,5.33,2.8,21141.3,99.223,67.9
2024-08-11,106.9044,103.0449,11974.652433,78.28,5.33,2.8,21141.3,99.223,67.9
2024-08-12,106.9044,103.0449,11974.652433,81.45,5.33,2.8,21141.3,99.223,67.9
2024-08-13,106.9044,103.0449,11974.652433,79.81,5.33,2.8,21141.3,99.223,67.9
2024-08-14,106.9044,103.0449,11974.652433,78.47,5.33,2.8,21141.3,99.223,67.9
2024-08-15,106.9044,103.0449,11974.652433,79.66,5.33,2.8,21141.3,99.223,67.9
2024-08-16,106.9044,103.0449,11974.652433,78.05,5.33,2.8,21141.3,99.223,67.9
2024-08-17,106.9044,103.0449,11974.652433,78.05,5.33,2.8,21141.3,99.223,67.9
2024-08-18,106.9044,103.0449,11974.652433,78.05,5.33,2.8,21141.3,99.223,67.9
2024-08-19,106.9044,103.0449,11974.652433,75.82,5.33,2.8,21141.3,99.223,67.9
2024-08-20,106.9044,103.0449,11974.652433,75.27,5.33,2.8,21141.3,99.223,67.9
2024-08-21,106.9044,103.0449,11974.652433,72.76,5.33,2.8,21141.3,99.223,67.9
2024-08-22,106.9044,103.0449,11974.652433,73.72,5.33,2.8,21141.3,99.223,67.9
2024-08-23,106.9044,103.0449,11974.652433,75.82,5.33,2.8,21141.3,99.223,67.9
2024-08-24,106.9044,103.0449,11974.652433,75.82,5.33,2.8,21141.3,99.223,67.9
2024-08-25,106.9044,103.0449,11974.652433,75.82,5.33,2.8,21141.3,99.223,67.9
2024-08-26,106.9044,103.0449,11974.652433,78.4,5.33,2.8,21141.3,99.223,67.9
2024-08-27,106.9044,103.0449,11974.652433,76.5,5.33,2.8,21141.3,99.223,67.9
2024-08-28,106.9044,103.0449,11974.652433,75.49,5.33,2.8,21141.3,99.223,67.9
2024-08-29,106.9044,103.0449,11974.652433,76.9,5.33,2.8,21141.3,99.223,67.9
2024-08-30,106.9044,103.0449,11974.652433,74.52,5.33,2.8,21141.3,99.223,67.9
2024-08-31,106.9044,103.0449,11974.652433,74.52,5.33,2.8,21141.3,99.223,67.9
2024-09-01,106.4575,102.5497,11263.243289,74.52,5.33,2.8,21222.7,99.223,70.1
2024-09-02,106.4575,102.5497,11263.243289,74.52,5.33,2.8,21222.7,99.223,70.1
2024-09-03,106.4575,102.5497,11263.243289,71.28,5.33,2.8,21222.7,99.223,70.1
2024-09-04,106.4575,102.5497,11263.243289,70.11,5.33,2.8,21222.7,99.223,70.1
2024-09-05,106.4575,102.5497,11263.243289,70.09,5.33,2.8,21222.7,99.223,70.1
2024-09-06,106.4575,102.5497,11263.243289,68.58,5.33,2.8,21222.7,99.223,70.1
2024-09-07,106.4575,102.5497,11263.243289,68.58,5.33,2.8,21222.7,99.223,70.1
2024-09-08,106.4575,102.5497,11263.243289,68.58,5.33,2.8,21222.7,99.223,70.1
2024-09-09,106.4575,102.5497,11263.243289,69.65,5.33,2.8,21222.7,99.223,70.1
2024-09-10,106.4575,102.5497,11263.243289,66.73,5.33,2.8,21222.7,99.223,70.1
2024-09-11,106.4575,102.5497,11263.243289,68.25,5.33,2.8,21222.7,99.223,70.1
2024-09-12,106.4575,102.5497,11263.243289,69.89,5.33,2.8,21222.7,99.223,70.1
2024-09-13,106.4575,102.5497,11263.243289,69.59,5.33,2.8,21222.7,99.223,70.1
2024-09-14,106.4575,102.5497,11263.243289,69.59,5.33,2.8,21222.7,99.223,70.1
2024-09-15,106.4575,102.5497,11263.243289,69.59,5.33,2.8,21222.7,99.223,70.1
2024-09-16,106.4575,102.5497,11263.243289,71.1,5.33,2.8,21222.7,99.223,70.1
2024-09-17,106.4575,102.5497,11263.243289,72.16,5.33,2.8,21222.7,99.223,70.1
2024-09-18,106.4575,102.5497,11263.243289,71.87,5.33,2.8,21222.7,99.223,70.1
2024-09-19,106.4575,102.5497,11263.243289,72.86,4.83,2.8,21222.7,99.223,70.1
2024-09-20,106.4575,102.5497,11263.243289,72.72,4.83,2.8,21222.7,99.223,70.1
2024-09-21,106.4575,102.5497,11263.243289,72.72,4.83,2.8,21222.7,99.223,70.1
2024-09-22,106.4575,102.5497,11263.243289,72.72,4.83,2.8,21222.7,99.223,70.1
2024-09-23,106.4575,102.5497,11263.243289,71.33,4.83,2.8,21222.7,99.223,70.1
2024-09-24,106.4575,102.5497,11263.243289,72.34,4.83,2.8,21222.7,99.223,70.1
2024-09-25,106.4575,102.5497,11263.243289,70.42,4.83,2.8,21222.7,99.223,70.1
2024-09-26,106.4575,102.5497,11263.243289,68.28,4.83,2.8,21222.7,99.223,70.1
2024-09-27,106.4575,102.5497,11263.243289,68.72,4.83,2.8,21222.7,99.223,70.1
2024-09-28,106.4575,102.5497,11263.243289,68.72,4.83,2.8,21222.7,99.223,70.1
2024-09-29,106.4575,102.5497,11263.243289,68.72,4.83,2.8,21222.7,99.223,70.1
2024-09-30,106.4575,102.5497,11263.243289,68.75,4.83,2.8,21222.7,99.223,70.1
2024-10-01,103.1531,102.2805,11263.243289,70.41,4.83,2.8,21311.2,99.223,70.5
2024-10-02,103.1531,102.2805,11263.243289,70.74,4.83,2.8,21311.2,99.223,70.5
2024-10-03,103.1531,102.2805,11263.243289,74.33,4.83,2.8,21311.2,99.223,70.5
2024-10-04,103.1531,102.2805,11263.243289,74.93,4.83,2.8,21311.2,99.223,70.5
2024-10-05,103.1531,102.2805,11263.243289,74.93,4.83,2.8,21311.2,99.223,70.5
2024-10-06,103.1531,102.2805,11263.243289,74.93,4.83,2.8,21311.2,99.223,70.5
2024-10-07,103.1531,102.2805,11263.243289,77.76,4.83,2.8,21311.2,99.223,70.5
2024-10-08,103.1531,102.2805,11263.243289,74.26,4.83,2.8,21311.2,99.223,70.5
2024-10-09,103.1531,102.2805,11263.243289,73.85,4.83,2.8,21311.2,99.223,70.5
2024-10-10,103.1531,102.2805,11263.243289,76.46,4.83,2.8,21311.2,99.223,70.5
2024-10-11,103.1531,102.2805,11263.243289,76.11,4.83,2.8,21311.2,99.223,70.5
2024-10-12,103.1531,102.2805,11263.243289,76.11,4.83,2.8,21311.2,99.223,70.5
2024-10-13,103.1531,102.2805,11263.243289,76.11,4.83,2.8,21311.2,99.223,70.5
2024-10-14,103.1531,102.2805,11263.243289,76.11,4.83,2.8,21311.2,99.223,70.5
2024-10-15,103.1531,102.2805,11263.243289,71.22,4.83,2.8,21311.2,99.223,70.5
2024-10-16,103.1531,102.2805,11263.243289,70.97,4.83,2.8,21311.2,99.223,70.5
2024-10-17,103.1531,102.2805,11263.243289,71.26,4.83,2.8,21311.2,99.223,70.5
2024-10-18,103.1531,102.2805,11263.243289,69.78,4.83,2.8,21311.2,99.223,70.5
2024-10-19,103.1531,102.2805,11263.243289,69.78,4.83,2.8,21311.2,99.223,70.5
2024-10-20,103.1531,102.2805,11263.243289,69.78,4.83,2.8,21311.2,99.223,70.5
2024-10-21,103.1531,102.2805,11263.243289,71.16,4.83,2.8,21311.2,99.223,70.5
2024-10-22,103.1531,102.2805,11263.243289,72.84,4.83,2.8,21311.2,99.223,70.5
2024-10-23,103.1531,102.2805,11263.243289,71.37,4.83,2.8,21311.2,99.223,70.5
2024-10-24,103.1531,102.2805,11263.243289,70.58,4.83,2.8,21311.2,99.223,70.5
2024-10-25,103.1531,102.2805,11263.243289,72.02,4.83,2.8,21311.2,99.223,70.5
2024-10-26,103.1531,102.2805,11263.243289,72.02,4.83,2.8,21311.2,99.223,70.5
2024-10-27,103.1531,102.2805,11263.243289,72.02,4.83,2.8,21311.2,99.223,70.5
2024-10-28,103.1531,102.2805,11263.243289,67.65,4.83,2.8,21311.2,99.223,70.5
2024-10-29,103.1531,102.2805,11263.243289,67.48,4.83,2.8,21311.2,99.223,70.5
2024-10-30,103.1531,102.2805,11263.243289,68.91,4.83,2.8,21311.2,99.223,70.5
2024-10-31,103.1531,102.2805,11263.243289,69.58,4.83,2.8,21311.2,99.223,70.5
2024-11-01,103.1531,102.2805,11263.243289,69.81,4.83,2.8,21311.2,99.223,70.5
2024-11-02,103.1531,102.2805,11263.243289,69.81,4.83,2.8,21311.2,99.223,70.5
2024-11-03,103.1531,102.2805,11263.243289,69.81,4.83,2.8,21311.2,99.223,70.5
2024-11-04,103.1531,102.2805,11263.243289,71.83,4.83,2.8,21311.2,99.223,70.5
2024-11-05,103.1531,102.2805,11263.243289,72.26,4.83,2.8,21311.2,99.223,70.5
2024-11-06,103.1531,102.2805,11263.243289,71.98,4.83,2.8,21311.2,99.223,70.5
2024-11-07,103.1531,102.2805,11263.243289,72.69,4.83,2.8,21311.2,99.223,70.5
2024-11-08,103.1531,102.2805,11263.243289,70.69,4.58,2.8,21311.2,99.223,70.5
2024-11-09,103.1531,102.2805,11263.243289,70.69,4.58,2.8,21311.2,99.223,70.5
2024-11-10,103.1531,102.2805,11263.243289,70.69,4.58,2.8,21311.2,99.223,70.5
2024-11-11,103.1531,102.2805,11263.243289,70.69,4.58,2.8,21311.2,99.223,70.5
2024-11-12,103.1531,102.2805,11263.243289,68.43,4.58,2.8,21311.2,99.223,70.5
2024-11-13,103.1531,102.2805,11263.243289,68.76,4.58,2.8,21311.2,99.223,70.5
2024-11-14,103.1531,102.2805,11263.243289,68.99,4.58,2.8,21311.2,99.223,70.5
2024-11-15,103.1531,102.2805,11263.243289,67.33,4.58,2.8,21311.2,99.223,70.5
2024-11-16,103.1531,102.2805,11263.243289,67.33,4.58,2.8,21311.2,99.223,70.5
2024-11-17,103.1531,102.2805,11263.243289,67.33,4.58,2.8,21311.2,99.223,70.5
2024-11-18,103.1531,102.2805,11263.243289,69.46,4.58,2.8,21311.2,99.223,70.5
2024-11-19,103.1531,102.2805,11263.243289,69.75,4.58,2.8,21311.2,99.223,70.5
2024-11-20,103.1531,102.2805,11263.243289,69.25,4.58,2.8,21311.2,99.223,70.5
2024-11-21,103.1531,102.2805,11263.243289,70.39,4.58,2.8,21311.2,99.223,70.5
2024-11-22,103.1531,102.2805,11263.243289,71.68,4.58,2.8,21311.2,99.223,70.5
