Date,interest_rate,unemployment_rate,cpi,revolving_credit,delinquency_rate,personal_savings_rate,gdp_growth,consumer_sentiment,housing_starts,retail_sales
2022-01-01,0.07,4.0,282.39,1062.68909,1.67,3.6,-1.0,67.2,1712.0,644034.0
2022-01-02,0.07,4.0,282.39,1062.68909,1.67,3.6,-1.0,67.2,1712.0,644034.0
2022-01-03,0.08,4.0,282.39,1062.68909,1.67,3.6,-1.0,67.2,1712.0,644034.0
2022-01-04,0.08,4.0,282.39,1062.68909,1.67,3.6,-1.0,67.2,1712.0,644034.0
2022-01-05,0.08,4.0,282.39,1062.68909,1.67,3.6,-1.0,67.2,1712.0,644034.0
2022-01-06,0.08,4.0,282.39,1062.68909,1.67,3.6,-1.0,67.2,1712.0,644034.0
2022-01-07,0.08,4.0,282.39,1062.68909,1.67,3.6,-1.0,67.2,1712.0,644034.0
2022-01-08,0.08,4.0,282.39,1062.68909,1.67,3.6,-1.0,67.2,1712.0,644034.0
2022-01-09,0.08,4.0,282.39,1062.68909,1.67,3.6,-1.0,67.2,1712.0,644034.0
2022-01-10,0.08,4.0,282.39,1062.68909,1.67,3.6,-1.0,67.2,1712.0,644034.0
2022-01-11,0.08,4.0,282.39,1062.68909,1.67,3.6,-1.0,67.2,1712.0,644034.0
2022-01-12,0.08,4.0,282.39,1062.68909,1.67,3.6,-1.0,67.2,1712.0,644034.0
2022-01-13,0.08,4.0,282.39,1062.68909,1.67,3.6,-1.0,67.2,1712.0,644034.0
2022-01-14,0.08,4.0,282.39,1062.68909,1.67,3.6,-1.0,67.2,1712.0,644034.0
2022-01-15,0.08,4.0,282.39,1062.68909,1.67,3.6,-1.0,67.2,1712.0,644034.0
2022-01-16,0.08,4.0,282.39,1062.68909,1.67,3.6,-1.0,67.2,1712.0,644034.0
2022-01-17,0.08,4.0,282.39,1062.68909,1.67,3.6,-1.0,67.2,1712.0,644034.0
2022-01-18,0.08,4.0,282.39,1062.68909,1.67,3.6,-1.0,67.2,1712.0,644034.0
2022-01-19,0.08,4.0,282.39,1062.68909,1.67,3.6,-1.0,67.2,1712.0,644034.0
2022-01-20,0.08,4.0,282.39,1062.68909,1.67,3.6,-1.0,67.2,1712.0,644034.0
2022-01-21,0.08,4.0,282.39,1062.68909,1.67,3.6,-1.0,67.2,1712.0,644034.0
2022-01-22,0.08,4.0,282.39,1062.68909,1.67,3.6,-1.0,67.2,1712.0,644034.0
2022-01-23,0.08,4.0,282.39,1062.68909,1.67,3.6,-1.0,67.2,1712.0,644034.0
2022-01-24,0.08,4.0,282.39,1062.68909,1.67,3.6,-1.0,67.2,1712.0,644034.0
2022-01-25,0.08,4.0,282.39,1062.68909,1.67,3.6,-1.0,67.2,1712.0,644034.0
2022-01-26,0.08,4.0,282.39,1062.68909,1.67,3.6,-1.0,67.2,1712.0,644034.0
2022-01-27,0.08,4.0,282.39,1062.68909,1.67,3.6,-1.0,67.2,1712.0,644034.0
2022-01-28,0.08,4.0,282.39,1062.68909,1.67,3.6,-1.0,67.2,1712.0,644034.0
2022-01-29,0.08,4.0,282.39,1062.68909,1.67,3.6,-1.0,67.2,1712.0,644034.0
2022-01-30,0.08,4.0,282.39,1062.68909,1.67,3.6,-1.0,67.2,1712.0,644034.0
2022-01-31,0.08,4.0,282.39,1062.68909,1.67,3.6,-1.0,67.2,1712.0,644034.0
2022-02-01,0.08,3.8,284.535,1074.72134,1.67,3.6,-1.0,62.8,1742.0,650522.0
2022-02-02,0.08,3.8,284.535,1074.72134,1.67,3.6,-1.0,62.8,1742.0,650522.0
2022-02-03,0.08,3.8,284.535,1074.72134,1.67,3.6,-1.0,62.8,1742.0,650522.0
2022-02-04,0.08,3.8,284.535,1074.72134,1.67,3.6,-1.0,62.8,1742.0,650522.0
2022-02-05,0.08,3.8,284.535,1074.72134,1.67,3.6,-1.0,62.8,1742.0,650522.0
2022-02-06,0.08,3.8,284.535,1074.72134,1.67,3.6,-1.0,62.8,1742.0,650522.0
2022-02-07,0.08,3.8,284.535,1074.72134,1.67,3.6,-1.0,62.8,1742.0,650522.0
2022-02-08,0.08,3.8,284.535,1074.72134,1.67,3.6,-1.0,62.8,1742.0,650522.0
2022-02-09,0.08,3.8,284.535,1074.72134,1.67,3.6,-1.0,62.8,1742.0,650522.0
2022-02-10,0.08,3.8,284.535,1074.72134,1.67,3.6,-1.0,62.8,1742.0,650522.0
2022-02-11,0.08,3.8,284.535,1074.72134,1.67,3.6,-1.0,62.8,1742.0,650522.0
2022-02-12,0.08,3.8,284.535,1074.72134,1.67,3.6,-1.0,62.8,1742.0,650522.0
2022-02-13,0.08,3.8,284.535,1074.72134,1.67,3.6,-1.0,62.8,1742.0,650522.0
2022-02-14,0.08,3.8,284.535,1074.72134,1.67,3.6,-1.0,62.8,1742.0,650522.0
2022-02-15,0.08,3.8,284.535,1074.72134,1.67,3.6,-1.0,62.8,1742.0,650522.0
2022-02-16,0.08,3.8,284.535,1074.72134,1.67,3.6,-1.0,62.8,1742.0,650522.0
2022-02-17,0.08,3.8,284.535,1074.72134,1.67,3.6,-1.0,62.8,1742.0,650522.0
2022-02-18,0.08,3.8,284.535,1074.72134,1.67,3.6,-1.0,62.8,1742.0,650522.0
2022-02-19,0.08,3.8,284.535,1074.72134,1.67,3.6,-1.0,62.8,1742.0,650522.0
2022-02-20,0.08,3.8,284.535,1074.72134,1.67,3.6,-1.0,62.8,1742.0,650522.0
2022-02-21,0.08,3.8,284.535,1074.72134,1.67,3.6,-1.0,62.8,1742.0,650522.0
2022-02-22,0.08,3.8,284.535,1074.72134,1.67,3.6,-1.0,62.8,1742.0,650522.0
2022-02-23,0.08,3.8,284.535,1074.72134,1.67,3.6,-1.0,62.8,1742.0,650522.0
2022-02-24,0.08,3.8,284.535,1074.72134,1.67,3.6,-1.0,62.8,1742.0,650522.0
2022-02-25,0.08,3.8,284.535,1074.72134,1.67,3.6,-1.0,62.8,1742.0,650522.0
2022-02-26,0.08,3.8,284.535,1074.72134,1.67,3.6,-1.0,62.8,1742.0,650522.0
2022-02-27,0.08,3.8,284.535,1074.72134,1.67,3.6,-1.0,62.8,1742.0,650522.0
2022-02-28,0.08,3.8,284.535,1074.72134,1.67,3.6,-1.0,62.8,1742.0,650522.0
2022-03-01,0.08,3.6,287.553,1097.06086,1.67,2.7,-1.0,59.4,1678.0,664167.0
2022-03-02,0.08,3.6,287.553,1097.06086,1.67,2.7,-1.0,59.4,1678.0,664167.0
2022-03-03,0.08,3.6,287.553,1097.06086,1.67,2.7,-1.0,59.4,1678.0,664167.0
2022-03-04,0.08,3.6,287.553,1097.06086,1.67,2.7,-1.0,59.4,1678.0,664167.0
2022-03-05,0.08,3.6,287.553,1097.06086,1.67,2.7,-1.0,59.4,1678.0,664167.0
2022-03-06,0.08,3.6,287.553,1097.06086,1.67,2.7,-1.0,59.4,1678.0,664167.0
2022-03-07,0.08,3.6,287.553,1097.06086,1.67,2.7,-1.0,59.4,1678.0,664167.0
2022-03-08,0.08,3.6,287.553,1097.06086,1.67,2.7,-1.0,59.4,1678.0,664167.0
2022-03-09,0.08,3.6,287.553,1097.06086,1.67,2.7,-1.0,59.4,1678.0,664167.0
2022-03-10,0.08,3.6,287.553,1097.06086,1.67,2.7,-1.0,59.4,1678.0,664167.0
2022-03-11,0.08,3.6,287.553,1097.06086,1.67,2.7,-1.0,59.4,1678.0,664167.0
2022-03-12,0.08,3.6,287.553,1097.06086,1.67,2.7,-1.0,59.4,1678.0,664167.0
2022-03-13,0.08,3.6,287.553,1097.06086,1.67,2.7,-1.0,59.4,1678.0,664167.0
2022-03-14,0.08,3.6,287.553,1097.06086,1.67,2.7,-1.0,59.4,1678.0,664167.0
2022-03-15,0.08,3.6,287.553,1097.06086,1.67,2.7,-1.0,59.4,1678.0,664167.0
2022-03-16,0.08,3.6,287.553,1097.06086,1.67,2.7,-1.0,59.4,1678.0,664167.0
2022-03-17,0.33,3.6,287.553,1097.06086,1.67,2.7,-1.0,59.4,1678.0,664167.0
2022-03-18,0.33,3.6,287.553,1097.06086,1.67,2.7,-1.0,59.4,1678.0,664167.0
2022-03-19,0.33,3.6,287.553,1097.06086,1.67,2.7,-1.0,59.4,1678.0,664167.0
2022-03-20,0.33,3.6,287.553,1097.06086,1.67,2.7,-1.0,59.4,1678.0,664167.0
2022-03-21,0.33,3.6,287.553,1097.06086,1.67,2.7,-1.0,59.4,1678.0,664167.0
2022-03-22,0.33,3.6,287.553,1097.06086,1.67,2.7,-1.0,59.4,1678.0,664167.0
2022-03-23,0.33,3.6,287.553,1097.06086,1.67,2.7,-1.0,59.4,1678.0,664167.0
2022-03-24,0.33,3.6,287.553,1097.06086,1.67,2.7,-1.0,59.4,1678.0,664167.0
2022-03-25,0.33,3.6,287.553,1097.06086,1.67,2.7,-1.0,59.4,1678.0,664167.0
2022-03-26,0.33,3.6,287.553,1097.06086,1.67,2.7,-1.0,59.4,1678.0,664167.0
2022-03-27,0.33,3.6,287.553,1097.06086,1.67,2.7,-1.0,59.4,1678.0,664167.0
2022-03-28,0.33,3.6,287.553,1097.06086,1.67,2.7,-1.0,59.4,1678.0,664167.0
2022-03-29,0.33,3.6,287.553,1097.06086,1.67,2.7,-1.0,59.4,1678.0,664167.0
2022-03-30,0.33,3.6,287.553,1097.06086,1.67,2.7,-1.0,59.4,1678.0,664167.0
2022-03-31,0.33,3.6,287.553,1097.06086,1.67,2.7,-1.0,59.4,1678.0,664167.0
2022-04-01,0.33,3.7,288.764,1109.66181,1.84,2.2,0.3,65.2,1828.0,673245.0
2022-04-02,0.33,3.7,288.764,1109.66181,1.84,2.2,0.3,65.2,1828.0,673245.0
2022-04-03,0.33,3.7,288.764,1109.66181,1.84,2.2,0.3,65.2,1828.0,673245.0
2022-04-04,0.33,3.7,288.764,1109.66181,1.84,2.2,0.3,65.2,1828.0,673245.0
2022-04-05,0.33,3.7,288.764,1109.66181,1.84,2.2,0.3,65.2,1828.0,673245.0
2022-04-06,0.33,3.7,288.764,1109.66181,1.84,2.2,0.3,65.2,1828.0,673245.0
2022-04-07,0.33,3.7,288.764,1109.66181,1.84,2.2,0.3,65.2,1828.0,673245.0
2022-04-08,0.33,3.7,288.764,1109.66181,1.84,2.2,0.3,65.2,1828.0,673245.0
2022-04-09,0.33,3.7,288.764,1109.66181,1.84,2.2,0.3,65.2,1828.0,673245.0
2022-04-10,0.33,3.7,288.764,1109.66181,1.84,2.2,0.3,65.2,1828.0,673245.0
2022-04-11,0.33,3.7,288.764,1109.66181,1.84,2.2,0.3,65.2,1828.0,673245.0
2022-04-12,0.33,3.7,288.764,1109.66181,1.84,2.2,0.3,65.2,1828.0,673245.0
2022-04-13,0.33,3.7,288.764,1109.66181,1.84,2.2,0.3,65.2,1828.0,673245.0
2022-04-14,0.33,3.7,288.764,1109.66181,1.84,2.2,0.3,65.2,1828.0,673245.0
2022-04-15,0.33,3.7,288.764,1109.66181,1.84,2.2,0.3,65.2,1828.0,673245.0
2022-04-16,0.33,3.7,288.764,1109.66181,1.84,2.2,0.3,65.2,1828.0,673245.0
2022-04-17,0.33,3.7,288.764,1109.66181,1.84,2.2,0.3,65.2,1828.0,673245.0
2022-04-18,0.33,3.7,288.764,1109.66181,1.84,2.2,0.3,65.2,1828.0,673245.0
2022-04-19,0.33,3.7,288.764,1109.66181,1.84,2.2,0.3,65.2,1828.0,673245.0
2022-04-20,0.33,3.7,288.764,1109.66181,1.84,2.2,0.3,65.2,1828.0,673245.0
2022-04-21,0.33,3.7,288.764,1109.66181,1.84,2.2,0.3,65.2,1828.0,673245.0
2022-04-22,0.33,3.7,288.764,1109.66181,1.84,2.2,0.3,65.2,1828.0,673245.0
2022-04-23,0.33,3.7,288.764,1109.66181,1.84,2.2,0.3,65.2,1828.0,673245.0
2022-04-24,0.33,3.7,288.764,1109.66181,1.84,2.2,0.3,65.2,1828.0,673245.0
2022-04-25,0.33,3.7,288.764,1109.66181,1.84,2.2,0.3,65.2,1828.0,673245.0
2022-04-26,0.33,3.7,288.764,1109.66181,1.84,2.2,0.3,65.2,1828.0,673245.0
2022-04-27,0.33,3.7,288.764,1109.66181,1.84,2.2,0.3,65.2,1828.0,673245.0
2022-04-28,0.33,3.7,288.764,1109.66181,1.84,2.2,0.3,65.2,1828.0,673245.0
2022-04-29,0.33,3.7,288.764,1109.66181,1.84,2.2,0.3,65.2,1828.0,673245.0
2022-04-30,0.33,3.7,288.764,1109.66181,1.84,2.2,0.3,65.2,1828.0,673245.0
2022-05-01,0.33,3.6,291.359,1118.89351,1.84,2.3,0.3,58.4,1540.0,671040.0
2022-05-02,0.33,3.6,291.359,1118.89351,1.84,2.3,0.3,58.4,1540.0,671040.0
2022-05-03,0.33,3.6,291.359,1118.89351,1.84,2.3,0.3,58.4,1540.0,671040.0
2022-05-04,0.33,3.6,291.359,1118.89351,1.84,2.3,0.3,58.4,1540.0,671040.0
2022-05-05,0.83,3.6,291.359,1118.89351,1.84,2.3,0.3,58.4,1540.0,671040.0
2022-05-06,0.83,3.6,291.359,1118.89351,1.84,2.3,0.3,58.4,1540.0,671040.0
2022-05-07,0.83,3.6,291.359,1118.89351,1.84,2.3,0.3,58.4,1540.0,671040.0
2022-05-08,0.83,3.6,291.359,1118.89351,1.84,2.3,0.3,58.4,1540.0,671040.0
2022-05-09,0.83,3.6,291.359,1118.89351,1.84,2.3,0.3,58.4,1540.0,671040.0
2022-05-10,0.83,3.6,291.359,1118.89351,1.84,2.3,0.3,58.4,1540.0,671040.0
2022-05-11,0.83,3.6,291.359,1118.89351,1.84,2.3,0.3,58.4,1540.0,671040.0
2022-05-12,0.83,3.6,291.359,1118.89351,1.84,2.3,0.3,58.4,1540.0,671040.0
2022-05-13,0.83,3.6,291.359,1118.89351,1.84,2.3,0.3,58.4,1540.0,671040.0
2022-05-14,0.83,3.6,291.359,1118.89351,1.84,2.3,0.3,58.4,1540.0,671040.0
2022-05-15,0.83,3.6,291.359,1118.89351,1.84,2.3,0.3,58.4,1540.0,671040.0
2022-05-16,0.83,3.6,291.359,1118.89351,1.84,2.3,0.3,58.4,1540.0,671040.0
2022-05-17,0.83,3.6,291.359,1118.89351,1.84,2.3,0.3,58.4,1540.0,671040.0
2022-05-18,0.83,3.6,291.359,1118.89351,1.84,2.3,0.3,58.4,1540.0,671040.0
2022-05-19,0.83,3.6,291.359,1118.89351,1.84,2.3,0.3,58.4,1540.0,671040.0
2022-05-20,0.83,3.6,291.359,1118.89351,1.84,2.3,0.3,58.4,1540.0,671040.0
2022-05-21,0.83,3.6,291.359,1118.89351,1.84,2.3,0.3,58.4,1540.0,671040.0
2022-05-22,0.83,3.6,291.359,1118.89351,1.84,2.3,0.3,58.4,1540.0,671040.0
2022-05-23,0.83,3.6,291.359,1118.89351,1.84,2.3,0.3,58.4,1540.0,671040.0
2022-05-24,0.83,3.6,291.359,1118.89351,1.84,2.3,0.3,58.4,1540.0,671040.0
2022-05-25,0.83,3.6,291.359,1118.89351,1.84,2.3,0.3,58.4,1540.0,671040.0
2022-05-26,0.83,3.6,291.359,1118.89351,1.84,2.3,0.3,58.4,1540.0,671040.0
2022-05-27,0.83,3.6,291.359,1118.89351,1.84,2.3,0.3,58.4,1540.0,671040.0
2022-05-28,0.83,3.6,291.359,1118.89351,1.84,2.3,0.3,58.4,1540.0,671040.0
2022-05-29,0.83,3.6,291.359,1118.89351,1.84,2.3,0.3,58.4,1540.0,671040.0
2022-05-30,0.83,3.6,291.359,1118.89351,1.84,2.3,0.3,58.4,1540.0,671040.0
2022-05-31,0.83,3.6,291.359,1118.89351,1.84,2.3,0.3,58.4,1540.0,671040.0
2022-06-01,0.83,3.6,294.996,1140.16643,1.84,2.0,0.3,50.0,1542.0,675702.0
2022-06-02,0.83,3.6,294.996,1140.16643,1.84,2.0,0.3,50.0,1542.0,675702.0
2022-06-03,0.83,3.6,294.996,1140.16643,1.84,2.0,0.3,50.0,1542.0,675702.0
2022-06-04,0.83,3.6,294.996,1140.16643,1.84,2.0,0.3,50.0,1542.0,675702.0
2022-06-05,0.83,3.6,294.996,1140.16643,1.84,2.0,0.3,50.0,1542.0,675702.0
2022-06-06,0.83,3.6,294.996,1140.16643,1.84,2.0,0.3,50.0,1542.0,675702.0
2022-06-07,0.83,3.6,294.996,1140.16643,1.84,2.0,0.3,50.0,1542.0,675702.0
2022-06-08,0.83,3.6,294.996,1140.16643,1.84,2.0,0.3,50.0,1542.0,675702.0
2022-06-09,0.83,3.6,294.996,1140.16643,1.84,2.0,0.3,50.0,1542.0,675702.0
2022-06-10,0.83,3.6,294.996,1140.16643,1.84,2.0,0.3,50.0,1542.0,675702.0
2022-06-11,0.83,3.6,294.996,1140.16643,1.84,2.0,0.3,50.0,1542.0,675702.0
2022-06-12,0.83,3.6,294.996,1140.16643,1.84,2.0,0.3,50.0,1542.0,675702.0
2022-06-13,0.83,3.6,294.996,1140.16643,1.84,2.0,0.3,50.0,1542.0,675702.0
2022-06-14,0.83,3.6,294.996,1140.16643,1.84,2.0,0.3,50.0,1542.0,675702.0
2022-06-15,0.83,3.6,294.996,1140.16643,1.84,2.0,0.3,50.0,1542.0,675702.0
2022-06-16,1.58,3.6,294.996,1140.16643,1.84,2.0,0.3,50.0,1542.0,675702.0
2022-06-17,1.58,3.6,294.996,1140.16643,1.84,2.0,0.3,50.0,1542.0,675702.0
2022-06-18,1.58,3.6,294.996,1140.16643,1.84,2.0,0.3,50.0,1542.0,675702.0
2022-06-19,1.58,3.6,294.996,1140.16643,1.84,2.0,0.3,50.0,1542.0,675702.0
2022-06-20,1.58,3.6,294.996,1140.16643,1.84,2.0,0.3,50.0,1542.0,675702.0
2022-06-21,1.58,3.6,294.996,1140.16643,1.84,2.0,0.3,50.0,1542.0,675702.0
2022-06-22,1.58,3.6,294.996,1140.16643,1.84,2.0,0.3,50.0,1542.0,675702.0
2022-06-23,1.58,3.6,294.996,1140.16643,1.84,2.0,0.3,50.0,1542.0,675702.0
2022-06-24,1.58,3.6,294.996,1140.16643,1.84,2.0,0.3,50.0,1542.0,675702.0
2022-06-25,1.58,3.6,294.996,1140.16643,1.84,2.0,0.3,50.0,1542.0,675702.0
2022-06-26,1.58,3.6,294.996,1140.16643,1.84,2.0,0.3,50.0,1542.0,675702.0
2022-06-27,1.58,3.6,294.996,1140.16643,1.84,2.0,0.3,50.0,1542.0,675702.0
2022-06-28,1.58,3.6,294.996,1140.16643,1.84,2.0,0.3,50.0,1542.0,675702.0
2022-06-29,1.58,3.6,294.996,1140.16643,1.84,2.0,0.3,50.0,1542.0,675702.0
2022-06-30,1.58,3.6,294.996,1140.16643,1.84,2.0,0.3,50.0,1542.0,675702.0
2022-07-01,1.58,3.5,294.977,1151.2427,2.07,3.1,2.7,51.5,1392.0,671067.0
2022-07-02,1.58,3.5,294.977,1151.2427,2.07,3.1,2.7,51.5,1392.0,671067.0
2022-07-03,1.58,3.5,294.977,1151.2427,2.07,3.1,2.7,51.5,1392.0,671067.0
2022-07-04,1.58,3.5,294.977,1151.2427,2.07,3.1,2.7,51.5,1392.0,671067.0
2022-07-05,1.58,3.5,294.977,1151.2427,2.07,3.1,2.7,51.5,1392.0,671067.0
2022-07-06,1.58,3.5,294.977,1151.2427,2.07,3.1,2.7,51.5,1392.0,671067.0
2022-07-07,1.58,3.5,294.977,1151.2427,2.07,3.1,2.7,51.5,1392.0,671067.0
2022-07-08,1.58,3.5,294.977,1151.2427,2.07,3.1,2.7,51.5,1392.0,671067.0
2022-07-09,1.58,3.5,294.977,1151.2427,2.07,3.1,2.7,51.5,1392.0,671067.0
2022-07-10,1.58,3.5,294.977,1151.2427,2.07,3.1,2.7,51.5,1392.0,671067.0
2022-07-11,1.58,3.5,294.977,1151.2427,2.07,3.1,2.7,51.5,1392.0,671067.0
2022-07-12,1.58,3.5,294.977,1151.2427,2.07,3.1,2.7,51.5,1392.0,671067.0
2022-07-13,1.58,3.5,294.977,1151.2427,2.07,3.1,2.7,51.5,1392.0,671067.0
2022-07-14,1.58,3.5,294.977,1151.2427,2.07,3.1,2.7,51.5,1392.0,671067.0
2022-07-15,1.58,3.5,294.977,1151.2427,2.07,3.1,2.7,51.5,1392.0,671067.0
2022-07-16,1.58,3.5,294.977,1151.2427,2.07,3.1,2.7,51.5,1392.0,671067.0
2022-07-17,1.58,3.5,294.977,1151.2427,2.07,3.1,2.7,51.5,1392.0,671067.0
2022-07-18,1.58,3.5,294.977,1151.2427,2.07,3.1,2.7,51.5,1392.0,671067.0
2022-07-19,1.58,3.5,294.977,1151.2427,2.07,3.1,2.7,51.5,1392.0,671067.0
2022-07-20,1.58,3.5,294.977,1151.2427,2.07,3.1,2.7,51.5,1392.0,671067.0
2022-07-21,1.58,3.5,294.977,1151.2427,2.07,3.1,2.7,51.5,1392.0,671067.0
2022-07-22,1.58,3.5,294.977,1151.2427,2.07,3.1,2.7,51.5,1392.0,671067.0
2022-07-23,1.58,3.5,294.977,1151.2427,2.07,3.1,2.7,51.5,1392.0,671067.0
2022-07-24,1.58,3.5,294.977,1151.2427,2.07,3.1,2.7,51.5,1392.0,671067.0
2022-07-25,1.58,3.5,294.977,1151.2427,2.07,3.1,2.7,51.5,1392.0,671067.0
2022-07-26,1.58,3.5,294.977,1151.2427,2.07,3.1,2.7,51.5,1392.0,671067.0
2022-07-27,1.58,3.5,294.977,1151.2427,2.07,3.1,2.7,51.5,1392.0,671067.0
2022-07-28,2.33,3.5,294.977,1151.2427,2.07,3.1,2.7,51.5,1392.0,671067.0
2022-07-29,2.32,3.5,294.977,1151.2427,2.07,3.1,2.7,51.5,1392.0,671067.0
2022-07-30,2.32,3.5,294.977,1151.2427,2.07,3.1,2.7,51.5,1392.0,671067.0
2022-07-31,2.32,3.5,294.977,1151.2427,2.07,3.1,2.7,51.5,1392.0,671067.0
2022-08-01,2.33,3.6,295.209,1163.43443,2.07,3.1,2.7,58.2,1520.0,675107.0
2022-08-02,2.33,3.6,295.209,1163.43443,2.07,3.1,2.7,58.2,1520.0,675107.0
2022-08-03,2.33,3.6,295.209,1163.43443,2.07,3.1,2.7,58.2,1520.0,675107.0
2022-08-04,2.33,3.6,295.209,1163.43443,2.07,3.1,2.7,58.2,1520.0,675107.0
2022-08-05,2.33,3.6,295.209,1163.43443,2.07,3.1,2.7,58.2,1520.0,675107.0
2022-08-06,2.33,3.6,295.209,1163.43443,2.07,3.1,2.7,58.2,1520.0,675107.0
2022-08-07,2.33,3.6,295.209,1163.43443,2.07,3.1,2.7,58.2,1520.0,675107.0
2022-08-08,2.33,3.6,295.209,1163.43443,2.07,3.1,2.7,58.2,1520.0,675107.0
2022-08-09,2.33,3.6,295.209,1163.43443,2.07,3.1,2.7,58.2,1520.0,675107.0
2022-08-10,2.33,3.6,295.209,1163.43443,2.07,3.1,2.7,58.2,1520.0,675107.0
2022-08-11,2.33,3.6,295.209,1163.43443,2.07,3.1,2.7,58.2,1520.0,675107.0
2022-08-12,2.33,3.6,295.209,1163.43443,2.07,3.1,2.7,58.2,1520.0,675107.0
2022-08-13,2.33,3.6,295.209,1163.43443,2.07,3.1,2.7,58.2,1520.0,675107.0
2022-08-14,2.33,3.6,295.209,1163.43443,2.07,3.1,2.7,58.2,1520.0,675107.0
2022-08-15,2.33,3.6,295.209,1163.43443,2.07,3.1,2.7,58.2,1520.0,675107.0
2022-08-16,2.33,3.6,295.209,1163.43443,2.07,3.1,2.7,58.2,1520.0,675107.0
2022-08-17,2.33,3.6,295.209,1163.43443,2.07,3.1,2.7,58.2,1520.0,675107.0
2022-08-18,2.33,3.6,295.209,1163.43443,2.07,3.1,2.7,58.2,1520.0,675107.0
2022-08-19,2.33,3.6,295.209,1163.43443,2.07,3.1,2.7,58.2,1520.0,675107.0
2022-08-20,2.33,3.6,295.209,1163.43443,2.07,3.1,2.7,58.2,1520.0,675107.0
2022-08-21,2.33,3.6,295.209,1163.43443,2.07,3.1,2.7,58.2,1520.0,675107.0
2022-08-22,2.33,3.6,295.209,1163.43443,2.07,3.1,2.7,58.2,1520.0,675107.0
2022-08-23,2.33,3.6,295.209,1163.43443,2.07,3.1,2.7,58.2,1520.0,675107.0
2022-08-24,2.33,3.6,295.209,1163.43443,2.07,3.1,2.7,58.2,1520.0,675107.0
2022-08-25,2.33,3.6,295.209,1163.43443,2.07,3.1,2.7,58.2,1520.0,675107.0
2022-08-26,2.33,3.6,295.209,1163.43443,2.07,3.1,2.7,58.2,1520.0,675107.0
2022-08-27,2.33,3.6,295.209,1163.43443,2.07,3.1,2.7,58.2,1520.0,675107.0
2022-08-28,2.33,3.6,295.209,1163.43443,2.07,3.1,2.7,58.2,1520.0,675107.0
2022-08-29,2.33,3.6,295.209,1163.43443,2.07,3.1,2.7,58.2,1520.0,675107.0
2022-08-30,2.33,3.6,295.209,1163.43443,2.07,3.1,2.7,58.2,1520.0,675107.0
2022-08-31,2.33,3.6,295.209,1163.43443,2.07,3.1,2.7,58.2,1520.0,675107.0
2022-09-01,2.33,3.5,296.341,1173.53654,2.07,3.1,2.7,58.6,1470.0,673312.0
2022-09-02,2.33,3.5,296.341,1173.53654,2.07,3.1,2.7,58.6,1470.0,673312.0
2022-09-03,2.33,3.5,296.341,1173.53654,2.07,3.1,2.7,58.6,1470.0,673312.0
2022-09-04,2.33,3.5,296.341,1173.53654,2.07,3.1,2.7,58.6,1470.0,673312.0
2022-09-05,2.33,3.5,296.341,1173.53654,2.07,3.1,2.7,58.6,1470.0,673312.0
2022-09-06,2.33,3.5,296.341,1173.53654,2.07,3.1,2.7,58.6,1470.0,673312.0
2022-09-07,2.33,3.5,296.341,1173.53654,2.07,3.1,2.7,58.6,1470.0,673312.0
2022-09-08,2.33,3.5,296.341,1173.53654,2.07,3.1,2.7,58.6,1470.0,673312.0
2022-09-09,2.33,3.5,296.341,1173.53654,2.07,3.1,2.7,58.6,1470.0,673312.0
2022-09-10,2.33,3.5,296.341,1173.53654,2.07,3.1,2.7,58.6,1470.0,673312.0
2022-09-11,2.33,3.5,296.341,1173.53654,2.07,3.1,2.7,58.6,1470.0,673312.0
2022-09-12,2.33,3.5,296.341,1173.53654,2.07,3.1,2.7,58.6,1470.0,673312.0
2022-09-13,2.33,3.5,296.341,1173.53654,2.07,3.1,2.7,58.6,1470.0,673312.0
2022-09-14,2.33,3.5,296.341,1173.53654,2.07,3.1,2.7,58.6,1470.0,673312.0
2022-09-15,2.33,3.5,296.341,1173.53654,2.07,3.1,2.7,58.6,1470.0,673312.0
2022-09-16,2.33,3.5,296.341,1173.53654,2.07,3.1,2.7,58.6,1470.0,673312.0
2022-09-17,2.33,3.5,296.341,1173.53654,2.07,3.1,2.7,58.6,1470.0,673312.0
2022-09-18,2.33,3.5,296.341,1173.53654,2.07,3.1,2.7,58.6,1470.0,673312.0
2022-09-19,2.33,3.5,296.341,1173.53654,2.07,3.1,2.7,58.6,1470.0,673312.0
2022-09-20,2.33,3.5,296.341,1173.53654,2.07,3.1,2.7,58.6,1470.0,673312.0
2022-09-21,2.33,3.5,296.341,1173.53654,2.07,3.1,2.7,58.6,1470.0,673312.0
2022-09-22,3.08,3.5,296.341,1173.53654,2.07,3.1,2.7,58.6,1470.0,673312.0
2022-09-23,3.08,3.5,296.341,1173.53654,2.07,3.1,2.7,58.6,1470.0,673312.0
2022-09-24,3.08,3.5,296.341,1173.53654,2.07,3.1,2.7,58.6,1470.0,673312.0
2022-09-25,3.08,3.5,296.341,1173.53654,2.07,3.1,2.7,58.6,1470.0,673312.0
2022-09-26,3.08,3.5,296.341,1173.53654,2.07,3.1,2.7,58.6,1470.0,673312.0
2022-09-27,3.08,3.5,296.341,1173.53654,2.07,3.1,2.7,58.6,1470.0,673312.0
2022-09-28,3.08,3.5,296.341,1173.53654,2.07,3.1,2.7,58.6,1470.0,673312.0
2022-09-29,3.08,3.5,296.341,1173.53654,2.07,3.1,2.7,58.6,1470.0,673312.0
2022-09-30,3.08,3.5,296.341,1173.53654,2.07,3.1,2.7,58.6,1470.0,673312.0
2022-10-01,3.08,3.6,297.863,1186.44544,2.26,3.2,3.4,59.9,1440.0,681748.0
2022-10-02,3.08,3.6,297.863,1186.44544,2.26,3.2,3.4,59.9,1440.0,681748.0
2022-10-03,3.08,3.6,297.863,1186.44544,2.26,3.2,3.4,59.9,1440.0,681748.0
2022-10-04,3.08,3.6,297.863,1186.44544,2.26,3.2,3.4,59.9,1440.0,681748.0
2022-10-05,3.08,3.6,297.863,1186.44544,2.26,3.2,3.4,59.9,1440.0,681748.0
2022-10-06,3.08,3.6,297.863,1186.44544,2.26,3.2,3.4,59.9,1440.0,681748.0
2022-10-07,3.08,3.6,297.863,1186.44544,2.26,3.2,3.4,59.9,1440.0,681748.0
2022-10-08,3.08,3.6,297.863,1186.44544,2.26,3.2,3.4,59.9,1440.0,681748.0
2022-10-09,3.08,3.6,297.863,1186.44544,2.26,3.2,3.4,59.9,1440.0,681748.0
2022-10-10,3.08,3.6,297.863,1186.44544,2.26,3.2,3.4,59.9,1440.0,681748.0
2022-10-11,3.08,3.6,297.863,1186.44544,2.26,3.2,3.4,59.9,1440.0,681748.0
2022-10-12,3.08,3.6,297.863,1186.44544,2.26,3.2,3.4,59.9,1440.0,681748.0
2022-10-13,3.08,3.6,297.863,1186.44544,2.26,3.2,3.4,59.9,1440.0,681748.0
2022-10-14,3.08,3.6,297.863,1186.44544,2.26,3.2,3.4,59.9,1440.0,681748.0
2022-10-15,3.08,3.6,297.863,1186.44544,2.26,3.2,3.4,59.9,1440.0,681748.0
2022-10-16,3.08,3.6,297.863,1186.44544,2.26,3.2,3.4,59.9,1440.0,681748.0
2022-10-17,3.08,3.6,297.863,1186.44544,2.26,3.2,3.4,59.9,1440.0,681748.0
2022-10-18,3.08,3.6,297.863,1186.44544,2.26,3.2,3.4,59.9,1440.0,681748.0
2022-10-19,3.08,3.6,297.863,1186.44544,2.26,3.2,3.4,59.9,1440.0,681748.0
2022-10-20,3.08,3.6,297.863,1186.44544,2.26,3.2,3.4,59.9,1440.0,681748.0
2022-10-21,3.08,3.6,297.863,1186.44544,2.26,3.2,3.4,59.9,1440.0,681748.0
2022-10-22,3.08,3.6,297.863,1186.44544,2.26,3.2,3.4,59.9,1440.0,681748.0
2022-10-23,3.08,3.6,297.863,1186.44544,2.26,3.2,3.4,59.9,1440.0,681748.0
2022-10-24,3.08,3.6,297.863,1186.44544,2.26,3.2,3.4,59.9,1440.0,681748.0
2022-10-25,3.08,3.6,297.863,1186.44544,2.26,3.2,3.4,59.9,1440.0,681748.0
2022-10-26,3.08,3.6,297.863,1186.44544,2.26,3.2,3.4,59.9,1440.0,681748.0
2022-10-27,3.08,3.6,297.863,1186.44544,2.26,3.2,3.4,59.9,1440.0,681748.0
2022-10-28,3.08,3.6,297.863,1186.44544,2.26,3.2,3.4,59.9,1440.0,681748.0
2022-10-29,3.08,3.6,297.863,1186.44544,2.26,3.2,3.4,59.9,1440.0,681748.0
2022-10-30,3.08,3.6,297.863,1186.44544,2.26,3.2,3.4,59.9,1440.0,681748.0
2022-10-31,3.08,3.6,297.863,1186.44544,2.26,3.2,3.4,59.9,1440.0,681748.0
2022-11-01,3.08,3.6,298.648,1198.71309,2.26,3.4,3.4,56.7,1420.0,673674.0
2022-11-02,3.08,3.6,298.648,1198.71309,2.26,3.4,3.4,56.7,1420.0,673674.0
2022-11-03,3.83,3.6,298.648,1198.71309,2.26,3.4,3.4,56.7,1420.0,673674.0
2022-11-04,3.83,3.6,298.648,1198.71309,2.26,3.4,3.4,56.7,1420.0,673674.0
2022-11-05,3.83,3.6,298.648,1198.71309,2.26,3.4,3.4,56.7,1420.0,673674.0
2022-11-06,3.83,3.6,298.648,1198.71309,2.26,3.4,3.4,56.7,1420.0,673674.0
2022-11-07,3.83,3.6,298.648,1198.71309,2.26,3.4,3.4,56.7,1420.0,673674.0
2022-11-08,3.83,3.6,298.648,1198.71309,2.26,3.4,3.4,56.7,1420.0,673674.0
2022-11-09,3.83,3.6,298.648,1198.71309,2.26,3.4,3.4,56.7,1420.0,673674.0
2022-11-10,3.83,3.6,298.648,1198.71309,2.26,3.4,3.4,56.7,1420.0,673674.0
2022-11-11,3.83,3.6,298.648,1198.71309,2.26,3.4,3.4,56.7,1420.0,673674.0
2022-11-12,3.83,3.6,298.648,1198.71309,2.26,3.4,3.4,56.7,1420.0,673674.0
2022-11-13,3.83,3.6,298.648,1198.71309,2.26,3.4,3.4,56.7,1420.0,673674.0
2022-11-14,3.83,3.6,298.648,1198.71309,2.26,3.4,3.4,56.7,1420.0,673674.0
2022-11-15,3.83,3.6,298.648,1198.71309,2.26,3.4,3.4,56.7,1420.0,673674.0
2022-11-16,3.83,3.6,298.648,1198.71309,2.26,3.4,3.4,56.7,1420.0,673674.0
2022-11-17,3.83,3.6,298.648,1198.71309,2.26,3.4,3.4,56.7,1420.0,673674.0
2022-11-18,3.83,3.6,298.648,1198.71309,2.26,3.4,3.4,56.7,1420.0,673674.0
2022-11-19,3.83,3.6,298.648,1198.71309,2.26,3.4,3.4,56.7,1420.0,673674.0
2022-11-20,3.83,3.6,298.648,1198.71309,2.26,3.4,3.4,56.7,1420.0,673674.0
2022-11-21,3.83,3.6,298.648,1198.71309,2.26,3.4,3.4,56.7,1420.0,673674.0
2022-11-22,3.83,3.6,298.648,1198.71309,2.26,3.4,3.4,56.7,1420.0,673674.0
2022-11-23,3.83,3.6,298.648,1198.71309,2.26,3.4,3.4,56.7,1420.0,673674.0
2022-11-24,3.83,3.6,298.648,1198.71309,2.26,3.4,3.4,56.7,1420.0,673674.0
2022-11-25,3.83,3.6,298.648,1198.71309,2.26,3.4,3.4,56.7,1420.0,673674.0
2022-11-26,3.83,3.6,298.648,1198.71309,2.26,3.4,3.4,56.7,1420.0,673674.0
2022-11-27,3.83,3.6,298.648,1198.71309,2.26,3.4,3.4,56.7,1420.0,673674.0
2022-11-28,3.83,3.6,298.648,1198.71309,2.26,3.4,3.4,56.7,1420.0,673674.0
2022-11-29,3.83,3.6,298.648,1198.71309,2.26,3.4,3.4,56.7,1420.0,673674.0
2022-11-30,3.83,3.6,298.648,1198.71309,2.26,3.4,3.4,56.7,1420.0,673674.0
2022-12-01,3.83,3.5,298.812,1212.60016,2.26,3.7,3.4,59.8,1340.0,666734.0
2022-12-02,3.83,3.5,298.812,1212.60016,2.26,3.7,3.4,59.8,1340.0,666734.0
2022-12-03,3.83,3.5,298.812,1212.60016,2.26,3.7,3.4,59.8,1340.0,666734.0
2022-12-04,3.83,3.5,298.812,1212.60016,2.26,3.7,3.4,59.8,1340.0,666734.0
2022-12-05,3.83,3.5,298.812,1212.60016,2.26,3.7,3.4,59.8,1340.0,666734.0
2022-12-06,3.83,3.5,298.812,1212.60016,2.26,3.7,3.4,59.8,1340.0,666734.0
2022-12-07,3.83,3.5,298.812,1212.60016,2.26,3.7,3.4,59.8,1340.0,666734.0
2022-12-08,3.83,3.5,298.812,1212.60016,2.26,3.7,3.4,59.8,1340.0,666734.0
2022-12-09,3.83,3.5,298.812,1212.60016,2.26,3.7,3.4,59.8,1340.0,666734.0
2022-12-10,3.83,3.5,298.812,1212.60016,2.26,3.7,3.4,59.8,1340.0,666734.0
2022-12-11,3.83,3.5,298.812,1212.60016,2.26,3.7,3.4,59.8,1340.0,666734.0
2022-12-12,3.83,3.5,298.812,1212.60016,2.26,3.7,3.4,59.8,1340.0,666734.0
2022-12-13,3.83,3.5,298.812,1212.60016,2.26,3.7,3.4,59.8,1340.0,666734.0
2022-12-14,3.83,3.5,298.812,1212.60016,2.26,3.7,3.4,59.8,1340.0,666734.0
2022-12-15,4.33,3.5,298.812,1212.60016,2.26,3.7,3.4,59.8,1340.0,666734.0
2022-12-16,4.33,3.5,298.812,1212.60016,2.26,3.7,3.4,59.8,1340.0,666734.0
2022-12-17,4.33,3.5,298.812,1212.60016,2.26,3.7,3.4,59.8,1340.0,666734.0
2022-12-18,4.33,3.5,298.812,1212.60016,2.26,3.7,3.4,59.8,1340.0,666734.0
2022-12-19,4.33,3.5,298.812,1212.60016,2.26,3.7,3.4,59.8,1340.0,666734.0
2022-12-20,4.33,3.5,298.812,1212.60016,2.26,3.7,3.4,59.8,1340.0,666734.0
2022-12-21,4.33,3.5,298.812,1212.60016,2.26,3.7,3.4,59.8,1340.0,666734.0
2022-12-22,4.33,3.5,298.812,1212.60016,2.26,3.7,3.4,59.8,1340.0,666734.0
2022-12-23,4.33,3.5,298.812,1212.60016,2.26,3.7,3.4,59.8,1340.0,666734.0
2022-12-24,4.33,3.5,298.812,1212.60016,2.26,3.7,3.4,59.8,1340.0,666734.0
2022-12-25,4.33,3.5,298.812,1212.60016,2.26,3.7,3.4,59.8,1340.0,666734.0
2022-12-26,4.33,3.5,298.812,1212.60016,2.26,3.7,3.4,59.8,1340.0,666734.0
2022-12-27,4.33,3.5,298.812,1212.60016,2.26,3.7,3.4,59.8,1340.0,666734.0
2022-12-28,4.33,3.5,298.812,1212.60016,2.26,3.7,3.4,59.8,1340.0,666734.0
2022-12-29,4.33,3.5,298.812,1212.60016,2.26,3.7,3.4,59.8,1340.0,666734.0
2022-12-30,4.33,3.5,298.812,1212.60016,2.26,3.7,3.4,59.8,1340.0,666734.0
2022-12-31,4.33,3.5,298.812,1212.60016,2.26,3.7,3.4,59.8,1340.0,666734.0
2023-01-01,4.33,3.4,300.356,1221.12678,2.45,4.2,2.8,64.9,1361.0,693826.0
2023-01-02,4.33,3.4,300.356,1221.12678,2.45,4.2,2.8,64.9,1361.0,693826.0
2023-01-03,4.33,3.4,300.356,1221.12678,2.45,4.2,2.8,64.9,1361.0,693826.0
2023-01-04,4.33,3.4,300.356,1221.12678,2.45,4.2,2.8,64.9,1361.0,693826.0
2023-01-05,4.33,3.4,300.356,1221.12678,2.45,4.2,2.8,64.9,1361.0,693826.0
2023-01-06,4.33,3.4,300.356,1221.12678,2.45,4.2,2.8,64.9,1361.0,693826.0
2023-01-07,4.33,3.4,300.356,1221.12678,2.45,4.2,2.8,64.9,1361.0,693826.0
2023-01-08,4.33,3.4,300.356,1221.12678,2.45,4.2,2.8,64.9,1361.0,693826.0
2023-01-09,4.33,3.4,300.356,1221.12678,2.45,4.2,2.8,64.9,1361.0,693826.0
2023-01-10,4.33,3.4,300.356,1221.12678,2.45,4.2,2.8,64.9,1361.0,693826.0
2023-01-11,4.33,3.4,300.356,1221.12678,2.45,4.2,2.8,64.9,1361.0,693826.0
2023-01-12,4.33,3.4,300.356,1221.12678,2.45,4.2,2.8,64.9,1361.0,693826.0
2023-01-13,4.33,3.4,300.356,1221.12678,2.45,4.2,2.8,64.9,1361.0,693826.0
2023-01-14,4.33,3.4,300.356,1221.12678,2.45,4.2,2.8,64.9,1361.0,693826.0
2023-01-15,4.33,3.4,300.356,1221.12678,2.45,4.2,2.8,64.9,1361.0,693826.0
2023-01-16,4.33,3.4,300.356,1221.12678,2.45,4.2,2.8,64.9,1361.0,693826.0
2023-01-17,4.33,3.4,300.356,1221.12678,2.45,4.2,2.8,64.9,1361.0,693826.0
2023-01-18,4.33,3.4,300.356,1221.12678,2.45,4.2,2.8,64.9,1361.0,693826.0
2023-01-19,4.33,3.4,300.356,1221.12678,2.45,4.2,2.8,64.9,1361.0,693826.0
2023-01-20,4.33,3.4,300.356,1221.12678,2.45,4.2,2.8,64.9,1361.0,693826.0
2023-01-21,4.33,3.4,300.356,1221.12678,2.45,4.2,2.8,64.9,1361.0,693826.0
2023-01-22,4.33,3.4,300.356,1221.12678,2.45,4.2,2.8,64.9,1361.0,693826.0
2023-01-23,4.33,3.4,300.356,1221.12678,2.45,4.2,2.8,64.9,1361.0,693826.0
2023-01-24,4.33,3.4,300.356,1221.12678,2.45,4.2,2.8,64.9,1361.0,693826.0
2023-01-25,4.33,3.4,300.356,1221.12678,2.45,4.2,2.8,64.9,1361.0,693826.0
2023-01-26,4.33,3.4,300.356,1221.12678,2.45,4.2,2.8,64.9,1361.0,693826.0
2023-01-27,4.33,3.4,300.356,1221.12678,2.45,4.2,2.8,64.9,1361.0,693826.0
2023-01-28,4.33,3.4,300.356,1221.12678,2.45,4.2,2.8,64.9,1361.0,693826.0
2023-01-29,4.33,3.4,300.356,1221.12678,2.45,4.2,2.8,64.9,1361.0,693826.0
2023-01-30,4.33,3.4,300.356,1221.12678,2.45,4.2,2.8,64.9,1361.0,693826.0
2023-01-31,4.33,3.4,300.356,1221.12678,2.45,4.2,2.8,64.9,1361.0,693826.0
2023-02-01,4.33,3.6,301.509,1226.56936,2.45,4.6,2.8,66.9,1404.0,686434.0
2023-02-02,4.58,3.6,301.509,1226.56936,2.45,4.6,2.8,66.9,1404.0,686434.0
2023-02-03,4.58,3.6,301.509,1226.56936,2.45,4.6,2.8,66.9,1404.0,686434.0
2023-02-04,4.58,3.6,301.509,1226.56936,2.45,4.6,2.8,66.9,1404.0,686434.0
2023-02-05,4.58,3.6,301.509,1226.56936,2.45,4.6,2.8,66.9,1404.0,686434.0
2023-02-06,4.58,3.6,301.509,1226.56936,2.45,4.6,2.8,66.9,1404.0,686434.0
2023-02-07,4.58,3.6,301.509,1226.56936,2.45,4.6,2.8,66.9,1404.0,686434.0
2023-02-08,4.58,3.6,301.509,1226.56936,2.45,4.6,2.8,66.9,1404.0,686434.0
2023-02-09,4.57,3.6,301.509,1226.56936,2.45,4.6,2.8,66.9,1404.0,686434.0
2023-02-10,4.58,3.6,301.509,1226.56936,2.45,4.6,2.8,66.9,1404.0,686434.0
2023-02-11,4.58,3.6,301.509,1226.56936,2.45,4.6,2.8,66.9,1404.0,686434.0
2023-02-12,4.58,3.6,301.509,1226.56936,2.45,4.6,2.8,66.9,1404.0,686434.0
2023-02-13,4.58,3.6,301.509,1226.56936,2.45,4.6,2.8,66.9,1404.0,686434.0
2023-02-14,4.58,3.6,301.509,1226.56936,2.45,4.6,2.8,66.9,1404.0,686434.0
2023-02-15,4.58,3.6,301.509,1226.56936,2.45,4.6,2.8,66.9,1404.0,686434.0
2023-02-16,4.58,3.6,301.509,1226.56936,2.45,4.6,2.8,66.9,1404.0,686434.0
2023-02-17,4.58,3.6,301.509,1226.56936,2.45,4.6,2.8,66.9,1404.0,686434.0
2023-02-18,4.58,3.6,301.509,1226.56936,2.45,4.6,2.8,66.9,1404.0,686434.0
2023-02-19,4.58,3.6,301.509,1226.56936,2.45,4.6,2.8,66.9,1404.0,686434.0
2023-02-20,4.58,3.6,301.509,1226.56936,2.45,4.6,2.8,66.9,1404.0,686434.0
2023-02-21,4.58,3.6,301.509,1226.56936,2.45,4.6,2.8,66.9,1404.0,686434.0
2023-02-22,4.58,3.6,301.509,1226.56936,2.45,4.6,2.8,66.9,1404.0,686434.0
2023-02-23,4.58,3.6,301.509,1226.56936,2.45,4.6,2.8,66.9,1404.0,686434.0
2023-02-24,4.58,3.6,301.509,1226.56936,2.45,4.6,2.8,66.9,1404.0,686434.0
2023-02-25,4.58,3.6,301.509,1226.56936,2.45,4.6,2.8,66.9,1404.0,686434.0
2023-02-26,4.58,3.6,301.509,1226.56936,2.45,4.6,2.8,66.9,1404.0,686434.0
2023-02-27,4.57,3.6,301.509,1226.56936,2.45,4.6,2.8,66.9,1404.0,686434.0
2023-02-28,4.57,3.6,301.509,1226.56936,2.45,4.6,2.8,66.9,1404.0,686434.0
2023-03-01,4.58,3.5,301.744,1240.6167,2.45,5.3,2.8,62.0,1342.0,679067.0
2023-03-02,4.57,3.5,301.744,1240.6167,2.45,5.3,2.8,62.0,1342.0,679067.0
2023-03-03,4.57,3.5,301.744,1240.6167,2.45,5.3,2.8,62.0,1342.0,679067.0
2023-03-04,4.57,3.5,301.744,1240.6167,2.45,5.3,2.8,62.0,1342.0,679067.0
2023-03-05,4.57,3.5,301.744,1240.6167,2.45,5.3,2.8,62.0,1342.0,679067.0
2023-03-06,4.57,3.5,301.744,1240.6167,2.45,5.3,2.8,62.0,1342.0,679067.0
2023-03-07,4.57,3.5,301.744,1240.6167,2.45,5.3,2.8,62.0,1342.0,679067.0
2023-03-08,4.57,3.5,301.744,1240.6167,2.45,5.3,2.8,62.0,1342.0,679067.0
2023-03-09,4.57,3.5,301.744,1240.6167,2.45,5.3,2.8,62.0,1342.0,679067.0
2023-03-10,4.57,3.5,301.744,1240.6167,2.45,5.3,2.8,62.0,1342.0,679067.0
2023-03-11,4.57,3.5,301.744,1240.6167,2.45,5.3,2.8,62.0,1342.0,679067.0
2023-03-12,4.57,3.5,301.744,1240.6167,2.45,5.3,2.8,62.0,1342.0,679067.0
2023-03-13,4.58,3.5,301.744,1240.6167,2.45,5.3,2.8,62.0,1342.0,679067.0
2023-03-14,4.58,3.5,301.744,1240.6167,2.45,5.3,2.8,62.0,1342.0,679067.0
2023-03-15,4.58,3.5,301.744,1240.6167,2.45,5.3,2.8,62.0,1342.0,679067.0
2023-03-16,4.58,3.5,301.744,1240.6167,2.45,5.3,2.8,62.0,1342.0,679067.0
2023-03-17,4.58,3.5,301.744,1240.6167,2.45,5.3,2.8,62.0,1342.0,679067.0
2023-03-18,4.58,3.5,301.744,1240.6167,2.45,5.3,2.8,62.0,1342.0,679067.0
2023-03-19,4.58,3.5,301.744,1240.6167,2.45,5.3,2.8,62.0,1342.0,679067.0
2023-03-20,4.58,3.5,301.744,1240.6167,2.45,5.3,2.8,62.0,1342.0,679067.0
2023-03-21,4.58,3.5,301.744,1240.6167,2.45,5.3,2.8,62.0,1342.0,679067.0
2023-03-22,4.58,3.5,301.744,1240.6167,2.45,5.3,2.8,62.0,1342.0,679067.0
2023-03-23,4.83,3.5,301.744,1240.6167,2.45,5.3,2.8,62.0,1342.0,679067.0
2023-03-24,4.83,3.5,301.744,1240.6167,2.45,5.3,2.8,62.0,1342.0,679067.0
2023-03-25,4.83,3.5,301.744,1240.6167,2.45,5.3,2.8,62.0,1342.0,679067.0
2023-03-26,4.83,3.5,301.744,1240.6167,2.45,5.3,2.8,62.0,1342.0,679067.0
2023-03-27,4.83,3.5,301.744,1240.6167,2.45,5.3,2.8,62.0,1342.0,679067.0
2023-03-28,4.83,3.5,301.744,1240.6167,2.45,5.3,2.8,62.0,1342.0,679067.0
2023-03-29,4.83,3.5,301.744,1240.6167,2.45,5.3,2.8,62.0,1342.0,679067.0
2023-03-30,4.83,3.5,301.744,1240.6167,2.45,5.3,2.8,62.0,1342.0,679067.0
2023-03-31,4.83,3.5,301.744,1240.6167,2.45,5.3,2.8,62.0,1342.0,679067.0
2023-04-01,4.83,3.4,303.032,1252.10036,2.76,5.0,2.4,63.7,1368.0,683698.0
2023-04-02,4.83,3.4,303.032,1252.10036,2.76,5.0,2.4,63.7,1368.0,683698.0
2023-04-03,4.83,3.4,303.032,1252.10036,2.76,5.0,2.4,63.7,1368.0,683698.0
2023-04-04,4.83,3.4,303.032,1252.10036,2.76,5.0,2.4,63.7,1368.0,683698.0
2023-04-05,4.83,3.4,303.032,1252.10036,2.76,5.0,2.4,63.7,1368.0,683698.0
2023-04-06,4.83,3.4,303.032,1252.10036,2.76,5.0,2.4,63.7,1368.0,683698.0
2023-04-07,4.83,3.4,303.032,1252.10036,2.76,5.0,2.4,63.7,1368.0,683698.0
2023-04-08,4.83,3.4,303.032,1252.10036,2.76,5.0,2.4,63.7,1368.0,683698.0
2023-04-09,4.83,3.4,303.032,1252.10036,2.76,5.0,2.4,63.7,1368.0,683698.0
2023-04-10,4.83,3.4,303.032,1252.10036,2.76,5.0,2.4,63.7,1368.0,683698.0
2023-04-11,4.83,3.4,303.032,1252.10036,2.76,5.0,2.4,63.7,1368.0,683698.0
2023-04-12,4.83,3.4,303.032,1252.10036,2.76,5.0,2.4,63.7,1368.0,683698.0
2023-04-13,4.83,3.4,303.032,1252.10036,2.76,5.0,2.4,63.7,1368.0,683698.0
2023-04-14,4.83,3.4,303.032,1252.10036,2.76,5.0,2.4,63.7,1368.0,683698.0
2023-04-15,4.83,3.4,303.032,1252.10036,2.76,5.0,2.4,63.7,1368.0,683698.0
2023-04-16,4.83,3.4,303.032,1252.10036,2.76,5.0,2.4,63.7,1368.0,683698.0
2023-04-17,4.83,3.4,303.032,1252.10036,2.76,5.0,2.4,63.7,1368.0,683698.0
2023-04-18,4.83,3.4,303.032,1252.10036,2.76,5.0,2.4,63.7,1368.0,683698.0
2023-04-19,4.83,3.4,303.032,1252.10036,2.76,5.0,2.4,63.7,1368.0,683698.0
2023-04-20,4.83,3.4,303.032,1252.10036,2.76,5.0,2.4,63.7,1368.0,683698.0
2023-04-21,4.83,3.4,303.032,1252.10036,2.76,5.0,2.4,63.7,1368.0,683698.0
2023-04-22,4.83,3.4,303.032,1252.10036,2.76,5.0,2.4,63.7,1368.0,683698.0
2023-04-23,4.83,3.4,303.032,1252.10036,2.76,5.0,2.4,63.7,1368.0,683698.0
2023-04-24,4.83,3.4,303.032,1252.10036,2.76,5.0,2.4,63.7,1368.0,683698.0
2023-04-25,4.83,3.4,303.032,1252.10036,2.76,5.0,2.4,63.7,1368.0,683698.0
2023-04-26,4.83,3.4,303.032,1252.10036,2.76,5.0,2.4,63.7,1368.0,683698.0
2023-04-27,4.83,3.4,303.032,1252.10036,2.76,5.0,2.4,63.7,1368.0,683698.0
2023-04-28,4.83,3.4,303.032,1252.10036,2.76,5.0,2.4,63.7,1368.0,683698.0
2023-04-29,4.83,3.4,303.032,1252.10036,2.76,5.0,2.4,63.7,1368.0,683698.0
2023-04-30,4.83,3.4,303.032,1252.10036,2.76,5.0,2.4,63.7,1368.0,683698.0
2023-05-01,4.83,3.7,303.365,1260.01883,2.76,5.2,2.4,59.0,1583.0,686672.0
2023-05-02,4.83,3.7,303.365,1260.01883,2.76,5.2,2.4,59.0,1583.0,686672.0
2023-05-03,4.83,3.7,303.365,1260.01883,2.76,5.2,2.4,59.0,1583.0,686672.0
2023-05-04,5.08,3.7,303.365,1260.01883,2.76,5.2,2.4,59.0,1583.0,686672.0
2023-05-05,5.08,3.7,303.365,1260.01883,2.76,5.2,2.4,59.0,1583.0,686672.0
2023-05-06,5.08,3.7,303.365,1260.01883,2.76,5.2,2.4,59.0,1583.0,686672.0
2023-05-07,5.08,3.7,303.365,1260.01883,2.76,5.2,2.4,59.0,1583.0,686672.0
2023-05-08,5.08,3.7,303.365,1260.01883,2.76,5.2,2.4,59.0,1583.0,686672.0
2023-05-09,5.08,3.7,303.365,1260.01883,2.76,5.2,2.4,59.0,1583.0,686672.0
2023-05-10,5.08,3.7,303.365,1260.01883,2.76,5.2,2.4,59.0,1583.0,686672.0
2023-05-11,5.08,3.7,303.365,1260.01883,2.76,5.2,2.4,59.0,1583.0,686672.0
2023-05-12,5.08,3.7,303.365,1260.01883,2.76,5.2,2.4,59.0,1583.0,686672.0
2023-05-13,5.08,3.7,303.365,1260.01883,2.76,5.2,2.4,59.0,1583.0,686672.0
2023-05-14,5.08,3.7,303.365,1260.01883,2.76,5.2,2.4,59.0,1583.0,686672.0
2023-05-15,5.08,3.7,303.365,1260.01883,2.76,5.2,2.4,59.0,1583.0,686672.0
2023-05-16,5.08,3.7,303.365,1260.01883,2.76,5.2,2.4,59.0,1583.0,686672.0
2023-05-17,5.08,3.7,303.365,1260.01883,2.76,5.2,2.4,59.0,1583.0,686672.0
2023-05-18,5.08,3.7,303.365,1260.01883,2.76,5.2,2.4,59.0,1583.0,686672.0
2023-05-19,5.08,3.7,303.365,1260.01883,2.76,5.2,2.4,59.0,1583.0,686672.0
2023-05-20,5.08,3.7,303.365,1260.01883,2.76,5.2,2.4,59.0,1583.0,686672.0
2023-05-21,5.08,3.7,303.365,1260.01883,2.76,5.2,2.4,59.0,1583.0,686672.0
2023-05-22,5.08,3.7,303.365,1260.01883,2.76,5.2,2.4,59.0,1583.0,686672.0
2023-05-23,5.08,3.7,303.365,1260.01883,2.76,5.2,2.4,59.0,1583.0,686672.0
2023-05-24,5.08,3.7,303.365,1260.01883,2.76,5.2,2.4,59.0,1583.0,686672.0
2023-05-25,5.08,3.7,303.365,1260.01883,2.76,5.2,2.4,59.0,1583.0,686672.0
2023-05-26,5.08,3.7,303.365,1260.01883,2.76,5.2,2.4,59.0,1583.0,686672.0
2023-05-27,5.08,3.7,303.365,1260.01883,2.76,5.2,2.4,59.0,1583.0,686672.0
2023-05-28,5.08,3.7,303.365,1260.01883,2.76,5.2,2.4,59.0,1583.0,686672.0
2023-05-29,5.08,3.7,303.365,1260.01883,2.76,5.2,2.4,59.0,1583.0,686672.0
2023-05-30,5.08,3.7,303.365,1260.01883,2.76,5.2,2.4,59.0,1583.0,686672.0
2023-05-31,5.08,3.7,303.365,1260.01883,2.76,5.2,2.4,59.0,1583.0,686672.0
2023-06-01,5.08,3.6,304.003,1266.32676,2.76,5.0,2.4,64.2,1415.0,688810.0
2023-06-02,5.08,3.6,304.003,1266.32676,2.76,5.0,2.4,64.2,1415.0,688810.0
2023-06-03,5.08,3.6,304.003,1266.32676,2.76,5.0,2.4,64.2,1415.0,688810.0
2023-06-04,5.08,3.6,304.003,1266.32676,2.76,5.0,2.4,64.2,1415.0,688810.0
2023-06-05,5.08,3.6,304.003,1266.32676,2.76,5.0,2.4,64.2,1415.0,688810.0
2023-06-06,5.08,3.6,304.003,1266.32676,2.76,5.0,2.4,64.2,1415.0,688810.0
2023-06-07,5.08,3.6,304.003,1266.32676,2.76,5.0,2.4,64.2,1415.0,688810.0
2023-06-08,5.08,3.6,304.003,1266.32676,2.76,5.0,2.4,64.2,1415.0,688810.0
2023-06-09,5.08,3.6,304.003,1266.32676,2.76,5.0,2.4,64.2,1415.0,688810.0
2023-06-10,5.08,3.6,304.003,1266.32676,2.76,5.0,2.4,64.2,1415.0,688810.0
2023-06-11,5.08,3.6,304.003,1266.32676,2.76,5.0,2.4,64.2,1415.0,688810.0
2023-06-12,5.08,3.6,304.003,1266.32676,2.76,5.0,2.4,64.2,1415.0,688810.0
2023-06-13,5.08,3.6,304.003,1266.32676,2.76,5.0,2.4,64.2,1415.0,688810.0
2023-06-14,5.08,3.6,304.003,1266.32676,2.76,5.0,2.4,64.2,1415.0,688810.0
2023-06-15,5.07,3.6,304.003,1266.32676,2.76,5.0,2.4,64.2,1415.0,688810.0
2023-06-16,5.08,3.6,304.003,1266.32676,2.76,5.0,2.4,64.2,1415.0,688810.0
2023-06-17,5.08,3.6,304.003,1266.32676,2.76,5.0,2.4,64.2,1415.0,688810.0
2023-06-18,5.08,3.6,304.003,1266.32676,2.76,5.0,2.4,64.2,1415.0,688810.0
2023-06-19,5.08,3.6,304.003,1266.32676,2.76,5.0,2.4,64.2,1415.0,688810.0
2023-06-20,5.07,3.6,304.003,1266.32676,2.76,5.0,2.4,64.2,1415.0,688810.0
2023-06-21,5.07,3.6,304.003,1266.32676,2.76,5.0,2.4,64.2,1415.0,688810.0
2023-06-22,5.07,3.6,304.003,1266.32676,2.76,5.0,2.4,64.2,1415.0,688810.0
2023-06-23,5.07,3.6,304.003,1266.32676,2.76,5.0,2.4,64.2,1415.0,688810.0
2023-06-24,5.07,3.6,304.003,1266.32676,2.76,5.0,2.4,64.2,1415.0,688810.0
2023-06-25,5.07,3.6,304.003,1266.32676,2.76,5.0,2.4,64.2,1415.0,688810.0
2023-06-26,5.07,3.6,304.003,1266.32676,2.76,5.0,2.4,64.2,1415.0,688810.0
2023-06-27,5.07,3.6,304.003,1266.32676,2.76,5.0,2.4,64.2,1415.0,688810.0
2023-06-28,5.07,3.6,304.003,1266.32676,2.76,5.0,2.4,64.2,1415.0,688810.0
2023-06-29,5.07,3.6,304.003,1266.32676,2.76,5.0,2.4,64.2,1415.0,688810.0
2023-06-30,5.08,3.6,304.003,1266.32676,2.76,5.0,2.4,64.2,1415.0,688810.0
2023-07-01,5.08,3.5,304.628,1276.25653,2.97,4.6,4.4,71.5,1473.0,690641.0
2023-07-02,5.08,3.5,304.628,1276.25653,2.97,4.6,4.4,71.5,1473.0,690641.0
2023-07-03,5.08,3.5,304.628,1276.25653,2.97,4.6,4.4,71.5,1473.0,690641.0
2023-07-04,5.08,3.5,304.628,1276.25653,2.97,4.6,4.4,71.5,1473.0,690641.0
2023-07-05,5.08,3.5,304.628,1276.25653,2.97,4.6,4.4,71.5,1473.0,690641.0
2023-07-06,5.08,3.5,304.628,1276.25653,2.97,4.6,4.4,71.5,1473.0,690641.0
2023-07-07,5.08,3.5,304.628,1276.25653,2.97,4.6,4.4,71.5,1473.0,690641.0
2023-07-08,5.08,3.5,304.628,1276.25653,2.97,4.6,4.4,71.5,1473.0,690641.0
2023-07-09,5.08,3.5,304.628,1276.25653,2.97,4.6,4.4,71.5,1473.0,690641.0
2023-07-10,5.07,3.5,304.628,1276.25653,2.97,4.6,4.4,71.5,1473.0,690641.0
2023-07-11,5.08,3.5,304.628,1276.25653,2.97,4.6,4.4,71.5,1473.0,690641.0
2023-07-12,5.08,3.5,304.628,1276.25653,2.97,4.6,4.4,71.5,1473.0,690641.0
2023-07-13,5.08,3.5,304.628,1276.25653,2.97,4.6,4.4,71.5,1473.0,690641.0
2023-07-14,5.08,3.5,304.628,1276.25653,2.97,4.6,4.4,71.5,1473.0,690641.0
2023-07-15,5.08,3.5,304.628,1276.25653,2.97,4.6,4.4,71.5,1473.0,690641.0
2023-07-16,5.08,3.5,304.628,1276.25653,2.97,4.6,4.4,71.5,1473.0,690641.0
2023-07-17,5.08,3.5,304.628,1276.25653,2.97,4.6,4.4,71.5,1473.0,690641.0
2023-07-18,5.08,3.5,304.628,1276.25653,2.97,4.6,4.4,71.5,1473.0,690641.0
2023-07-19,5.08,3.5,304.628,1276.25653,2.97,4.6,4.4,71.5,1473.0,690641.0
2023-07-20,5.08,3.5,304.628,1276.25653,2.97,4.6,4.4,71.5,1473.0,690641.0
2023-07-21,5.08,3.5,304.628,1276.25653,2.97,4.6,4.4,71.5,1473.0,690641.0
2023-07-22,5.08,3.5,304.628,1276.25653,2.97,4.6,4.4,71.5,1473.0,690641.0
2023-07-23,5.08,3.5,304.628,1276.25653,2.97,4.6,4.4,71.5,1473.0,690641.0
2023-07-24,5.08,3.5,304.628,1276.25653,2.97,4.6,4.4,71.5,1473.0,690641.0
2023-07-25,5.08,3.5,304.628,1276.25653,2.97,4.6,4.4,71.5,1473.0,690641.0
2023-07-26,5.08,3.5,304.628,1276.25653,2.97,4.6,4.4,71.5,1473.0,690641.0
2023-07-27,5.33,3.5,304.628,1276.25653,2.97,4.6,4.4,71.5,1473.0,690641.0
2023-07-28,5.33,3.5,304.628,1276.25653,2.97,4.6,4.4,71.5,1473.0,690641.0
2023-07-29,5.33,3.5,304.628,1276.25653,2.97,4.6,4.4,71.5,1473.0,690641.0
2023-07-30,5.33,3.5,304.628,1276.25653,2.97,4.6,4.4,71.5,1473.0,690641.0
2023-07-31,5.33,3.5,304.628,1276.25653,2.97,4.6,4.4,71.5,1473.0,690641.0
2023-08-01,5.33,3.8,306.187,1287.78476,2.97,4.7,4.4,69.4,1305.0,696238.0
2023-08-02,5.33,3.8,306.187,1287.78476,2.97,4.7,4.4,69.4,1305.0,696238.0
2023-08-03,5.33,3.8,306.187,1287.78476,2.97,4.7,4.4,69.4,1305.0,696238.0
2023-08-04,5.33,3.8,306.187,1287.78476,2.97,4.7,4.4,69.4,1305.0,696238.0
2023-08-05,5.33,3.8,306.187,1287.78476,2.97,4.7,4.4,69.4,1305.0,696238.0
2023-08-06,5.33,3.8,306.187,1287.78476,2.97,4.7,4.4,69.4,1305.0,696238.0
2023-08-07,5.33,3.8,306.187,1287.78476,2.97,4.7,4.4,69.4,1305.0,696238.0
2023-08-08,5.33,3.8,306.187,1287.78476,2.97,4.7,4.4,69.4,1305.0,696238.0
2023-08-09,5.33,3.8,306.187,1287.78476,2.97,4.7,4.4,69.4,1305.0,696238.0
2023-08-10,5.33,3.8,306.187,1287.78476,2.97,4.7,4.4,69.4,1305.0,696238.0
2023-08-11,5.33,3.8,306.187,1287.78476,2.97,4.7,4.4,69.4,1305.0,696238.0
2023-08-12,5.33,3.8,306.187,1287.78476,2.97,4.7,4.4,69.4,1305.0,696238.0
2023-08-13,5.33,3.8,306.187,1287.78476,2.97,4.7,4.4,69.4,1305.0,696238.0
2023-08-14,5.33,3.8,306.187,1287.78476,2.97,4.7,4.4,69.4,1305.0,696238.0
2023-08-15,5.33,3.8,306.187,1287.78476,2.97,4.7,4.4,69.4,1305.0,696238.0
2023-08-16,5.33,3.8,306.187,1287.78476,2.97,4.7,4.4,69.4,1305.0,696238.0
2023-08-17,5.33,3.8,306.187,1287.78476,2.97,4.7,4.4,69.4,1305.0,696238.0
2023-08-18,5.33,3.8,306.187,1287.78476,2.97,4.7,4.4,69.4,1305.0,696238.0
2023-08-19,5.33,3.8,306.187,1287.78476,2.97,4.7,4.4,69.4,1305.0,696238.0
2023-08-20,5.33,3.8,306.187,1287.78476,2.97,4.7,4.4,69.4,1305.0,696238.0
2023-08-21,5.33,3.8,306.187,1287.78476,2.97,4.7,4.4,69.4,1305.0,696238.0
2023-08-22,5.33,3.8,306.187,1287.78476,2.97,4.7,4.4,69.4,1305.0,696238.0
2023-08-23,5.33,3.8,306.187,1287.78476,2.97,4.7,4.4,69.4,1305.0,696238.0
2023-08-24,5.33,3.8,306.187,1287.78476,2.97,4.7,4.4,69.4,1305.0,696238.0
2023-08-25,5.33,3.8,306.187,1287.78476,2.97,4.7,4.4,69.4,1305.0,696238.0
2023-08-26,5.33,3.8,306.187,1287.78476,2.97,4.7,4.4,69.4,1305.0,696238.0
2023-08-27,5.33,3.8,306.187,1287.78476,2.97,4.7,4.4,69.4,1305.0,696238.0
2023-08-28,5.33,3.8,306.187,1287.78476,2.97,4.7,4.4,69.4,1305.0,696238.0
2023-08-29,5.33,3.8,306.187,1287.78476,2.97,4.7,4.4,69.4,1305.0,696238.0
2023-08-30,5.33,3.8,306.187,1287.78476,2.97,4.7,4.4,69.4,1305.0,696238.0
2023-08-31,5.33,3.8,306.187,1287.78476,2.97,4.7,4.4,69.4,1305.0,696238.0
2023-09-01,5.33,3.8,307.288,1294.54164,2.97,4.4,4.4,67.8,1363.0,702109.0
2023-09-02,5.33,3.8,307.288,1294.54164,2.97,4.4,4.4,67.8,1363.0,702109.0
2023-09-03,5.33,3.8,307.288,1294.54164,2.97,4.4,4.4,67.8,1363.0,702109.0
2023-09-04,5.33,3.8,307.288,1294.54164,2.97,4.4,4.4,67.8,1363.0,702109.0
2023-09-05,5.33,3.8,307.288,1294.54164,2.97,4.4,4.4,67.8,1363.0,702109.0
2023-09-06,5.33,3.8,307.288,1294.54164,2.97,4.4,4.4,67.8,1363.0,702109.0
2023-09-07,5.33,3.8,307.288,1294.54164,2.97,4.4,4.4,67.8,1363.0,702109.0
2023-09-08,5.33,3.8,307.288,1294.54164,2.97,4.4,4.4,67.8,1363.0,702109.0
2023-09-09,5.33,3.8,307.288,1294.54164,2.97,4.4,4.4,67.8,1363.0,702109.0
2023-09-10,5.33,3.8,307.288,1294.54164,2.97,4.4,4.4,67.8,1363.0,702109.0
2023-09-11,5.33,3.8,307.288,1294.54164,2.97,4.4,4.4,67.8,1363.0,702109.0
2023-09-12,5.33,3.8,307.288,1294.54164,2.97,4.4,4.4,67.8,1363.0,702109.0
2023-09-13,5.33,3.8,307.288,1294.54164,2.97,4.4,4.4,67.8,1363.0,702109.0
2023-09-14,5.33,3.8,307.288,1294.54164,2.97,4.4,4.4,67.8,1363.0,702109.0
2023-09-15,5.33,3.8,307.288,1294.54164,2.97,4.4,4.4,67.8,1363.0,702109.0
2023-09-16,5.33,3.8,307.288,1294.54164,2.97,4.4,4.4,67.8,1363.0,702109.0
2023-09-17,5.33,3.8,307.288,1294.54164,2.97,4.4,4.4,67.8,1363.0,702109.0
2023-09-18,5.33,3.8,307.288,1294.54164,2.97,4.4,4.4,67.8,1363.0,702109.0
2023-09-19,5.33,3.8,307.288,1294.54164,2.97,4.4,4.4,67.8,1363.0,702109.0
2023-09-20,5.33,3.8,307.288,1294.54164,2.97,4.4,4.4,67.8,1363.0,702109.0
2023-09-21,5.33,3.8,307.288,1294.54164,2.97,4.4,4.4,67.8,1363.0,702109.0
2023-09-22,5.33,3.8,307.288,1294.54164,2.97,4.4,4.4,67.8,1363.0,702109.0
2023-09-23,5.33,3.8,307.288,1294.54164,2.97,4.4,4.4,67.8,1363.0,702109.0
2023-09-24,5.33,3.8,307.288,1294.54164,2.97,4.4,4.4,67.8,1363.0,702109.0
2023-09-25,5.33,3.8,307.288,1294.54164,2.97,4.4,4.4,67.8,1363.0,702109.0
2023-09-26,5.33,3.8,307.288,1294.54164,2.97,4.4,4.4,67.8,1363.0,702109.0
2023-09-27,5.33,3.8,307.288,1294.54164,2.97,4.4,4.4,67.8,1363.0,702109.0
2023-09-28,5.33,3.8,307.288,1294.54164,2.97,4.4,4.4,67.8,1363.0,702109.0
2023-09-29,5.33,3.8,307.288,1294.54164,2.97,4.4,4.4,67.8,1363.0,702109.0
2023-09-30,5.33,3.8,307.288,1294.54164,2.97,4.4,4.4,67.8,1363.0,702109.0
2023-10-01,5.33,3.8,307.531,1299.01321,3.09,4.5,3.2,63.8,1365.0,698956.0
2023-10-02,5.33,3.8,307.531,1299.01321,3.09,4.5,3.2,63.8,1365.0,698956.0
2023-10-03,5.33,3.8,307.531,1299.01321,3.09,4.5,3.2,63.8,1365.0,698956.0
2023-10-04,5.33,3.8,307.531,1299.01321,3.09,4.5,3.2,63.8,1365.0,698956.0
2023-10-05,5.33,3.8,307.531,1299.01321,3.09,4.5,3.2,63.8,1365.0,698956.0
2023-10-06,5.33,3.8,307.531,1299.01321,3.09,4.5,3.2,63.8,1365.0,698956.0
2023-10-07,5.33,3.8,307.531,1299.01321,3.09,4.5,3.2,63.8,1365.0,698956.0
2023-10-08,5.33,3.8,307.531,1299.01321,3.09,4.5,3.2,63.8,1365.0,698956.0
2023-10-09,5.33,3.8,307.531,1299.01321,3.09,4.5,3.2,63.8,1365.0,698956.0
2023-10-10,5.33,3.8,307.531,1299.01321,3.09,4.5,3.2,63.8,1365.0,698956.0
2023-10-11,5.33,3.8,307.531,1299.01321,3.09,4.5,3.2,63.8,1365.0,698956.0
2023-10-12,5.33,3.8,307.531,1299.01321,3.09,4.5,3.2,63.8,1365.0,698956.0
2023-10-13,5.33,3.8,307.531,1299.01321,3.09,4.5,3.2,63.8,1365.0,698956.0
2023-10-14,5.33,3.8,307.531,1299.01321,3.09,4.5,3.2,63.8,1365.0,698956.0
2023-10-15,5.33,3.8,307.531,1299.01321,3.09,4.5,3.2,63.8,1365.0,698956.0
2023-10-16,5.33,3.8,307.531,1299.01321,3.09,4.5,3.2,63.8,1365.0,698956.0
2023-10-17,5.33,3.8,307.531,1299.01321,3.09,4.5,3.2,63.8,1365.0,698956.0
2023-10-18,5.33,3.8,307.531,1299.01321,3.09,4.5,3.2,63.8,1365.0,698956.0
2023-10-19,5.33,3.8,307.531,1299.01321,3.09,4.5,3.2,63.8,1365.0,698956.0
2023-10-20,5.33,3.8,307.531,1299.01321,3.09,4.5,3.2,63.8,1365.0,698956.0
2023-10-21,5.33,3.8,307.531,1299.01321,3.09,4.5,3.2,63.8,1365.0,698956.0
2023-10-22,5.33,3.8,307.531,1299.01321,3.09,4.5,3.2,63.8,1365.0,698956.0
2023-10-23,5.33,3.8,307.531,1299.01321,3.09,4.5,3.2,63.8,1365.0,698956.0
2023-10-24,5.33,3.8,307.531,1299.01321,3.09,4.5,3.2,63.8,1365.0,698956.0
2023-10-25,5.33,3.8,307.531,1299.01321,3.09,4.5,3.2,63.8,1365.0,698956.0
2023-10-26,5.33,3.8,307.531,1299.01321,3.09,4.5,3.2,63.8,1365.0,698956.0
2023-10-27,5.33,3.8,307.531,1299.01321,3.09,4.5,3.2,63.8,1365.0,698956.0
2023-10-28,5.33,3.8,307.531,1299.01321,3.09,4.5,3.2,63.8,1365.0,698956.0
2023-10-29,5.33,3.8,307.531,1299.01321,3.09,4.5,3.2,63.8,1365.0,698956.0
2023-10-30,5.33,3.8,307.531,1299.01321,3.09,4.5,3.2,63.8,1365.0,698956.0
2023-10-31,5.33,3.8,307.531,1299.01321,3.09,4.5,3.2,63.8,1365.0,698956.0
2023-11-01,5.33,3.7,308.024,1312.48998,3.09,4.6,3.2,61.3,1510.0,700707.0
2023-11-02,5.33,3.7,308.024,1312.48998,3.09,4.6,3.2,61.3,1510.0,700707.0
2023-11-03,5.33,3.7,308.024,1312.48998,3.09,4.6,3.2,61.3,1510.0,700707.0
2023-11-04,5.33,3.7,308.024,1312.48998,3.09,4.6,3.2,61.3,1510.0,700707.0
2023-11-05,5.33,3.7,308.024,1312.48998,3.09,4.6,3.2,61.3,1510.0,700707.0
2023-11-06,5.33,3.7,308.024,1312.48998,3.09,4.6,3.2,61.3,1510.0,700707.0
2023-11-07,5.33,3.7,308.024,1312.48998,3.09,4.6,3.2,61.3,1510.0,700707.0
2023-11-08,5.33,3.7,308.024,1312.48998,3.09,4.6,3.2,61.3,1510.0,700707.0
2023-11-09,5.33,3.7,308.024,1312.48998,3.09,4.6,3.2,61.3,1510.0,700707.0
2023-11-10,5.33,3.7,308.024,1312.48998,3.09,4.6,3.2,61.3,1510.0,700707.0
2023-11-11,5.33,3.7,308.024,1312.48998,3.09,4.6,3.2,61.3,1510.0,700707.0
2023-11-12,5.33,3.7,308.024,1312.48998,3.09,4.6,3.2,61.3,1510.0,700707.0
2023-11-13,5.33,3.7,308.024,1312.48998,3.09,4.6,3.2,61.3,1510.0,700707.0
2023-11-14,5.33,3.7,308.024,1312.48998,3.09,4.6,3.2,61.3,1510.0,700707.0
2023-11-15,5.33,3.7,308.024,1312.48998,3.09,4.6,3.2,61.3,1510.0,700707.0
2023-11-16,5.33,3.7,308.024,1312.48998,3.09,4.6,3.2,61.3,1510.0,700707.0
2023-11-17,5.33,3.7,308.024,1312.48998,3.09,4.6,3.2,61.3,1510.0,700707.0
2023-11-18,5.33,3.7,308.024,1312.48998,3.09,4.6,3.2,61.3,1510.0,700707.0
2023-11-19,5.33,3.7,308.024,1312.48998,3.09,4.6,3.2,61.3,1510.0,700707.0
2023-11-20,5.33,3.7,308.024,1312.48998,3.09,4.6,3.2,61.3,1510.0,700707.0
2023-11-21,5.33,3.7,308.024,1312.48998,3.09,4.6,3.2,61.3,1510.0,700707.0
2023-11-22,5.33,3.7,308.024,1312.48998,3.09,4.6,3.2,61.3,1510.0,700707.0
2023-11-23,5.33,3.7,308.024,1312.48998,3.09,4.6,3.2,61.3,1510.0,700707.0
2023-11-24,5.33,3.7,308.024,1312.48998,3.09,4.6,3.2,61.3,1510.0,700707.0
2023-11-25,5.33,3.7,308.024,1312.48998,3.09,4.6,3.2,61.3,1510.0,700707.0
2023-11-26,5.33,3.7,308.024,1312.48998,3.09,4.6,3.2,61.3,1510.0,700707.0
2023-11-27,5.33,3.7,308.024,1312.48998,3.09,4.6,3.2,61.3,1510.0,700707.0
2023-11-28,5.33,3.7,308.024,1312.48998,3.09,4.6,3.2,61.3,1510.0,700707.0
2023-11-29,5.33,3.7,308.024,1312.48998,3.09,4.6,3.2,61.3,1510.0,700707.0
2023-11-30,5.33,3.7,308.024,1312.48998,3.09,4.6,3.2,61.3,1510.0,700707.0
2023-12-01,5.33,3.7,308.742,1318.8136,3.09,4.4,3.2,69.7,1568.0,703256.0
2023-12-02,5.33,3.7,308.742,1318.8136,3.09,4.4,3.2,69.7,1568.0,703256.0
2023-12-03,5.33,3.7,308.742,1318.8136,3.09,4.4,3.2,69.7,1568.0,703256.0
2023-12-04,5.33,3.7,308.742,1318.8136,3.09,4.4,3.2,69.7,1568.0,703256.0
2023-12-05,5.33,3.7,308.742,1318.8136,3.09,4.4,3.2,69.7,1568.0,703256.0
2023-12-06,5.33,3.7,308.742,1318.8136,3.09,4.4,3.2,69.7,1568.0,703256.0
2023-12-07,5.33,3.7,308.742,1318.8136,3.09,4.4,3.2,69.7,1568.0,703256.0
2023-12-08,5.33,3.7,308.742,1318.8136,3.09,4.4,3.2,69.7,1568.0,703256.0
2023-12-09,5.33,3.7,308.742,1318.8136,3.09,4.4,3.2,69.7,1568.0,703256.0
2023-12-10,5.33,3.7,308.742,1318.8136,3.09,4.4,3.2,69.7,1568.0,703256.0
2023-12-11,5.33,3.7,308.742,1318.8136,3.09,4.4,3.2,69.7,1568.0,703256.0
2023-12-12,5.33,3.7,308.742,1318.8136,3.09,4.4,3.2,69.7,1568.0,703256.0
2023-12-13,5.33,3.7,308.742,1318.8136,3.09,4.4,3.2,69.7,1568.0,703256.0
2023-12-14,5.33,3.7,308.742,1318.8136,3.09,4.4,3.2,69.7,1568.0,703256.0
2023-12-15,5.33,3.7,308.742,1318.8136,3.09,4.4,3.2,69.7,1568.0,703256.0
2023-12-16,5.33,3.7,308.742,1318.8136,3.09,4.4,3.2,69.7,1568.0,703256.0
2023-12-17,5.33,3.7,308.742,1318.8136,3.09,4.4,3.2,69.7,1568.0,703256.0
2023-12-18,5.33,3.7,308.742,1318.8136,3.09,4.4,3.2,69.7,1568.0,703256.0
2023-12-19,5.33,3.7,308.742,1318.8136,3.09,4.4,3.2,69.7,1568.0,703256.0
2023-12-20,5.33,3.7,308.742,1318.8136,3.09,4.4,3.2,69.7,1568.0,703256.0
2023-12-21,5.33,3.7,308.742,1318.8136,3.09,4.4,3.2,69.7,1568.0,703256.0
2023-12-22,5.33,3.7,308.742,1318.8136,3.09,4.4,3.2,69.7,1568.0,703256.0
2023-12-23,5.33,3.7,308.742,1318.8136,3.09,4.4,3.2,69.7,1568.0,703256.0
2023-12-24,5.33,3.7,308.742,1318.8136,3.09,4.4,3.2,69.7,1568.0,703256.0
2023-12-25,5.33,3.7,308.742,1318.8136,3.09,4.4,3.2,69.7,1568.0,703256.0
2023-12-26,5.33,3.7,308.742,1318.8136,3.09,4.4,3.2,69.7,1568.0,703256.0
2023-12-27,5.33,3.7,308.742,1318.8136,3.09,4.4,3.2,69.7,1568.0,703256.0
2023-12-28,5.33,3.7,308.742,1318.8136,3.09,4.4,3.2,69.7,1568.0,703256.0
2023-12-29,5.33,3.7,308.742,1318.8136,3.09,4.4,3.2,69.7,1568.0,703256.0
2023-12-30,5.33,3.7,308.742,1318.8136,3.09,4.4,3.2,69.7,1568.0,703256.0
2023-12-31,5.33,3.7,308.742,1318.8136,3.09,4.4,3.2,69.7,1568.0,703256.0
2024-01-01,5.33,3.7,309.685,1328.09413,3.15,5.5,1.6,79.0,1376.0,695631.0
2024-01-02,5.33,3.7,309.685,1328.09413,3.15,5.5,1.6,79.0,1376.0,695631.0
2024-01-03,5.33,3.7,309.685,1328.09413,3.15,5.5,1.6,79.0,1376.0,695631.0
2024-01-04,5.33,3.7,309.685,1328.09413,3.15,5.5,1.6,79.0,1376.0,695631.0
2024-01-05,5.33,3.7,309.685,1328.09413,3.15,5.5,1.6,79.0,1376.0,695631.0
2024-01-06,5.33,3.7,309.685,1328.09413,3.15,5.5,1.6,79.0,1376.0,695631.0
2024-01-07,5.33,3.7,309.685,1328.09413,3.15,5.5,1.6,79.0,1376.0,695631.0
2024-01-08,5.33,3.7,309.685,1328.09413,3.15,5.5,1.6,79.0,1376.0,695631.0
2024-01-09,5.33,3.7,309.685,1328.09413,3.15,5.5,1.6,79.0,1376.0,695631.0
2024-01-10,5.33,3.7,309.685,1328.09413,3.15,5.5,1.6,79.0,1376.0,695631.0
2024-01-11,5.33,3.7,309.685,1328.09413,3.15,5.5,1.6,79.0,1376.0,695631.0
2024-01-12,5.33,3.7,309.685,1328.09413,3.15,5.5,1.6,79.0,1376.0,695631.0
2024-01-13,5.33,3.7,309.685,1328.09413,3.15,5.5,1.6,79.0,1376.0,695631.0
2024-01-14,5.33,3.7,309.685,1328.09413,3.15,5.5,1.6,79.0,1376.0,695631.0
2024-01-15,5.33,3.7,309.685,1328.09413,3.15,5.5,1.6,79.0,1376.0,695631.0
2024-01-16,5.33,3.7,309.685,1328.09413,3.15,5.5,1.6,79.0,1376.0,695631.0
2024-01-17,5.33,3.7,309.685,1328.09413,3.15,5.5,1.6,79.0,1376.0,695631.0
2024-01-18,5.33,3.7,309.685,1328.09413,3.15,5.5,1.6,79.0,1376.0,695631.0
2024-01-19,5.33,3.7,309.685,1328.09413,3.15,5.5,1.6,79.0,1376.0,695631.0
2024-01-20,5.33,3.7,309.685,1328.09413,3.15,5.5,1.6,79.0,1376.0,695631.0
2024-01-21,5.33,3.7,309.685,1328.09413,3.15,5.5,1.6,79.0,1376.0,695631.0
2024-01-22,5.33,3.7,309.685,1328.09413,3.15,5.5,1.6,79.0,1376.0,695631.0
2024-01-23,5.33,3.7,309.685,1328.09413,3.15,5.5,1.6,79.0,1376.0,695631.0
2024-01-24,5.33,3.7,309.685,1328.09413,3.15,5.5,1.6,79.0,1376.0,695631.0
2024-01-25,5.33,3.7,309.685,1328.09413,3.15,5.5,1.6,79.0,1376.0,695631.0
2024-01-26,5.33,3.7,309.685,1328.09413,3.15,5.5,1.6,79.0,1376.0,695631.0
2024-01-27,5.33,3.7,309.685,1328.09413,3.15,5.5,1.6,79.0,1376.0,695631.0
2024-01-28,5.33,3.7,309.685,1328.09413,3.15,5.5,1.6,79.0,1376.0,695631.0
2024-01-29,5.33,3.7,309.685,1328.09413,3.15,5.5,1.6,79.0,1376.0,695631.0
2024-01-30,5.33,3.7,309.685,1328.09413,3.15,5.5,1.6,79.0,1376.0,695631.0
2024-01-31,5.33,3.7,309.685,1328.09413,3.15,5.5,1.6,79.0,1376.0,695631.0
2024-02-01,5.33,3.9,311.054,1339.18291,3.15,5.4,1.6,76.9,1546.0,700519.0
2024-02-02,5.33,3.9,311.054,1339.18291,3.15,5.4,1.6,76.9,1546.0,700519.0
2024-02-03,5.33,3.9,311.054,1339.18291,3.15,5.4,1.6,76.9,1546.0,700519.0
2024-02-04,5.33,3.9,311.054,1339.18291,3.15,5.4,1.6,76.9,1546.0,700519.0
2024-02-05,5.33,3.9,311.054,1339.18291,3.15,5.4,1.6,76.9,1546.0,700519.0
2024-02-06,5.33,3.9,311.054,1339.18291,3.15,5.4,1.6,76.9,1546.0,700519.0
2024-02-07,5.33,3.9,311.054,1339.18291,3.15,5.4,1.6,76.9,1546.0,700519.0
2024-02-08,5.33,3.9,311.054,1339.18291,3.15,5.4,1.6,76.9,1546.0,700519.0
2024-02-09,5.33,3.9,311.054,1339.18291,3.15,5.4,1.6,76.9,1546.0,700519.0
2024-02-10,5.33,3.9,311.054,1339.18291,3.15,5.4,1.6,76.9,1546.0,700519.0
2024-02-11,5.33,3.9,311.054,1339.18291,3.15,5.4,1.6,76.9,1546.0,700519.0
2024-02-12,5.33,3.9,311.054,1339.18291,3.15,5.4,1.6,76.9,1546.0,700519.0
2024-02-13,5.33,3.9,311.054,1339.18291,3.15,5.4,1.6,76.9,1546.0,700519.0
2024-02-14,5.33,3.9,311.054,1339.18291,3.15,5.4,1.6,76.9,1546.0,700519.0
2024-02-15,5.33,3.9,311.054,1339.18291,3.15,5.4,1.6,76.9,1546.0,700519.0
2024-02-16,5.33,3.9,311.054,1339.18291,3.15,5.4,1.6,76.9,1546.0,700519.0
2024-02-17,5.33,3.9,311.054,1339.18291,3.15,5.4,1.6,76.9,1546.0,700519.0
2024-02-18,5.33,3.9,311.054,1339.18291,3.15,5.4,1.6,76.9,1546.0,700519.0
2024-02-19,5.33,3.9,311.054,1339.18291,3.15,5.4,1.6,76.9,1546.0,700519.0
2024-02-20,5.33,3.9,311.054,1339.18291,3.15,5.4,1.6,76.9,1546.0,700519.0
2024-02-21,5.33,3.9,311.054,1339.18291,3.15,5.4,1.6,76.9,1546.0,700519.0
2024-02-22,5.33,3.9,311.054,1339.18291,3.15,5.4,1.6,76.9,1546.0,700519.0
2024-02-23,5.33,3.9,311.054,1339.18291,3.15,5.4,1.6,76.9,1546.0,700519.0
2024-02-24,5.33,3.9,311.054,1339.18291,3.15,5.4,1.6,76.9,1546.0,700519.0
2024-02-25,5.33,3.9,311.054,1339.18291,3.15,5.4,1.6,76.9,1546.0,700519.0
2024-02-26,5.33,3.9,311.054,1339.18291,3.15,5.4,1.6,76.9,1546.0,700519.0
2024-02-27,5.33,3.9,311.054,1339.18291,3.15,5.4,1.6,76.9,1546.0,700519.0
2024-02-28,5.33,3.9,311.054,1339.18291,3.15,5.4,1.6,76.9,1546.0,700519.0
2024-02-29,5.33,3.9,311.054,1339.18291,3.15,5.4,1.6,76.9,1546.0,700519.0
2024-03-01,5.33,3.8,312.23,1339.74057,3.15,5.2,1.6,79.4,1299.0,703738.0
2024-03-02,5.33,3.8,312.23,1339.74057,3.15,5.2,1.6,79.4,1299.0,703738.0
2024-03-03,5.33,3.8,312.23,1339.74057,3.15,5.2,1.6,79.4,1299.0,703738.0
2024-03-04,5.33,3.8,312.23,1339.74057,3.15,5.2,1.6,79.4,1299.0,703738.0
2024-03-05,5.33,3.8,312.23,1339.74057,3.15,5.2,1.6,79.4,1299.0,703738.0
2024-03-06,5.33,3.8,312.23,1339.74057,3.15,5.2,1.6,79.4,1299.0,703738.0
2024-03-07,5.33,3.8,312.23,1339.74057,3.15,5.2,1.6,79.4,1299.0,703738.0
2024-03-08,5.33,3.8,312.23,1339.74057,3.15,5.2,1.6,79.4,1299.0,703738.0
2024-03-09,5.33,3.8,312.23,1339.74057,3.15,5.2,1.6,79.4,1299.0,703738.0
2024-03-10,5.33,3.8,312.23,1339.74057,3.15,5.2,1.6,79.4,1299.0,703738.0
2024-03-11,5.33,3.8,312.23,1339.74057,3.15,5.2,1.6,79.4,1299.0,703738.0
2024-03-12,5.33,3.8,312.23,1339.74057,3.15,5.2,1.6,79.4,1299.0,703738.0
2024-03-13,5.33,3.8,312.23,1339.74057,3.15,5.2,1.6,79.4,1299.0,703738.0
2024-03-14,5.33,3.8,312.23,1339.74057,3.15,5.2,1.6,79.4,1299.0,703738.0
2024-03-15,5.33,3.8,312.23,1339.74057,3.15,5.2,1.6,79.4,1299.0,703738.0
2024-03-16,5.33,3.8,312.23,1339.74057,3.15,5.2,1.6,79.4,1299.0,703738.0
2024-03-17,5.33,3.8,312.23,1339.74057,3.15,5.2,1.6,79.4,1299.0,703738.0
2024-03-18,5.33,3.8,312.23,1339.74057,3.15,5.2,1.6,79.4,1299.0,703738.0
2024-03-19,5.33,3.8,312.23,1339.74057,3.15,5.2,1.6,79.4,1299.0,703738.0
2024-03-20,5.33,3.8,312.23,1339.74057,3.15,5.2,1.6,79.4,1299.0,703738.0
2024-03-21,5.33,3.8,312.23,1339.74057,3.15,5.2,1.6,79.4,1299.0,703738.0
2024-03-22,5.33,3.8,312.23,1339.74057,3.15,5.2,1.6,79.4,1299.0,703738.0
2024-03-23,5.33,3.8,312.23,1339.74057,3.15,5.2,1.6,79.4,1299.0,703738.0
2024-03-24,5.33,3.8,312.23,1339.74057,3.15,5.2,1.6,79.4,1299.0,703738.0
2024-03-25,5.33,3.8,312.23,1339.74057,3.15,5.2,1.6,79.4,1299.0,703738.0
2024-03-26,5.33,3.8,312.23,1339.74057,3.15,5.2,1.6,79.4,1299.0,703738.0
2024-03-27,5.33,3.8,312.23,1339.74057,3.15,5.2,1.6,79.4,1299.0,703738.0
2024-03-28,5.33,3.8,312.23,1339.74057,3.15,5.2,1.6,79.4,1299.0,703738.0
2024-03-29,5.33,3.8,312.23,1339.74057,3.15,5.2,1.6,79.4,1299.0,703738.0
2024-03-30,5.33,3.8,312.23,1339.74057,3.15,5.2,1.6,79.4,1299.0,703738.0
2024-03-31,5.33,3.8,312.23,1339.74057,3.15,5.2,1.6,79.4,1299.0,703738.0
2024-04-01,5.33,3.9,313.207,1340.35352,3.24,5.3,3.0,77.2,1377.0,702681.0
2024-04-02,5.33,3.9,313.207,1340.35352,3.24,5.3,3.0,77.2,1377.0,702681.0
2024-04-03,5.33,3.9,313.207,1340.35352,3.24,5.3,3.0,77.2,1377.0,702681.0
2024-04-04,5.33,3.9,313.207,1340.35352,3.24,5.3,3.0,77.2,1377.0,702681.0
2024-04-05,5.33,3.9,313.207,1340.35352,3.24,5.3,3.0,77.2,1377.0,702681.0
2024-04-06,5.33,3.9,313.207,1340.35352,3.24,5.3,3.0,77.2,1377.0,702681.0
2024-04-07,5.33,3.9,313.207,1340.35352,3.24,5.3,3.0,77.2,1377.0,702681.0
2024-04-08,5.33,3.9,313.207,1340.35352,3.24,5.3,3.0,77.2,1377.0,702681.0
2024-04-09,5.33,3.9,313.207,1340.35352,3.24,5.3,3.0,77.2,1377.0,702681.0
2024-04-10,5.33,3.9,313.207,1340.35352,3.24,5.3,3.0,77.2,1377.0,702681.0
2024-04-11,5.33,3.9,313.207,1340.35352,3.24,5.3,3.0,77.2,1377.0,702681.0
2024-04-12,5.33,3.9,313.207,1340.35352,3.24,5.3,3.0,77.2,1377.0,702681.0
2024-04-13,5.33,3.9,313.207,1340.35352,3.24,5.3,3.0,77.2,1377.0,702681.0
2024-04-14,5.33,3.9,313.207,1340.35352,3.24,5.3,3.0,77.2,1377.0,702681.0
2024-04-15,5.33,3.9,313.207,1340.35352,3.24,5.3,3.0,77.2,1377.0,702681.0
2024-04-16,5.33,3.9,313.207,1340.35352,3.24,5.3,3.0,77.2,1377.0,702681.0
2024-04-17,5.33,3.9,313.207,1340.35352,3.24,5.3,3.0,77.2,1377.0,702681.0
2024-04-18,5.33,3.9,313.207,1340.35352,3.24,5.3,3.0,77.2,1377.0,702681.0
2024-04-19,5.33,3.9,313.207,1340.35352,3.24,5.3,3.0,77.2,1377.0,702681.0
2024-04-20,5.33,3.9,313.207,1340.35352,3.24,5.3,3.0,77.2,1377.0,702681.0
2024-04-21,5.33,3.9,313.207,1340.35352,3.24,5.3,3.0,77.2,1377.0,702681.0
2024-04-22,5.33,3.9,313.207,1340.35352,3.24,5.3,3.0,77.2,1377.0,702681.0
2024-04-23,5.33,3.9,313.207,1340.35352,3.24,5.3,3.0,77.2,1377.0,702681.0
2024-04-24,5.33,3.9,313.207,1340.35352,3.24,5.3,3.0,77.2,1377.0,702681.0
2024-04-25,5.33,3.9,313.207,1340.35352,3.24,5.3,3.0,77.2,1377.0,702681.0
2024-04-26,5.33,3.9,313.207,1340.35352,3.24,5.3,3.0,77.2,1377.0,702681.0
2024-04-27,5.33,3.9,313.207,1340.35352,3.24,5.3,3.0,77.2,1377.0,702681.0
2024-04-28,5.33,3.9,313.207,1340.35352,3.24,5.3,3.0,77.2,1377.0,702681.0
2024-04-29,5.33,3.9,313.207,1340.35352,3.24,5.3,3.0,77.2,1377.0,702681.0
2024-04-30,5.33,3.9,313.207,1340.35352,3.24,5.3,3.0,77.2,1377.0,702681.0
2024-05-01,5.33,4.0,313.225,1348.80445,3.24,5.2,3.0,69.1,1315.0,704309.0
2024-05-02,5.33,4.0,313.225,1348.80445,3.24,5.2,3.0,69.1,1315.0,704309.0
2024-05-03,5.33,4.0,313.225,1348.80445,3.24,5.2,3.0,69.1,1315.0,704309.0
2024-05-04,5.33,4.0,313.225,1348.80445,3.24,5.2,3.0,69.1,1315.0,704309.0
2024-05-05,5.33,4.0,313.225,1348.80445,3.24,5.2,3.0,69.1,1315.0,704309.0
2024-05-06,5.33,4.0,313.225,1348.80445,3.24,5.2,3.0,69.1,1315.0,704309.0
2024-05-07,5.33,4.0,313.225,1348.80445,3.24,5.2,3.0,69.1,1315.0,704309.0
2024-05-08,5.33,4.0,313.225,1348.80445,3.24,5.2,3.0,69.1,1315.0,704309.0
2024-05-09,5.33,4.0,313.225,1348.80445,3.24,5.2,3.0,69.1,1315.0,704309.0
2024-05-10,5.33,4.0,313.225,1348.80445,3.24,5.2,3.0,69.1,1315.0,704309.0
2024-05-11,5.33,4.0,313.225,1348.80445,3.24,5.2,3.0,69.1,1315.0,704309.0
2024-05-12,5.33,4.0,313.225,1348.80445,3.24,5.2,3.0,69.1,1315.0,704309.0
2024-05-13,5.33,4.0,313.225,1348.80445,3.24,5.2,3.0,69.1,1315.0,704309.0
2024-05-14,5.33,4.0,313.225,1348.80445,3.24,5.2,3.0,69.1,1315.0,704309.0
2024-05-15,5.33,4.0,313.225,1348.80445,3.24,5.2,3.0,69.1,1315.0,704309.0
2024-05-16,5.33,4.0,313.225,1348.80445,3.24,5.2,3.0,69.1,1315.0,704309.0
2024-05-17,5.33,4.0,313.225,1348.80445,3.24,5.2,3.0,69.1,1315.0,704309.0
2024-05-18,5.33,4.0,313.225,1348.80445,3.24,5.2,3.0,69.1,1315.0,704309.0
2024-05-19,5.33,4.0,313.225,1348.80445,3.24,5.2,3.0,69.1,1315.0,704309.0
2024-05-20,5.33,4.0,313.225,1348.80445,3.24,5.2,3.0,69.1,1315.0,704309.0
2024-05-21,5.33,4.0,313.225,1348.80445,3.24,5.2,3.0,69.1,1315.0,704309.0
2024-05-22,5.33,4.0,313.225,1348.80445,3.24,5.2,3.0,69.1,1315.0,704309.0
2024-05-23,5.33,4.0,313.225,1348.80445,3.24,5.2,3.0,69.1,1315.0,704309.0
2024-05-24,5.33,4.0,313.225,1348.80445,3.24,5.2,3.0,69.1,1315.0,704309.0
2024-05-25,5.33,4.0,313.225,1348.80445,3.24,5.2,3.0,69.1,1315.0,704309.0
2024-05-26,5.33,4.0,313.225,1348.80445,3.24,5.2,3.0,69.1,1315.0,704309.0
2024-05-27,5.33,4.0,313.225,1348.80445,3.24,5.2,3.0,69.1,1315.0,704309.0
2024-05-28,5.33,4.0,313.225,1348.80445,3.24,5.2,3.0,69.1,1315.0,704309.0
2024-05-29,5.33,4.0,313.225,1348.80445,3.24,5.2,3.0,69.1,1315.0,704309.0
2024-05-30,5.33,4.0,313.225,1348.80445,3.24,5.2,3.0,69.1,1315.0,704309.0
2024-05-31,5.33,4.0,313.225,1348.80445,3.24,5.2,3.0,69.1,1315.0,704309.0
2024-06-01,5.33,4.1,313.049,1348.28665,3.24,5.2,3.0,68.2,1329.0,702350.0
2024-06-02,5.33,4.1,313.049,1348.28665,3.24,5.2,3.0,68.2,1329.0,702350.0
2024-06-03,5.33,4.1,313.049,1348.28665,3.24,5.2,3.0,68.2,1329.0,702350.0
2024-06-04,5.33,4.1,313.049,1348.28665,3.24,5.2,3.0,68.2,1329.0,702350.0
2024-06-05,5.33,4.1,313.049,1348.28665,3.24,5.2,3.0,68.2,1329.0,702350.0
2024-06-06,5.33,4.1,313.049,1348.28665,3.24,5.2,3.0,68.2,1329.0,702350.0
2024-06-07,5.33,4.1,313.049,1348.28665,3.24,5.2,3.0,68.2,1329.0,702350.0
2024-06-08,5.33,4.1,313.049,1348.28665,3.24,5.2,3.0,68.2,1329.0,702350.0
2024-06-09,5.33,4.1,313.049,1348.28665,3.24,5.2,3.0,68.2,1329.0,702350.0
2024-06-10,5.33,4.1,313.049,1348.28665,3.24,5.2,3.0,68.2,1329.0,702350.0
2024-06-11,5.33,4.1,313.049,1348.28665,3.24,5.2,3.0,68.2,1329.0,702350.0
2024-06-12,5.33,4.1,313.049,1348.28665,3.24,5.2,3.0,68.2,1329.0,702350.0
2024-06-13,5.33,4.1,313.049,1348.28665,3.24,5.2,3.0,68.2,1329.0,702350.0
2024-06-14,5.33,4.1,313.049,1348.28665,3.24,5.2,3.0,68.2,1329.0,702350.0
2024-06-15,5.33,4.1,313.049,1348.28665,3.24,5.2,3.0,68.2,1329.0,702350.0
2024-06-16,5.33,4.1,313.049,1348.28665,3.24,5.2,3.0,68.2,1329.0,702350.0
2024-06-17,5.33,4.1,313.049,1348.28665,3.24,5.2,3.0,68.2,1329.0,702350.0
2024-06-18,5.33,4.1,313.049,1348.28665,3.24,5.2,3.0,68.2,1329.0,702350.0
2024-06-19,5.33,4.1,313.049,1348.28665,3.24,5.2,3.0,68.2,1329.0,702350.0
2024-06-20,5.33,4.1,313.049,1348.28665,3.24,5.2,3.0,68.2,1329.0,702350.0
2024-06-21,5.33,4.1,313.049,1348.28665,3.24,5.2,3.0,68.2,1329.0,702350.0
2024-06-22,5.33,4.1,313.049,1348.28665,3.24,5.2,3.0,68.2,1329.0,702350.0
2024-06-23,5.33,4.1,313.049,1348.28665,3.24,5.2,3.0,68.2,1329.0,702350.0
2024-06-24,5.33,4.1,313.049,1348.28665,3.24,5.2,3.0,68.2,1329.0,702350.0
2024-06-25,5.33,4.1,313.049,1348.28665,3.24,5.2,3.0,68.2,1329.0,702350.0
2024-06-26,5.33,4.1,313.049,1348.28665,3.24,5.2,3.0,68.2,1329.0,702350.0
2024-06-27,5.33,4.1,313.049,1348.28665,3.24,5.2,3.0,68.2,1329.0,702350.0
2024-06-28,5.33,4.1,313.049,1348.28665,3.24,5.2,3.0,68.2,1329.0,702350.0
2024-06-29,5.33,4.1,313.049,1348.28665,3.24,5.2,3.0,68.2,1329.0,702350.0
2024-06-30,5.33,4.1,313.049,1348.28665,3.24,5.2,3.0,68.2,1329.0,702350.0
2024-07-01,5.33,4.3,313.534,1358.67304,3.23,4.9,2.8,66.4,1262.0,710851.0
2024-07-02,5.33,4.3,313.534,1358.67304,3.23,4.9,2.8,66.4,1262.0,710851.0
2024-07-03,5.33,4.3,313.534,1358.67304,3.23,4.9,2.8,66.4,1262.0,710851.0
2024-07-04,5.33,4.3,313.534,1358.67304,3.23,4.9,2.8,66.4,1262.0,710851.0
2024-07-05,5.33,4.3,313.534,1358.67304,3.23,4.9,2.8,66.4,1262.0,710851.0
2024-07-06,5.33,4.3,313.534,1358.67304,3.23,4.9,2.8,66.4,1262.0,710851.0
2024-07-07,5.33,4.3,313.534,1358.67304,3.23,4.9,2.8,66.4,1262.0,710851.0
2024-07-08,5.33,4.3,313.534,1358.67304,3.23,4.9,2.8,66.4,1262.0,710851.0
2024-07-09,5.33,4.3,313.534,1358.67304,3.23,4.9,2.8,66.4,1262.0,710851.0
2024-07-10,5.33,4.3,313.534,1358.67304,3.23,4.9,2.8,66.4,1262.0,710851.0
2024-07-11,5.33,4.3,313.534,1358.67304,3.23,4.9,2.8,66.4,1262.0,710851.0
2024-07-12,5.33,4.3,313.534,1358.67304,3.23,4.9,2.8,66.4,1262.0,710851.0
2024-07-13,5.33,4.3,313.534,1358.67304,3.23,4.9,2.8,66.4,1262.0,710851.0
2024-07-14,5.33,4.3,313.534,1358.67304,3.23,4.9,2.8,66.4,1262.0,710851.0
2024-07-15,5.33,4.3,313.534,1358.67304,3.23,4.9,2.8,66.4,1262.0,710851.0
2024-07-16,5.33,4.3,313.534,1358.67304,3.23,4.9,2.8,66.4,1262.0,710851.0
2024-07-17,5.33,4.3,313.534,1358.67304,3.23,4.9,2.8,66.4,1262.0,710851.0
2024-07-18,5.33,4.3,313.534,1358.67304,3.23,4.9,2.8,66.4,1262.0,710851.0
2024-07-19,5.33,4.3,313.534,1358.67304,3.23,4.9,2.8,66.4,1262.0,710851.0
2024-07-20,5.33,4.3,313.534,1358.67304,3.23,4.9,2.8,66.4,1262.0,710851.0
2024-07-21,5.33,4.3,313.534,1358.67304,3.23,4.9,2.8,66.4,1262.0,710851.0
2024-07-22,5.33,4.3,313.534,1358.67304,3.23,4.9,2.8,66.4,1262.0,710851.0
2024-07-23,5.33,4.3,313.534,1358.67304,3.23,4.9,2.8,66.4,1262.0,710851.0
2024-07-24,5.33,4.3,313.534,1358.67304,3.23,4.9,2.8,66.4,1262.0,710851.0
2024-07-25,5.33,4.3,313.534,1358.67304,3.23,4.9,2.8,66.4,1262.0,710851.0
2024-07-26,5.33,4.3,313.534,1358.67304,3.23,4.9,2.8,66.4,1262.0,710851.0
2024-07-27,5.33,4.3,313.534,1358.67304,3.23,4.9,2.8,66.4,1262.0,710851.0
2024-07-28,5.33,4.3,313.534,1358.67304,3.23,4.9,2.8,66.4,1262.0,710851.0
2024-07-29,5.33,4.3,313.534,1358.67304,3.23,4.9,2.8,66.4,1262.0,710851.0
2024-07-30,5.33,4.3,313.534,1358.67304,3.23,4.9,2.8,66.4,1262.0,710851.0
2024-07-31,5.33,4.3,313.534,1358.67304,3.23,4.9,2.8,66.4,1262.0,710851.0
2024-08-01,5.33,4.2,314.121,1356.53471,3.23,4.8,2.8,67.9,1379.0,710038.0
2024-08-02,5.33,4.2,314.121,1356.53471,3.23,4.8,2.8,67.9,1379.0,710038.0
2024-08-03,5.33,4.2,314.121,1356.53471,3.23,4.8,2.8,67.9,1379.0,710038.0
2024-08-04,5.33,4.2,314.121,1356.53471,3.23,4.8,2.8,67.9,1379.0,710038.0
2024-08-05,5.33,4.2,314.121,1356.53471,3.23,4.8,2.8,67.9,1379.0,710038.0
2024-08-06,5.33,4.2,314.121,1356.53471,3.23,4.8,2.8,67.9,1379.0,710038.0
2024-08-07,5.33,4.2,314.121,1356.53471,3.23,4.8,2.8,67.9,1379.0,710038.0
2024-08-08,5.33,4.2,314.121,1356.53471,3.23,4.8,2.8,67.9,1379.0,710038.0
2024-08-09,5.33,4.2,314.121,1356.53471,3.23,4.8,2.8,67.9,1379.0,710038.0
2024-08-10,5.33,4.2,314.121,1356.53471,3.23,4.8,2.8,67.9,1379.0,710038.0
2024-08-11,5.33,4.2,314.121,1356.53471,3.23,4.8,2.8,67.9,1379.0,710038.0
2024-08-12,5.33,4.2,314.121,1356.53471,3.23,4.8,2.8,67.9,1379.0,710038.0
2024-08-13,5.33,4.2,314.121,1356.53471,3.23,4.8,2.8,67.9,1379.0,710038.0
2024-08-14,5.33,4.2,314.121,1356.53471,3.23,4.8,2.8,67.9,1379.0,710038.0
2024-08-15,5.33,4.2,314.121,1356.53471,3.23,4.8,2.8,67.9,1379.0,710038.0
2024-08-16,5.33,4.2,314.121,1356.53471,3.23,4.8,2.8,67.9,1379.0,710038.0
2024-08-17,5.33,4.2,314.121,1356.53471,3.23,4.8,2.8,67.9,1379.0,710038.0
2024-08-18,5.33,4.2,314.121,1356.53471,3.23,4.8,2.8,67.9,1379.0,710038.0
2024-08-19,5.33,4.2,314.121,1356.53471,3.23,4.8,2.8,67.9,1379.0,710038.0
2024-08-20,5.33,4.2,314.121,1356.53471,3.23,4.8,2.8,67.9,1379.0,710038.0
2024-08-21,5.33,4.2,314.121,1356.53471,3.23,4.8,2.8,67.9,1379.0,710038.0
2024-08-22,5.33,4.2,314.121,1356.53471,3.23,4.8,2.8,67.9,1379.0,710038.0
2024-08-23,5.33,4.2,314.121,1356.53471,3.23,4.8,2.8,67.9,1379.0,710038.0
2024-08-24,5.33,4.2,314.121,1356.53471,3.23,4.8,2.8,67.9,1379.0,710038.0
2024-08-25,5.33,4.2,314.121,1356.53471,3.23,4.8,2.8,67.9,1379.0,710038.0
2024-08-26,5.33,4.2,314.121,1356.53471,3.23,4.8,2.8,67.9,1379.0,710038.0
2024-08-27,5.33,4.2,314.121,1356.53471,3.23,4.8,2.8,67.9,1379.0,710038.0
2024-08-28,5.33,4.2,314.121,1356.53471,3.23,4.8,2.8,67.9,1379.0,710038.0
2024-08-29,5.33,4.2,314.121,1356.53471,3.23,4.8,2.8,67.9,1379.0,710038.0
2024-08-30,5.33,4.2,314.121,1356.53471,3.23,4.8,2.8,67.9,1379.0,710038.0
2024-08-31,5.33,4.2,314.121,1356.53471,3.23,4.8,2.8,67.9,1379.0,710038.0
2024-09-01,5.33,4.1,314.686,1357.58295,3.23,4.6,2.8,70.1,1353.0,716026.0
2024-09-02,5.33,4.1,314.686,1357.58295,3.23,4.6,2.8,70.1,1353.0,716026.0
2024-09-03,5.33,4.1,314.686,1357.58295,3.23,4.6,2.8,70.1,1353.0,716026.0
2024-09-04,5.33,4.1,314.686,1357.58295,3.23,4.6,2.8,70.1,1353.0,716026.0
2024-09-05,5.33,4.1,314.686,1357.58295,3.23,4.6,2.8,70.1,1353.0,716026.0
2024-09-06,5.33,4.1,314.686,1357.58295,3.23,4.6,2.8,70.1,1353.0,716026.0
2024-09-07,5.33,4.1,314.686,1357.58295,3.23,4.6,2.8,70.1,1353.0,716026.0
2024-09-08,5.33,4.1,314.686,1357.58295,3.23,4.6,2.8,70.1,1353.0,716026.0
2024-09-09,5.33,4.1,314.686,1357.58295,3.23,4.6,2.8,70.1,1353.0,716026.0
2024-09-10,5.33,4.1,314.686,1357.58295,3.23,4.6,2.8,70.1,1353.0,716026.0
2024-09-11,5.33,4.1,314.686,1357.58295,3.23,4.6,2.8,70.1,1353.0,716026.0
2024-09-12,5.33,4.1,314.686,1357.58295,3.23,4.6,2.8,70.1,1353.0,716026.0
2024-09-13,5.33,4.1,314.686,1357.58295,3.23,4.6,2.8,70.1,1353.0,716026.0
2024-09-14,5.33,4.1,314.686,1357.58295,3.23,4.6,2.8,70.1,1353.0,716026.0
2024-09-15,5.33,4.1,314.686,1357.58295,3.23,4.6,2.8,70.1,1353.0,716026.0
2024-09-16,5.33,4.1,314.686,1357.58295,3.23,4.6,2.8,70.1,1353.0,716026.0
2024-09-17,5.33,4.1,314.686,1357.58295,3.23,4.6,2.8,70.1,1353.0,716026.0
2024-09-18,5.33,4.1,314.686,1357.58295,3.23,4.6,2.8,70.1,1353.0,716026.0
2024-09-19,4.83,4.1,314.686,1357.58295,3.23,4.6,2.8,70.1,1353.0,716026.0
2024-09-20,4.83,4.1,314.686,1357.58295,3.23,4.6,2.8,70.1,1353.0,716026.0
2024-09-21,4.83,4.1,314.686,1357.58295,3.23,4.6,2.8,70.1,1353.0,716026.0
2024-09-22,4.83,4.1,314.686,1357.58295,3.23,4.6,2.8,70.1,1353.0,716026.0
2024-09-23,4.83,4.1,314.686,1357.58295,3.23,4.6,2.8,70.1,1353.0,716026.0
2024-09-24,4.83,4.1,314.686,1357.58295,3.23,4.6,2.8,70.1,1353.0,716026.0
2024-09-25,4.83,4.1,314.686,1357.58295,3.23,4.6,2.8,70.1,1353.0,716026.0
2024-09-26,4.83,4.1,314.686,1357.58295,3.23,4.6,2.8,70.1,1353.0,716026.0
2024-09-27,4.83,4.1,314.686,1357.58295,3.23,4.6,2.8,70.1,1353.0,716026.0
2024-09-28,4.83,4.1,314.686,1357.58295,3.23,4.6,2.8,70.1,1353.0,716026.0
2024-09-29,4.83,4.1,314.686,1357.58295,3.23,4.6,2.8,70.1,1353.0,716026.0
2024-09-30,4.83,4.1,314.686,1357.58295,3.23,4.6,2.8,70.1,1353.0,716026.0
2024-10-01,4.83,4.1,315.454,1357.58295,3.23,4.6,2.8,70.5,1311.0,718867.0
2024-10-02,4.83,4.1,315.454,1357.58295,3.23,4.6,2.8,70.5,1311.0,718867.0
2024-10-03,4.83,4.1,315.454,1357.58295,3.23,4.6,2.8,70.5,1311.0,718867.0
2024-10-04,4.83,4.1,315.454,1357.58295,3.23,4.6,2.8,70.5,1311.0,718867.0
2024-10-05,4.83,4.1,315.454,1357.58295,3.23,4.6,2.8,70.5,1311.0,718867.0
2024-10-06,4.83,4.1,315.454,1357.58295,3.23,4.6,2.8,70.5,1311.0,718867.0
2024-10-07,4.83,4.1,315.454,1357.58295,3.23,4.6,2.8,70.5,1311.0,718867.0
2024-10-08,4.83,4.1,315.454,1357.58295,3.23,4.6,2.8,70.5,1311.0,718867.0
2024-10-09,4.83,4.1,315.454,1357.58295,3.23,4.6,2.8,70.5,1311.0,718867.0
2024-10-10,4.83,4.1,315.454,1357.58295,3.23,4.6,2.8,70.5,1311.0,718867.0
2024-10-11,4.83,4.1,315.454,1357.58295,3.23,4.6,2.8,70.5,1311.0,718867.0
2024-10-12,4.83,4.1,315.454,1357.58295,3.23,4.6,2.8,70.5,1311.0,718867.0
2024-10-13,4.83,4.1,315.454,1357.58295,3.23,4.6,2.8,70.5,1311.0,718867.0
2024-10-14,4.83,4.1,315.454,1357.58295,3.23,4.6,2.8,70.5,1311.0,718867.0
2024-10-15,4.83,4.1,315.454,1357.58295,3.23,4.6,2.8,70.5,1311.0,718867.0
2024-10-16,4.83,4.1,315.454,1357.58295,3.23,4.6,2.8,70.5,1311.0,718867.0
2024-10-17,4.83,4.1,315.454,1357.58295,3.23,4.6,2.8,70.5,1311.0,718867.0
2024-10-18,4.83,4.1,315.454,1357.58295,3.23,4.6,2.8,70.5,1311.0,718867.0
2024-10-19,4.83,4.1,315.454,1357.58295,3.23,4.6,2.8,70.5,1311.0,718867.0
2024-10-20,4.83,4.1,315.454,1357.58295,3.23,4.6,2.8,70.5,1311.0,718867.0
2024-10-21,4.83,4.1,315.454,1357.58295,3.23,4.6,2.8,70.5,1311.0,718867.0
2024-10-22,4.83,4.1,315.454,1357.58295,3.23,4.6,2.8,70.5,1311.0,718867.0
2024-10-23,4.83,4.1,315.454,1357.58295,3.23,4.6,2.8,70.5,1311.0,718867.0
2024-10-24,4.83,4.1,315.454,1357.58295,3.23,4.6,2.8,70.5,1311.0,718867.0
2024-10-25,4.83,4.1,315.454,1357.58295,3.23,4.6,2.8,70.5,1311.0,718867.0
2024-10-26,4.83,4.1,315.454,1357.58295,3.23,4.6,2.8,70.5,1311.0,718867.0
2024-10-27,4.83,4.1,315.454,1357.58295,3.23,4.6,2.8,70.5,1311.0,718867.0
2024-10-28,4.83,4.1,315.454,1357.58295,3.23,4.6,2.8,70.5,1311.0,718867.0
2024-10-29,4.83,4.1,315.454,1357.58295,3.23,4.6,2.8,70.5,1311.0,718867.0
2024-10-30,4.83,4.1,315.454,1357.58295,3.23,4.6,2.8,70.5,1311.0,718867.0
2024-10-31,4.83,4.1,315.454,1357.58295,3.23,4.6,2.8,70.5,1311.0,718867.0
2024-11-01,4.83,4.1,315.454,1357.58295,3.23,4.6,2.8,70.5,1311.0,718867.0
2024-11-02,4.83,4.1,315.454,1357.58295,3.23,4.6,2.8,70.5,1311.0,718867.0
2024-11-03,4.83,4.1,315.454,1357.58295,3.23,4.6,2.8,70.5,1311.0,718867.0
2024-11-04,4.83,4.1,315.454,1357.58295,3.23,4.6,2.8,70.5,1311.0,718867.0
2024-11-05,4.83,4.1,315.454,1357.58295,3.23,4.6,2.8,70.5,1311.0,718867.0
2024-11-06,4.83,4.1,315.454,1357.58295,3.23,4.6,2.8,70.5,1311.0,718867.0
2024-11-07,4.83,4.1,315.454,1357.58295,3.23,4.6,2.8,70.5,1311.0,718867.0
2024-11-08,4.58,4.1,315.454,1357.58295,3.23,4.6,2.8,70.5,1311.0,718867.0
2024-11-09,4.58,4.1,315.454,1357.58295,3.23,4.6,2.8,70.5,1311.0,718867.0
2024-11-10,4.58,4.1,315.454,1357.58295,3.23,4.6,2.8,70.5,1311.0,718867.0
2024-11-11,4.58,4.1,315.454,1357.58295,3.23,4.6,2.8,70.5,1311.0,718867.0
2024-11-12,4.58,4.1,315.454,1357.58295,3.23,4.6,2.8,70.5,1311.0,718867.0
2024-11-13,4.58,4.1,315.454,1357.58295,3.23,4.6,2.8,70.5,1311.0,718867.0
2024-11-14,4.58,4.1,315.454,1357.58295,3.23,4.6,2.8,70.5,1311.0,718867.0
2024-11-15,4.58,4.1,315.454,1357.58295,3.23,4.6,2.8,70.5,1311.0,718867.0
2024-11-16,4.58,4.1,315.454,1357.58295,3.23,4.6,2.8,70.5,1311.0,718867.0
2024-11-17,4.58,4.1,315.454,1357.58295,3.23,4.6,2.8,70.5,1311.0,718867.0
2024-11-18,4.58,4.1,315.454,1357.58295,3.23,4.6,2.8,70.5,1311.0,718867.0
2024-11-19,4.58,4.1,315.454,1357.58295,3.23,4.6,2.8,70.5,1311.0,718867.0
2024-11-20,4.58,4.1,315.454,1357.58295,3.23,4.6,2.8,70.5,1311.0,718867.0
2024-11-21,4.58,4.1,315.454,1357.58295,3.23,4.6,2.8,70.5,1311.0,718867.0
