Date,business_investment,software_spending,corporate_earnings,interest_rate,gdp_growth,industrial_production,m2_money_supply,consumer_sentiment
2022-01-01,90228.0,11208.9,2566.259,0.07,-1.0,101.2146,21566.1,67.2
2022-02-01,84445.0,11326.3,2566.259,0.08,-1.0,101.8458,21621.0,62.8
2022-03-01,81335.0,11451.8,2566.259,0.08,-1.0,102.6732,21722.8,59.4
2022-04-01,84325.0,11545.6,2728.056,0.33,0.3,102.9024,21723.2,65.2
2022-05-01,81384.0,11627.6,2728.056,0.33,0.3,102.9659,21696.6,58.4
2022-06-01,77728.0,11724.9,2728.056,0.83,0.3,102.8224,21652.4,50.0
2022-07-01,85320.0,11779.8,2845.696,1.58,2.7,103.0505,21644.5,51.5
2022-08-01,84064.0,11923.6,2845.696,2.33,2.7,103.1703,21626.7,58.2
2022-09-01,81233.0,12006.4,2845.696,2.33,2.7,103.5326,21507.7,58.6
2022-10-01,88213.0,12070.8,2809.855,3.08,3.4,103.4442,21433.4,59.9
2022-11-01,81129.0,12129.0,2809.855,3.08,3.4,103.1058,21367.1,56.7
2022-12-01,84472.0,12226.5,2809.855,3.83,3.4,101.8266,21273.1,59.8
2023-01-01,85910.0,12361.7,2796.826,4.33,2.8,102.7476,21188.2,64.9
2023-02-01,80327.0,12420.1,2796.826,4.33,2.8,102.8003,21117.7,66.9
2023-03-01,86009.0,12482.5,2796.826,4.58,2.8,102.8143,20870.6,62.0
2023-04-01,88308.0,12541.4,2835.546,4.83,2.4,103.2241,20712.2,63.7
2023-05-01,91942.0,12591.0,2835.546,4.83,2.4,102.9809,20804.8,59.0
2023-06-01,99644.0,12660.3,2835.546,5.08,2.4,102.3809,20788.5,64.2
2023-07-01,90739.0,12740.9,2953.039,5.08,4.4,103.0722,20762.6,71.5
2023-08-01,88789.0,12766.4,2953.039,5.33,4.4,103.0951,20735.0,69.4
2023-09-01,96830.0,12835.9,2953.039,5.33,4.4,103.3081,20681.4,67.8
2023-10-01,86154.0,12903.9,3101.834,5.33,3.2,102.5781,20662.5,63.8
2023-11-01,107388.0,12995.1,3101.834,5.33,3.2,102.8868,20675.7,61.3
2023-12-01,95548.0,13087.2,3101.834,5.33,3.2,102.6309,20725.4,69.7
2024-01-01,82898.0,13192.6,3036.702,5.33,1.6,101.483,20725.9,79.0
2024-02-01,85806.0,13278.5,3036.702,5.33,1.6,102.7267,20761.8,76.9
2024-03-01,86859.0,13356.7,3036.702,5.33,1.6,102.5186,20862.9,79.4
2024-04-01,84376.0,13417.3,3141.557,5.33,3.0,102.3568,20881.1,77.2
2024-05-01,84064.0,13478.5,3141.557,5.33,3.0,102.9797,20959.4,69.1
2024-06-01,64880.0,13538.5,3141.557,5.33,3.0,103.2768,21020.1,68.2
2024-07-01,92146.0,13594.6,3141.557,5.33,2.8,102.5381,21039.4,66.4
2024-08-01,88059.0,13663.9,3141.557,5.33,2.8,103.0449,21141.2,67.9
2024-09-01,84180.0,13736.0,3141.557,5.33,2.8,102.5497,21221.2,70.1
2022-01-02,84180.0,13736.0,3141.557,0.07,2.8,102.5497,21221.2,70.1
2022-01-03,84180.0,13736.0,3141.557,0.08,2.8,102.5497,21221.2,70.1
2022-01-04,84180.0,13736.0,3141.557,0.08,2.8,102.5497,21221.2,70.1
2022-01-05,84180.0,13736.0,3141.557,0.08,2.8,102.5497,21221.2,70.1
2022-01-06,84180.0,13736.0,3141.557,0.08,2.8,102.5497,21221.2,70.1
2022-01-07,84180.0,13736.0,3141.557,0.08,2.8,102.5497,21221.2,70.1
2022-01-08,84180.0,13736.0,3141.557,0.08,2.8,102.5497,21221.2,70.1
2022-01-09,84180.0,13736.0,3141.557,0.08,2.8,102.5497,21221.2,70.1
2022-01-10,84180.0,13736.0,3141.557,0.08,2.8,102.5497,21221.2,70.1
2022-01-11,84180.0,13736.0,3141.557,0.08,2.8,102.5497,21221.2,70.1
2022-01-12,84180.0,13736.0,3141.557,0.08,2.8,102.5497,21221.2,70.1
2022-01-13,84180.0,13736.0,3141.557,0.08,2.8,102.5497,21221.2,70.1
2022-01-14,84180.0,13736.0,3141.557,0.08,2.8,102.5497,21221.2,70.1
2022-01-15,84180.0,13736.0,3141.557,0.08,2.8,102.5497,21221.2,70.1
2022-01-16,84180.0,13736.0,3141.557,0.08,2.8,102.5497,21221.2,70.1
2022-01-17,84180.0,13736.0,3141.557,0.08,2.8,102.5497,21221.2,70.1
2022-01-18,84180.0,13736.0,3141.557,0.08,2.8,102.5497,21221.2,70.1
2022-01-19,84180.0,13736.0,3141.557,0.08,2.8,102.5497,21221.2,70.1
2022-01-20,84180.0,13736.0,3141.557,0.08,2.8,102.5497,21221.2,70.1
2022-01-21,84180.0,13736.0,3141.557,0.08,2.8,102.5497,21221.2,70.1
2022-01-22,84180.0,13736.0,3141.557,0.08,2.8,102.5497,21221.2,70.1
2022-01-23,84180.0,13736.0,3141.557,0.08,2.8,102.5497,21221.2,70.1
2022-01-24,84180.0,13736.0,3141.557,0.08,2.8,102.5497,21221.2,70.1
2022-01-25,84180.0,13736.0,3141.557,0.08,2.8,102.5497,21221.2,70.1
2022-01-26,84180.0,13736.0,3141.557,0.08,2.8,102.5497,21221.2,70.1
2022-01-27,84180.0,13736.0,3141.557,0.08,2.8,102.5497,21221.2,70.1
2022-01-28,84180.0,13736.0,3141.557,0.08,2.8,102.5497,21221.2,70.1
2022-01-29,84180.0,13736.0,3141.557,0.08,2.8,102.5497,21221.2,70.1
2022-01-30,84180.0,13736.0,3141.557,0.08,2.8,102.5497,21221.2,70.1
2022-01-31,84180.0,13736.0,3141.557,0.08,2.8,102.5497,21221.2,70.1
2022-02-02,84180.0,13736.0,3141.557,0.08,2.8,102.5497,21221.2,70.1
2022-02-03,84180.0,13736.0,3141.557,0.08,2.8,102.5497,21221.2,70.1
2022-02-04,84180.0,13736.0,3141.557,0.08,2.8,102.5497,21221.2,70.1
2022-02-05,84180.0,13736.0,3141.557,0.08,2.8,102.5497,21221.2,70.1
2022-02-06,84180.0,13736.0,3141.557,0.08,2.8,102.5497,21221.2,70.1
2022-02-07,84180.0,13736.0,3141.557,0.08,2.8,102.5497,21221.2,70.1
2022-02-08,84180.0,13736.0,3141.557,0.08,2.8,102.5497,21221.2,70.1
2022-02-09,84180.0,13736.0,3141.557,0.08,2.8,102.5497,21221.2,70.1
2022-02-10,84180.0,13736.0,3141.557,0.08,2.8,102.5497,21221.2,70.1
2022-02-11,84180.0,13736.0,3141.557,0.08,2.8,102.5497,21221.2,70.1
2022-02-12,84180.0,13736.0,3141.557,0.08,2.8,102.5497,21221.2,70.1
2022-02-13,84180.0,13736.0,3141.557,0.08,2.8,102.5497,21221.2,70.1
2022-02-14,84180.0,13736.0,3141.557,0.08,2.8,102.5497,21221.2,70.1
2022-02-15,84180.0,13736.0,3141.557,0.08,2.8,102.5497,21221.2,70.1
2022-02-16,84180.0,13736.0,3141.557,0.08,2.8,102.5497,21221.2,70.1
2022-02-17,84180.0,13736.0,3141.557,0.08,2.8,102.5497,21221.2,70.1
2022-02-18,84180.0,13736.0,3141.557,0.08,2.8,102.5497,21221.2,70.1
2022-02-19,84180.0,13736.0,3141.557,0.08,2.8,102.5497,21221.2,70.1
2022-02-20,84180.0,13736.0,3141.557,0.08,2.8,102.5497,21221.2,70.1
2022-02-21,84180.0,13736.0,3141.557,0.08,2.8,102.5497,21221.2,70.1
2022-02-22,84180.0,13736.0,3141.557,0.08,2.8,102.5497,21221.2,70.1
2022-02-23,84180.0,13736.0,3141.557,0.08,2.8,102.5497,21221.2,70.1
2022-02-24,84180.0,13736.0,3141.557,0.08,2.8,102.5497,21221.2,70.1
2022-02-25,84180.0,13736.0,3141.557,0.08,2.8,102.5497,21221.2,70.1
2022-02-26,84180.0,13736.0,3141.557,0.08,2.8,102.5497,21221.2,70.1
2022-02-27,84180.0,13736.0,3141.557,0.08,2.8,102.5497,21221.2,70.1
2022-02-28,84180.0,13736.0,3141.557,0.08,2.8,102.5497,21221.2,70.1
2022-03-02,84180.0,13736.0,3141.557,0.08,2.8,102.5497,21221.2,70.1
2022-03-03,84180.0,13736.0,3141.557,0.08,2.8,102.5497,21221.2,70.1
2022-03-04,84180.0,13736.0,3141.557,0.08,2.8,102.5497,21221.2,70.1
2022-03-05,84180.0,13736.0,3141.557,0.08,2.8,102.5497,21221.2,70.1
2022-03-06,84180.0,13736.0,3141.557,0.08,2.8,102.5497,21221.2,70.1
2022-03-07,84180.0,13736.0,3141.557,0.08,2.8,102.5497,21221.2,70.1
2022-03-08,84180.0,13736.0,3141.557,0.08,2.8,102.5497,21221.2,70.1
2022-03-09,84180.0,13736.0,3141.557,0.08,2.8,102.5497,21221.2,70.1
2022-03-10,84180.0,13736.0,3141.557,0.08,2.8,102.5497,21221.2,70.1
2022-03-11,84180.0,13736.0,3141.557,0.08,2.8,102.5497,21221.2,70.1
2022-03-12,84180.0,13736.0,3141.557,0.08,2.8,102.5497,21221.2,70.1
2022-03-13,84180.0,13736.0,3141.557,0.08,2.8,102.5497,21221.2,70.1
2022-03-14,84180.0,13736.0,3141.557,0.08,2.8,102.5497,21221.2,70.1
2022-03-15,84180.0,13736.0,3141.557,0.08,2.8,102.5497,21221.2,70.1
2022-03-16,84180.0,13736.0,3141.557,0.08,2.8,102.5497,21221.2,70.1
2022-03-17,84180.0,13736.0,3141.557,0.33,2.8,102.5497,21221.2,70.1
2022-03-18,84180.0,13736.0,3141.557,0.33,2.8,102.5497,21221.2,70.1
2022-03-19,84180.0,13736.0,3141.557,0.33,2.8,102.5497,21221.2,70.1
2022-03-20,84180.0,13736.0,3141.557,0.33,2.8,102.5497,21221.2,70.1
2022-03-21,84180.0,13736.0,3141.557,0.33,2.8,102.5497,21221.2,70.1
2022-03-22,84180.0,13736.0,3141.557,0.33,2.8,102.5497,21221.2,70.1
2022-03-23,84180.0,13736.0,3141.557,0.33,2.8,102.5497,21221.2,70.1
2022-03-24,84180.0,13736.0,3141.557,0.33,2.8,102.5497,21221.2,70.1
2022-03-25,84180.0,13736.0,3141.557,0.33,2.8,102.5497,21221.2,70.1
2022-03-26,84180.0,13736.0,3141.557,0.33,2.8,102.5497,21221.2,70.1
2022-03-27,84180.0,13736.0,3141.557,0.33,2.8,102.5497,21221.2,70.1
2022-03-28,84180.0,13736.0,3141.557,0.33,2.8,102.5497,21221.2,70.1
2022-03-29,84180.0,13736.0,3141.557,0.33,2.8,102.5497,21221.2,70.1
2022-03-30,84180.0,13736.0,3141.557,0.33,2.8,102.5497,21221.2,70.1
2022-03-31,84180.0,13736.0,3141.557,0.33,2.8,102.5497,21221.2,70.1
2022-04-02,84180.0,13736.0,3141.557,0.33,2.8,102.5497,21221.2,70.1
2022-04-03,84180.0,13736.0,3141.557,0.33,2.8,102.5497,21221.2,70.1
2022-04-04,84180.0,13736.0,3141.557,0.33,2.8,102.5497,21221.2,70.1
2022-04-05,84180.0,13736.0,3141.557,0.33,2.8,102.5497,21221.2,70.1
2022-04-06,84180.0,13736.0,3141.557,0.33,2.8,102.5497,21221.2,70.1
2022-04-07,84180.0,13736.0,3141.557,0.33,2.8,102.5497,21221.2,70.1
2022-04-08,84180.0,13736.0,3141.557,0.33,2.8,102.5497,21221.2,70.1
2022-04-09,84180.0,13736.0,3141.557,0.33,2.8,102.5497,21221.2,70.1
2022-04-10,84180.0,13736.0,3141.557,0.33,2.8,102.5497,21221.2,70.1
2022-04-11,84180.0,13736.0,3141.557,0.33,2.8,102.5497,21221.2,70.1
2022-04-12,84180.0,13736.0,3141.557,0.33,2.8,102.5497,21221.2,70.1
2022-04-13,84180.0,13736.0,3141.557,0.33,2.8,102.5497,21221.2,70.1
2022-04-14,84180.0,13736.0,3141.557,0.33,2.8,102.5497,21221.2,70.1
2022-04-15,84180.0,13736.0,3141.557,0.33,2.8,102.5497,21221.2,70.1
2022-04-16,84180.0,13736.0,3141.557,0.33,2.8,102.5497,21221.2,70.1
2022-04-17,84180.0,13736.0,3141.557,0.33,2.8,102.5497,21221.2,70.1
2022-04-18,84180.0,13736.0,3141.557,0.33,2.8,102.5497,21221.2,70.1
2022-04-19,84180.0,13736.0,3141.557,0.33,2.8,102.5497,21221.2,70.1
2022-04-20,84180.0,13736.0,3141.557,0.33,2.8,102.5497,21221.2,70.1
2022-04-21,84180.0,13736.0,3141.557,0.33,2.8,102.5497,21221.2,70.1
2022-04-22,84180.0,13736.0,3141.557,0.33,2.8,102.5497,21221.2,70.1
2022-04-23,84180.0,13736.0,3141.557,0.33,2.8,102.5497,21221.2,70.1
2022-04-24,84180.0,13736.0,3141.557,0.33,2.8,102.5497,21221.2,70.1
2022-04-25,84180.0,13736.0,3141.557,0.33,2.8,102.5497,21221.2,70.1
2022-04-26,84180.0,13736.0,3141.557,0.33,2.8,102.5497,21221.2,70.1
2022-04-27,84180.0,13736.0,3141.557,0.33,2.8,102.5497,21221.2,70.1
2022-04-28,84180.0,13736.0,3141.557,0.33,2.8,102.5497,21221.2,70.1
2022-04-29,84180.0,13736.0,3141.557,0.33,2.8,102.5497,21221.2,70.1
2022-04-30,84180.0,13736.0,3141.557,0.33,2.8,102.5497,21221.2,70.1
2022-05-02,84180.0,13736.0,3141.557,0.33,2.8,102.5497,21221.2,70.1
2022-05-03,84180.0,13736.0,3141.557,0.33,2.8,102.5497,21221.2,70.1
2022-05-04,84180.0,13736.0,3141.557,0.33,2.8,102.5497,21221.2,70.1
2022-05-05,84180.0,13736.0,3141.557,0.83,2.8,102.5497,21221.2,70.1
2022-05-06,84180.0,13736.0,3141.557,0.83,2.8,102.5497,21221.2,70.1
2022-05-07,84180.0,13736.0,3141.557,0.83,2.8,102.5497,21221.2,70.1
2022-05-08,84180.0,13736.0,3141.557,0.83,2.8,102.5497,21221.2,70.1
2022-05-09,84180.0,13736.0,3141.557,0.83,2.8,102.5497,21221.2,70.1
2022-05-10,84180.0,13736.0,3141.557,0.83,2.8,102.5497,21221.2,70.1
2022-05-11,84180.0,13736.0,3141.557,0.83,2.8,102.5497,21221.2,70.1
2022-05-12,84180.0,13736.0,3141.557,0.83,2.8,102.5497,21221.2,70.1
2022-05-13,84180.0,13736.0,3141.557,0.83,2.8,102.5497,21221.2,70.1
2022-05-14,84180.0,13736.0,3141.557,0.83,2.8,102.5497,21221.2,70.1
2022-05-15,84180.0,13736.0,3141.557,0.83,2.8,102.5497,21221.2,70.1
2022-05-16,84180.0,13736.0,3141.557,0.83,2.8,102.5497,21221.2,70.1
2022-05-17,84180.0,13736.0,3141.557,0.83,2.8,102.5497,21221.2,70.1
2022-05-18,84180.0,13736.0,3141.557,0.83,2.8,102.5497,21221.2,70.1
2022-05-19,84180.0,13736.0,3141.557,0.83,2.8,102.5497,21221.2,70.1
2022-05-20,84180.0,13736.0,3141.557,0.83,2.8,102.5497,21221.2,70.1
2022-05-21,84180.0,13736.0,3141.557,0.83,2.8,102.5497,21221.2,70.1
2022-05-22,84180.0,13736.0,3141.557,0.83,2.8,102.5497,21221.2,70.1
2022-05-23,84180.0,13736.0,3141.557,0.83,2.8,102.5497,21221.2,70.1
2022-05-24,84180.0,13736.0,3141.557,0.83,2.8,102.5497,21221.2,70.1
2022-05-25,84180.0,13736.0,3141.557,0.83,2.8,102.5497,21221.2,70.1
2022-05-26,84180.0,13736.0,3141.557,0.83,2.8,102.5497,21221.2,70.1
2022-05-27,84180.0,13736.0,3141.557,0.83,2.8,102.5497,21221.2,70.1
2022-05-28,84180.0,13736.0,3141.557,0.83,2.8,102.5497,21221.2,70.1
2022-05-29,84180.0,13736.0,3141.557,0.83,2.8,102.5497,21221.2,70.1
2022-05-30,84180.0,13736.0,3141.557,0.83,2.8,102.5497,21221.2,70.1
2022-05-31,84180.0,13736.0,3141.557,0.83,2.8,102.5497,21221.2,70.1
2022-06-02,84180.0,13736.0,3141.557,0.83,2.8,102.5497,21221.2,70.1
2022-06-03,84180.0,13736.0,3141.557,0.83,2.8,102.5497,21221.2,70.1
2022-06-04,84180.0,13736.0,3141.557,0.83,2.8,102.5497,21221.2,70.1
2022-06-05,84180.0,13736.0,3141.557,0.83,2.8,102.5497,21221.2,70.1
2022-06-06,84180.0,13736.0,3141.557,0.83,2.8,102.5497,21221.2,70.1
2022-06-07,84180.0,13736.0,3141.557,0.83,2.8,102.5497,21221.2,70.1
2022-06-08,84180.0,13736.0,3141.557,0.83,2.8,102.5497,21221.2,70.1
2022-06-09,84180.0,13736.0,3141.557,0.83,2.8,102.5497,21221.2,70.1
2022-06-10,84180.0,13736.0,3141.557,0.83,2.8,102.5497,21221.2,70.1
2022-06-11,84180.0,13736.0,3141.557,0.83,2.8,102.5497,21221.2,70.1
2022-06-12,84180.0,13736.0,3141.557,0.83,2.8,102.5497,21221.2,70.1
2022-06-13,84180.0,13736.0,3141.557,0.83,2.8,102.5497,21221.2,70.1
2022-06-14,84180.0,13736.0,3141.557,0.83,2.8,102.5497,21221.2,70.1
2022-06-15,84180.0,13736.0,3141.557,0.83,2.8,102.5497,21221.2,70.1
2022-06-16,84180.0,13736.0,3141.557,1.58,2.8,102.5497,21221.2,70.1
2022-06-17,84180.0,13736.0,3141.557,1.58,2.8,102.5497,21221.2,70.1
2022-06-18,84180.0,13736.0,3141.557,1.58,2.8,102.5497,21221.2,70.1
2022-06-19,84180.0,13736.0,3141.557,1.58,2.8,102.5497,21221.2,70.1
2022-06-20,84180.0,13736.0,3141.557,1.58,2.8,102.5497,21221.2,70.1
2022-06-21,84180.0,13736.0,3141.557,1.58,2.8,102.5497,21221.2,70.1
2022-06-22,84180.0,13736.0,3141.557,1.58,2.8,102.5497,21221.2,70.1
2022-06-23,84180.0,13736.0,3141.557,1.58,2.8,102.5497,21221.2,70.1
2022-06-24,84180.0,13736.0,3141.557,1.58,2.8,102.5497,21221.2,70.1
2022-06-25,84180.0,13736.0,3141.557,1.58,2.8,102.5497,21221.2,70.1
2022-06-26,84180.0,13736.0,3141.557,1.58,2.8,102.5497,21221.2,70.1
2022-06-27,84180.0,13736.0,3141.557,1.58,2.8,102.5497,21221.2,70.1
2022-06-28,84180.0,13736.0,3141.557,1.58,2.8,102.5497,21221.2,70.1
2022-06-29,84180.0,13736.0,3141.557,1.58,2.8,102.5497,21221.2,70.1
2022-06-30,84180.0,13736.0,3141.557,1.58,2.8,102.5497,21221.2,70.1
2022-07-02,84180.0,13736.0,3141.557,1.58,2.8,102.5497,21221.2,70.1
2022-07-03,84180.0,13736.0,3141.557,1.58,2.8,102.5497,21221.2,70.1
2022-07-04,84180.0,13736.0,3141.557,1.58,2.8,102.5497,21221.2,70.1
2022-07-05,84180.0,13736.0,3141.557,1.58,2.8,102.5497,21221.2,70.1
2022-07-06,84180.0,13736.0,3141.557,1.58,2.8,102.5497,21221.2,70.1
2022-07-07,84180.0,13736.0,3141.557,1.58,2.8,102.5497,21221.2,70.1
2022-07-08,84180.0,13736.0,3141.557,1.58,2.8,102.5497,21221.2,70.1
2022-07-09,84180.0,13736.0,3141.557,1.58,2.8,102.5497,21221.2,70.1
2022-07-10,84180.0,13736.0,3141.557,1.58,2.8,102.5497,21221.2,70.1
2022-07-11,84180.0,13736.0,3141.557,1.58,2.8,102.5497,21221.2,70.1
2022-07-12,84180.0,13736.0,3141.557,1.58,2.8,102.5497,21221.2,70.1
2022-07-13,84180.0,13736.0,3141.557,1.58,2.8,102.5497,21221.2,70.1
2022-07-14,84180.0,13736.0,3141.557,1.58,2.8,102.5497,21221.2,70.1
2022-07-15,84180.0,13736.0,3141.557,1.58,2.8,102.5497,21221.2,70.1
2022-07-16,84180.0,13736.0,3141.557,1.58,2.8,102.5497,21221.2,70.1
2022-07-17,84180.0,13736.0,3141.557,1.58,2.8,102.5497,21221.2,70.1
2022-07-18,84180.0,13736.0,3141.557,1.58,2.8,102.5497,21221.2,70.1
2022-07-19,84180.0,13736.0,3141.557,1.58,2.8,102.5497,21221.2,70.1
2022-07-20,84180.0,13736.0,3141.557,1.58,2.8,102.5497,21221.2,70.1
2022-07-21,84180.0,13736.0,3141.557,1.58,2.8,102.5497,21221.2,70.1
2022-07-22,84180.0,13736.0,3141.557,1.58,2.8,102.5497,21221.2,70.1
2022-07-23,84180.0,13736.0,3141.557,1.58,2.8,102.5497,21221.2,70.1
2022-07-24,84180.0,13736.0,3141.557,1.58,2.8,102.5497,21221.2,70.1
2022-07-25,84180.0,13736.0,3141.557,1.58,2.8,102.5497,21221.2,70.1
2022-07-26,84180.0,13736.0,3141.557,1.58,2.8,102.5497,21221.2,70.1
2022-07-27,84180.0,13736.0,3141.557,1.58,2.8,102.5497,21221.2,70.1
2022-07-28,84180.0,13736.0,3141.557,2.33,2.8,102.5497,21221.2,70.1
2022-07-29,84180.0,13736.0,3141.557,2.32,2.8,102.5497,21221.2,70.1
2022-07-30,84180.0,13736.0,3141.557,2.32,2.8,102.5497,21221.2,70.1
2022-07-31,84180.0,13736.0,3141.557,2.32,2.8,102.5497,21221.2,70.1
2022-08-02,84180.0,13736.0,3141.557,2.33,2.8,102.5497,21221.2,70.1
2022-08-03,84180.0,13736.0,3141.557,2.33,2.8,102.5497,21221.2,70.1
2022-08-04,84180.0,13736.0,3141.557,2.33,2.8,102.5497,21221.2,70.1
2022-08-05,84180.0,13736.0,3141.557,2.33,2.8,102.5497,21221.2,70.1
2022-08-06,84180.0,13736.0,3141.557,2.33,2.8,102.5497,21221.2,70.1
2022-08-07,84180.0,13736.0,3141.557,2.33,2.8,102.5497,21221.2,70.1
2022-08-08,84180.0,13736.0,3141.557,2.33,2.8,102.5497,21221.2,70.1
2022-08-09,84180.0,13736.0,3141.557,2.33,2.8,102.5497,21221.2,70.1
2022-08-10,84180.0,13736.0,3141.557,2.33,2.8,102.5497,21221.2,70.1
2022-08-11,84180.0,13736.0,3141.557,2.33,2.8,102.5497,21221.2,70.1
2022-08-12,84180.0,13736.0,3141.557,2.33,2.8,102.5497,21221.2,70.1
2022-08-13,84180.0,13736.0,3141.557,2.33,2.8,102.5497,21221.2,70.1
2022-08-14,84180.0,13736.0,3141.557,2.33,2.8,102.5497,21221.2,70.1
2022-08-15,84180.0,13736.0,3141.557,2.33,2.8,102.5497,21221.2,70.1
2022-08-16,84180.0,13736.0,3141.557,2.33,2.8,102.5497,21221.2,70.1
2022-08-17,84180.0,13736.0,3141.557,2.33,2.8,102.5497,21221.2,70.1
2022-08-18,84180.0,13736.0,3141.557,2.33,2.8,102.5497,21221.2,70.1
2022-08-19,84180.0,13736.0,3141.557,2.33,2.8,102.5497,21221.2,70.1
2022-08-20,84180.0,13736.0,3141.557,2.33,2.8,102.5497,21221.2,70.1
2022-08-21,84180.0,13736.0,3141.557,2.33,2.8,102.5497,21221.2,70.1
2022-08-22,84180.0,13736.0,3141.557,2.33,2.8,102.5497,21221.2,70.1
2022-08-23,84180.0,13736.0,3141.557,2.33,2.8,102.5497,21221.2,70.1
2022-08-24,84180.0,13736.0,3141.557,2.33,2.8,102.5497,21221.2,70.1
2022-08-25,84180.0,13736.0,3141.557,2.33,2.8,102.5497,21221.2,70.1
2022-08-26,84180.0,13736.0,3141.557,2.33,2.8,102.5497,21221.2,70.1
2022-08-27,84180.0,13736.0,3141.557,2.33,2.8,102.5497,21221.2,70.1
2022-08-28,84180.0,13736.0,3141.557,2.33,2.8,102.5497,21221.2,70.1
2022-08-29,84180.0,13736.0,3141.557,2.33,2.8,102.5497,21221.2,70.1
2022-08-30,84180.0,13736.0,3141.557,2.33,2.8,102.5497,21221.2,70.1
2022-08-31,84180.0,13736.0,3141.557,2.33,2.8,102.5497,21221.2,70.1
2022-09-02,84180.0,13736.0,3141.557,2.33,2.8,102.5497,21221.2,70.1
2022-09-03,84180.0,13736.0,3141.557,2.33,2.8,102.5497,21221.2,70.1
2022-09-04,84180.0,13736.0,3141.557,2.33,2.8,102.5497,21221.2,70.1
2022-09-05,84180.0,13736.0,3141.557,2.33,2.8,102.5497,21221.2,70.1
2022-09-06,84180.0,13736.0,3141.557,2.33,2.8,102.5497,21221.2,70.1
2022-09-07,84180.0,13736.0,3141.557,2.33,2.8,102.5497,21221.2,70.1
2022-09-08,84180.0,13736.0,3141.557,2.33,2.8,102.5497,21221.2,70.1
2022-09-09,84180.0,13736.0,3141.557,2.33,2.8,102.5497,21221.2,70.1
2022-09-10,84180.0,13736.0,3141.557,2.33,2.8,102.5497,21221.2,70.1
2022-09-11,84180.0,13736.0,3141.557,2.33,2.8,102.5497,21221.2,70.1
2022-09-12,84180.0,13736.0,3141.557,2.33,2.8,102.5497,21221.2,70.1
2022-09-13,84180.0,13736.0,3141.557,2.33,2.8,102.5497,21221.2,70.1
2022-09-14,84180.0,13736.0,3141.557,2.33,2.8,102.5497,21221.2,70.1
2022-09-15,84180.0,13736.0,3141.557,2.33,2.8,102.5497,21221.2,70.1
2022-09-16,84180.0,13736.0,3141.557,2.33,2.8,102.5497,21221.2,70.1
2022-09-17,84180.0,13736.0,3141.557,2.33,2.8,102.5497,21221.2,70.1
2022-09-18,84180.0,13736.0,3141.557,2.33,2.8,102.5497,21221.2,70.1
2022-09-19,84180.0,13736.0,3141.557,2.33,2.8,102.5497,21221.2,70.1
2022-09-20,84180.0,13736.0,3141.557,2.33,2.8,102.5497,21221.2,70.1
2022-09-21,84180.0,13736.0,3141.557,2.33,2.8,102.5497,21221.2,70.1
2022-09-22,84180.0,13736.0,3141.557,3.08,2.8,102.5497,21221.2,70.1
2022-09-23,84180.0,13736.0,3141.557,3.08,2.8,102.5497,21221.2,70.1
2022-09-24,84180.0,13736.0,3141.557,3.08,2.8,102.5497,21221.2,70.1
2022-09-25,84180.0,13736.0,3141.557,3.08,2.8,102.5497,21221.2,70.1
2022-09-26,84180.0,13736.0,3141.557,3.08,2.8,102.5497,21221.2,70.1
2022-09-27,84180.0,13736.0,3141.557,3.08,2.8,102.5497,21221.2,70.1
2022-09-28,84180.0,13736.0,3141.557,3.08,2.8,102.5497,21221.2,70.1
2022-09-29,84180.0,13736.0,3141.557,3.08,2.8,102.5497,21221.2,70.1
2022-09-30,84180.0,13736.0,3141.557,3.08,2.8,102.5497,21221.2,70.1
2022-10-02,84180.0,13736.0,3141.557,3.08,2.8,102.5497,21221.2,70.1
2022-10-03,84180.0,13736.0,3141.557,3.08,2.8,102.5497,21221.2,70.1
2022-10-04,84180.0,13736.0,3141.557,3.08,2.8,102.5497,21221.2,70.1
2022-10-05,84180.0,13736.0,3141.557,3.08,2.8,102.5497,21221.2,70.1
2022-10-06,84180.0,13736.0,3141.557,3.08,2.8,102.5497,21221.2,70.1
2022-10-07,84180.0,13736.0,3141.557,3.08,2.8,102.5497,21221.2,70.1
2022-10-08,84180.0,13736.0,3141.557,3.08,2.8,102.5497,21221.2,70.1
2022-10-09,84180.0,13736.0,3141.557,3.08,2.8,102.5497,21221.2,70.1
2022-10-10,84180.0,13736.0,3141.557,3.08,2.8,102.5497,21221.2,70.1
2022-10-11,84180.0,13736.0,3141.557,3.08,2.8,102.5497,21221.2,70.1
2022-10-12,84180.0,13736.0,3141.557,3.08,2.8,102.5497,21221.2,70.1
2022-10-13,84180.0,13736.0,3141.557,3.08,2.8,102.5497,21221.2,70.1
2022-10-14,84180.0,13736.0,3141.557,3.08,2.8,102.5497,21221.2,70.1
2022-10-15,84180.0,13736.0,3141.557,3.08,2.8,102.5497,21221.2,70.1
2022-10-16,84180.0,13736.0,3141.557,3.08,2.8,102.5497,21221.2,70.1
2022-10-17,84180.0,13736.0,3141.557,3.08,2.8,102.5497,21221.2,70.1
2022-10-18,84180.0,13736.0,3141.557,3.08,2.8,102.5497,21221.2,70.1
2022-10-19,84180.0,13736.0,3141.557,3.08,2.8,102.5497,21221.2,70.1
2022-10-20,84180.0,13736.0,3141.557,3.08,2.8,102.5497,21221.2,70.1
2022-10-21,84180.0,13736.0,3141.557,3.08,2.8,102.5497,21221.2,70.1
2022-10-22,84180.0,13736.0,3141.557,3.08,2.8,102.5497,21221.2,70.1
2022-10-23,84180.0,13736.0,3141.557,3.08,2.8,102.5497,21221.2,70.1
2022-10-24,84180.0,13736.0,3141.557,3.08,2.8,102.5497,21221.2,70.1
2022-10-25,84180.0,13736.0,3141.557,3.08,2.8,102.5497,21221.2,70.1
2022-10-26,84180.0,13736.0,3141.557,3.08,2.8,102.5497,21221.2,70.1
2022-10-27,84180.0,13736.0,3141.557,3.08,2.8,102.5497,21221.2,70.1
2022-10-28,84180.0,13736.0,3141.557,3.08,2.8,102.5497,21221.2,70.1
2022-10-29,84180.0,13736.0,3141.557,3.08,2.8,102.5497,21221.2,70.1
2022-10-30,84180.0,13736.0,3141.557,3.08,2.8,102.5497,21221.2,70.1
2022-10-31,84180.0,13736.0,3141.557,3.08,2.8,102.5497,21221.2,70.1
2022-11-02,84180.0,13736.0,3141.557,3.08,2.8,102.5497,21221.2,70.1
2022-11-03,84180.0,13736.0,3141.557,3.83,2.8,102.5497,21221.2,70.1
2022-11-04,84180.0,13736.0,3141.557,3.83,2.8,102.5497,21221.2,70.1
2022-11-05,84180.0,13736.0,3141.557,3.83,2.8,102.5497,21221.2,70.1
2022-11-06,84180.0,13736.0,3141.557,3.83,2.8,102.5497,21221.2,70.1
2022-11-07,84180.0,13736.0,3141.557,3.83,2.8,102.5497,21221.2,70.1
2022-11-08,84180.0,13736.0,3141.557,3.83,2.8,102.5497,21221.2,70.1
2022-11-09,84180.0,13736.0,3141.557,3.83,2.8,102.5497,21221.2,70.1
2022-11-10,84180.0,13736.0,3141.557,3.83,2.8,102.5497,21221.2,70.1
2022-11-11,84180.0,13736.0,3141.557,3.83,2.8,102.5497,21221.2,70.1
2022-11-12,84180.0,13736.0,3141.557,3.83,2.8,102.5497,21221.2,70.1
2022-11-13,84180.0,13736.0,3141.557,3.83,2.8,102.5497,21221.2,70.1
2022-11-14,84180.0,13736.0,3141.557,3.83,2.8,102.5497,21221.2,70.1
2022-11-15,84180.0,13736.0,3141.557,3.83,2.8,102.5497,21221.2,70.1
2022-11-16,84180.0,13736.0,3141.557,3.83,2.8,102.5497,21221.2,70.1
2022-11-17,84180.0,13736.0,3141.557,3.83,2.8,102.5497,21221.2,70.1
2022-11-18,84180.0,13736.0,3141.557,3.83,2.8,102.5497,21221.2,70.1
2022-11-19,84180.0,13736.0,3141.557,3.83,2.8,102.5497,21221.2,70.1
2022-11-20,84180.0,13736.0,3141.557,3.83,2.8,102.5497,21221.2,70.1
2022-11-21,84180.0,13736.0,3141.557,3.83,2.8,102.5497,21221.2,70.1
2022-11-22,84180.0,13736.0,3141.557,3.83,2.8,102.5497,21221.2,70.1
2022-11-23,84180.0,13736.0,3141.557,3.83,2.8,102.5497,21221.2,70.1
2022-11-24,84180.0,13736.0,3141.557,3.83,2.8,102.5497,21221.2,70.1
2022-11-25,84180.0,13736.0,3141.557,3.83,2.8,102.5497,21221.2,70.1
2022-11-26,84180.0,13736.0,3141.557,3.83,2.8,102.5497,21221.2,70.1
2022-11-27,84180.0,13736.0,3141.557,3.83,2.8,102.5497,21221.2,70.1
2022-11-28,84180.0,13736.0,3141.557,3.83,2.8,102.5497,21221.2,70.1
2022-11-29,84180.0,13736.0,3141.557,3.83,2.8,102.5497,21221.2,70.1
2022-11-30,84180.0,13736.0,3141.557,3.83,2.8,102.5497,21221.2,70.1
2022-12-02,84180.0,13736.0,3141.557,3.83,2.8,102.5497,21221.2,70.1
2022-12-03,84180.0,13736.0,3141.557,3.83,2.8,102.5497,21221.2,70.1
2022-12-04,84180.0,13736.0,3141.557,3.83,2.8,102.5497,21221.2,70.1
2022-12-05,84180.0,13736.0,3141.557,3.83,2.8,102.5497,21221.2,70.1
2022-12-06,84180.0,13736.0,3141.557,3.83,2.8,102.5497,21221.2,70.1
2022-12-07,84180.0,13736.0,3141.557,3.83,2.8,102.5497,21221.2,70.1
2022-12-08,84180.0,13736.0,3141.557,3.83,2.8,102.5497,21221.2,70.1
2022-12-09,84180.0,13736.0,3141.557,3.83,2.8,102.5497,21221.2,70.1
2022-12-10,84180.0,13736.0,3141.557,3.83,2.8,102.5497,21221.2,70.1
2022-12-11,84180.0,13736.0,3141.557,3.83,2.8,102.5497,21221.2,70.1
2022-12-12,84180.0,13736.0,3141.557,3.83,2.8,102.5497,21221.2,70.1
2022-12-13,84180.0,13736.0,3141.557,3.83,2.8,102.5497,21221.2,70.1
2022-12-14,84180.0,13736.0,3141.557,3.83,2.8,102.5497,21221.2,70.1
2022-12-15,84180.0,13736.0,3141.557,4.33,2.8,102.5497,21221.2,70.1
2022-12-16,84180.0,13736.0,3141.557,4.33,2.8,102.5497,21221.2,70.1
2022-12-17,84180.0,13736.0,3141.557,4.33,2.8,102.5497,21221.2,70.1
2022-12-18,84180.0,13736.0,3141.557,4.33,2.8,102.5497,21221.2,70.1
2022-12-19,84180.0,13736.0,3141.557,4.33,2.8,102.5497,21221.2,70.1
2022-12-20,84180.0,13736.0,3141.557,4.33,2.8,102.5497,21221.2,70.1
2022-12-21,84180.0,13736.0,3141.557,4.33,2.8,102.5497,21221.2,70.1
2022-12-22,84180.0,13736.0,3141.557,4.33,2.8,102.5497,21221.2,70.1
2022-12-23,84180.0,13736.0,3141.557,4.33,2.8,102.5497,21221.2,70.1
2022-12-24,84180.0,13736.0,3141.557,4.33,2.8,102.5497,21221.2,70.1
2022-12-25,84180.0,13736.0,3141.557,4.33,2.8,102.5497,21221.2,70.1
2022-12-26,84180.0,13736.0,3141.557,4.33,2.8,102.5497,21221.2,70.1
2022-12-27,84180.0,13736.0,3141.557,4.33,2.8,102.5497,21221.2,70.1
2022-12-28,84180.0,13736.0,3141.557,4.33,2.8,102.5497,21221.2,70.1
2022-12-29,84180.0,13736.0,3141.557,4.33,2.8,102.5497,21221.2,70.1
2022-12-30,84180.0,13736.0,3141.557,4.33,2.8,102.5497,21221.2,70.1
2022-12-31,84180.0,13736.0,3141.557,4.33,2.8,102.5497,21221.2,70.1
2023-01-02,84180.0,13736.0,3141.557,4.33,2.8,102.5497,21221.2,70.1
2023-01-03,84180.0,13736.0,3141.557,4.33,2.8,102.5497,21221.2,70.1
2023-01-04,84180.0,13736.0,3141.557,4.33,2.8,102.5497,21221.2,70.1
2023-01-05,84180.0,13736.0,3141.557,4.33,2.8,102.5497,21221.2,70.1
2023-01-06,84180.0,13736.0,3141.557,4.33,2.8,102.5497,21221.2,70.1
2023-01-07,84180.0,13736.0,3141.557,4.33,2.8,102.5497,21221.2,70.1
2023-01-08,84180.0,13736.0,3141.557,4.33,2.8,102.5497,21221.2,70.1
2023-01-09,84180.0,13736.0,3141.557,4.33,2.8,102.5497,21221.2,70.1
2023-01-10,84180.0,13736.0,3141.557,4.33,2.8,102.5497,21221.2,70.1
2023-01-11,84180.0,13736.0,3141.557,4.33,2.8,102.5497,21221.2,70.1
2023-01-12,84180.0,13736.0,3141.557,4.33,2.8,102.5497,21221.2,70.1
2023-01-13,84180.0,13736.0,3141.557,4.33,2.8,102.5497,21221.2,70.1
2023-01-14,84180.0,13736.0,3141.557,4.33,2.8,102.5497,21221.2,70.1
2023-01-15,84180.0,13736.0,3141.557,4.33,2.8,102.5497,21221.2,70.1
2023-01-16,84180.0,13736.0,3141.557,4.33,2.8,102.5497,21221.2,70.1
2023-01-17,84180.0,13736.0,3141.557,4.33,2.8,102.5497,21221.2,70.1
2023-01-18,84180.0,13736.0,3141.557,4.33,2.8,102.5497,21221.2,70.1
2023-01-19,84180.0,13736.0,3141.557,4.33,2.8,102.5497,21221.2,70.1
2023-01-20,84180.0,13736.0,3141.557,4.33,2.8,102.5497,21221.2,70.1
2023-01-21,84180.0,13736.0,3141.557,4.33,2.8,102.5497,21221.2,70.1
2023-01-22,84180.0,13736.0,3141.557,4.33,2.8,102.5497,21221.2,70.1
2023-01-23,84180.0,13736.0,3141.557,4.33,2.8,102.5497,21221.2,70.1
2023-01-24,84180.0,13736.0,3141.557,4.33,2.8,102.5497,21221.2,70.1
2023-01-25,84180.0,13736.0,3141.557,4.33,2.8,102.5497,21221.2,70.1
2023-01-26,84180.0,13736.0,3141.557,4.33,2.8,102.5497,21221.2,70.1
2023-01-27,84180.0,13736.0,3141.557,4.33,2.8,102.5497,21221.2,70.1
2023-01-28,84180.0,13736.0,3141.557,4.33,2.8,102.5497,21221.2,70.1
2023-01-29,84180.0,13736.0,3141.557,4.33,2.8,102.5497,21221.2,70.1
2023-01-30,84180.0,13736.0,3141.557,4.33,2.8,102.5497,21221.2,70.1
2023-01-31,84180.0,13736.0,3141.557,4.33,2.8,102.5497,21221.2,70.1
2023-02-02,84180.0,13736.0,3141.557,4.58,2.8,102.5497,21221.2,70.1
2023-02-03,84180.0,13736.0,3141.557,4.58,2.8,102.5497,21221.2,70.1
2023-02-04,84180.0,13736.0,3141.557,4.58,2.8,102.5497,21221.2,70.1
2023-02-05,84180.0,13736.0,3141.557,4.58,2.8,102.5497,21221.2,70.1
2023-02-06,84180.0,13736.0,3141.557,4.58,2.8,102.5497,21221.2,70.1
2023-02-07,84180.0,13736.0,3141.557,4.58,2.8,102.5497,21221.2,70.1
2023-02-08,84180.0,13736.0,3141.557,4.58,2.8,102.5497,21221.2,70.1
2023-02-09,84180.0,13736.0,3141.557,4.57,2.8,102.5497,21221.2,70.1
2023-02-10,84180.0,13736.0,3141.557,4.58,2.8,102.5497,21221.2,70.1
2023-02-11,84180.0,13736.0,3141.557,4.58,2.8,102.5497,21221.2,70.1
2023-02-12,84180.0,13736.0,3141.557,4.58,2.8,102.5497,21221.2,70.1
2023-02-13,84180.0,13736.0,3141.557,4.58,2.8,102.5497,21221.2,70.1
2023-02-14,84180.0,13736.0,3141.557,4.58,2.8,102.5497,21221.2,70.1
2023-02-15,84180.0,13736.0,3141.557,4.58,2.8,102.5497,21221.2,70.1
2023-02-16,84180.0,13736.0,3141.557,4.58,2.8,102.5497,21221.2,70.1
2023-02-17,84180.0,13736.0,3141.557,4.58,2.8,102.5497,21221.2,70.1
2023-02-18,84180.0,13736.0,3141.557,4.58,2.8,102.5497,21221.2,70.1
2023-02-19,84180.0,13736.0,3141.557,4.58,2.8,102.5497,21221.2,70.1
2023-02-20,84180.0,13736.0,3141.557,4.58,2.8,102.5497,21221.2,70.1
2023-02-21,84180.0,13736.0,3141.557,4.58,2.8,102.5497,21221.2,70.1
2023-02-22,84180.0,13736.0,3141.557,4.58,2.8,102.5497,21221.2,70.1
2023-02-23,84180.0,13736.0,3141.557,4.58,2.8,102.5497,21221.2,70.1
2023-02-24,84180.0,13736.0,3141.557,4.58,2.8,102.5497,21221.2,70.1
2023-02-25,84180.0,13736.0,3141.557,4.58,2.8,102.5497,21221.2,70.1
2023-02-26,84180.0,13736.0,3141.557,4.58,2.8,102.5497,21221.2,70.1
2023-02-27,84180.0,13736.0,3141.557,4.57,2.8,102.5497,21221.2,70.1
2023-02-28,84180.0,13736.0,3141.557,4.57,2.8,102.5497,21221.2,70.1
2023-03-02,84180.0,13736.0,3141.557,4.57,2.8,102.5497,21221.2,70.1
2023-03-03,84180.0,13736.0,3141.557,4.57,2.8,102.5497,21221.2,70.1
2023-03-04,84180.0,13736.0,3141.557,4.57,2.8,102.5497,21221.2,70.1
2023-03-05,84180.0,13736.0,3141.557,4.57,2.8,102.5497,21221.2,70.1
2023-03-06,84180.0,13736.0,3141.557,4.57,2.8,102.5497,21221.2,70.1
2023-03-07,84180.0,13736.0,3141.557,4.57,2.8,102.5497,21221.2,70.1
2023-03-08,84180.0,13736.0,3141.557,4.57,2.8,102.5497,21221.2,70.1
2023-03-09,84180.0,13736.0,3141.557,4.57,2.8,102.5497,21221.2,70.1
2023-03-10,84180.0,13736.0,3141.557,4.57,2.8,102.5497,21221.2,70.1
2023-03-11,84180.0,13736.0,3141.557,4.57,2.8,102.5497,21221.2,70.1
2023-03-12,84180.0,13736.0,3141.557,4.57,2.8,102.5497,21221.2,70.1
2023-03-13,84180.0,13736.0,3141.557,4.58,2.8,102.5497,21221.2,70.1
2023-03-14,84180.0,13736.0,3141.557,4.58,2.8,102.5497,21221.2,70.1
2023-03-15,84180.0,13736.0,3141.557,4.58,2.8,102.5497,21221.2,70.1
2023-03-16,84180.0,13736.0,3141.557,4.58,2.8,102.5497,21221.2,70.1
2023-03-17,84180.0,13736.0,3141.557,4.58,2.8,102.5497,21221.2,70.1
2023-03-18,84180.0,13736.0,3141.557,4.58,2.8,102.5497,21221.2,70.1
2023-03-19,84180.0,13736.0,3141.557,4.58,2.8,102.5497,21221.2,70.1
2023-03-20,84180.0,13736.0,3141.557,4.58,2.8,102.5497,21221.2,70.1
2023-03-21,84180.0,13736.0,3141.557,4.58,2.8,102.5497,21221.2,70.1
2023-03-22,84180.0,13736.0,3141.557,4.58,2.8,102.5497,21221.2,70.1
2023-03-23,84180.0,13736.0,3141.557,4.83,2.8,102.5497,21221.2,70.1
2023-03-24,84180.0,13736.0,3141.557,4.83,2.8,102.5497,21221.2,70.1
2023-03-25,84180.0,13736.0,3141.557,4.83,2.8,102.5497,21221.2,70.1
2023-03-26,84180.0,13736.0,3141.557,4.83,2.8,102.5497,21221.2,70.1
2023-03-27,84180.0,13736.0,3141.557,4.83,2.8,102.5497,21221.2,70.1
2023-03-28,84180.0,13736.0,3141.557,4.83,2.8,102.5497,21221.2,70.1
2023-03-29,84180.0,13736.0,3141.557,4.83,2.8,102.5497,21221.2,70.1
2023-03-30,84180.0,13736.0,3141.557,4.83,2.8,102.5497,21221.2,70.1
2023-03-31,84180.0,13736.0,3141.557,4.83,2.8,102.5497,21221.2,70.1
2023-04-02,84180.0,13736.0,3141.557,4.83,2.8,102.5497,21221.2,70.1
2023-04-03,84180.0,13736.0,3141.557,4.83,2.8,102.5497,21221.2,70.1
2023-04-04,84180.0,13736.0,3141.557,4.83,2.8,102.5497,21221.2,70.1
2023-04-05,84180.0,13736.0,3141.557,4.83,2.8,102.5497,21221.2,70.1
2023-04-06,84180.0,13736.0,3141.557,4.83,2.8,102.5497,21221.2,70.1
2023-04-07,84180.0,13736.0,3141.557,4.83,2.8,102.5497,21221.2,70.1
2023-04-08,84180.0,13736.0,3141.557,4.83,2.8,102.5497,21221.2,70.1
2023-04-09,84180.0,13736.0,3141.557,4.83,2.8,102.5497,21221.2,70.1
2023-04-10,84180.0,13736.0,3141.557,4.83,2.8,102.5497,21221.2,70.1
2023-04-11,84180.0,13736.0,3141.557,4.83,2.8,102.5497,21221.2,70.1
2023-04-12,84180.0,13736.0,3141.557,4.83,2.8,102.5497,21221.2,70.1
2023-04-13,84180.0,13736.0,3141.557,4.83,2.8,102.5497,21221.2,70.1
2023-04-14,84180.0,13736.0,3141.557,4.83,2.8,102.5497,21221.2,70.1
2023-04-15,84180.0,13736.0,3141.557,4.83,2.8,102.5497,21221.2,70.1
2023-04-16,84180.0,13736.0,3141.557,4.83,2.8,102.5497,21221.2,70.1
2023-04-17,84180.0,13736.0,3141.557,4.83,2.8,102.5497,21221.2,70.1
2023-04-18,84180.0,13736.0,3141.557,4.83,2.8,102.5497,21221.2,70.1
2023-04-19,84180.0,13736.0,3141.557,4.83,2.8,102.5497,21221.2,70.1
2023-04-20,84180.0,13736.0,3141.557,4.83,2.8,102.5497,21221.2,70.1
2023-04-21,84180.0,13736.0,3141.557,4.83,2.8,102.5497,21221.2,70.1
2023-04-22,84180.0,13736.0,3141.557,4.83,2.8,102.5497,21221.2,70.1
2023-04-23,84180.0,13736.0,3141.557,4.83,2.8,102.5497,21221.2,70.1
2023-04-24,84180.0,13736.0,3141.557,4.83,2.8,102.5497,21221.2,70.1
2023-04-25,84180.0,13736.0,3141.557,4.83,2.8,102.5497,21221.2,70.1
2023-04-26,84180.0,13736.0,3141.557,4.83,2.8,102.5497,21221.2,70.1
2023-04-27,84180.0,13736.0,3141.557,4.83,2.8,102.5497,21221.2,70.1
2023-04-28,84180.0,13736.0,3141.557,4.83,2.8,102.5497,21221.2,70.1
2023-04-29,84180.0,13736.0,3141.557,4.83,2.8,102.5497,21221.2,70.1
2023-04-30,84180.0,13736.0,3141.557,4.83,2.8,102.5497,21221.2,70.1
2023-05-02,84180.0,13736.0,3141.557,4.83,2.8,102.5497,21221.2,70.1
2023-05-03,84180.0,13736.0,3141.557,4.83,2.8,102.5497,21221.2,70.1
2023-05-04,84180.0,13736.0,3141.557,5.08,2.8,102.5497,21221.2,70.1
2023-05-05,84180.0,13736.0,3141.557,5.08,2.8,102.5497,21221.2,70.1
2023-05-06,84180.0,13736.0,3141.557,5.08,2.8,102.5497,21221.2,70.1
2023-05-07,84180.0,13736.0,3141.557,5.08,2.8,102.5497,21221.2,70.1
2023-05-08,84180.0,13736.0,3141.557,5.08,2.8,102.5497,21221.2,70.1
2023-05-09,84180.0,13736.0,3141.557,5.08,2.8,102.5497,21221.2,70.1
2023-05-10,84180.0,13736.0,3141.557,5.08,2.8,102.5497,21221.2,70.1
2023-05-11,84180.0,13736.0,3141.557,5.08,2.8,102.5497,21221.2,70.1
2023-05-12,84180.0,13736.0,3141.557,5.08,2.8,102.5497,21221.2,70.1
2023-05-13,84180.0,13736.0,3141.557,5.08,2.8,102.5497,21221.2,70.1
2023-05-14,84180.0,13736.0,3141.557,5.08,2.8,102.5497,21221.2,70.1
2023-05-15,84180.0,13736.0,3141.557,5.08,2.8,102.5497,21221.2,70.1
2023-05-16,84180.0,13736.0,3141.557,5.08,2.8,102.5497,21221.2,70.1
2023-05-17,84180.0,13736.0,3141.557,5.08,2.8,102.5497,21221.2,70.1
2023-05-18,84180.0,13736.0,3141.557,5.08,2.8,102.5497,21221.2,70.1
2023-05-19,84180.0,13736.0,3141.557,5.08,2.8,102.5497,21221.2,70.1
2023-05-20,84180.0,13736.0,3141.557,5.08,2.8,102.5497,21221.2,70.1
2023-05-21,84180.0,13736.0,3141.557,5.08,2.8,102.5497,21221.2,70.1
2023-05-22,84180.0,13736.0,3141.557,5.08,2.8,102.5497,21221.2,70.1
2023-05-23,84180.0,13736.0,3141.557,5.08,2.8,102.5497,21221.2,70.1
2023-05-24,84180.0,13736.0,3141.557,5.08,2.8,102.5497,21221.2,70.1
2023-05-25,84180.0,13736.0,3141.557,5.08,2.8,102.5497,21221.2,70.1
2023-05-26,84180.0,13736.0,3141.557,5.08,2.8,102.5497,21221.2,70.1
2023-05-27,84180.0,13736.0,3141.557,5.08,2.8,102.5497,21221.2,70.1
2023-05-28,84180.0,13736.0,3141.557,5.08,2.8,102.5497,21221.2,70.1
2023-05-29,84180.0,13736.0,3141.557,5.08,2.8,102.5497,21221.2,70.1
2023-05-30,84180.0,13736.0,3141.557,5.08,2.8,102.5497,21221.2,70.1
2023-05-31,84180.0,13736.0,3141.557,5.08,2.8,102.5497,21221.2,70.1
2023-06-02,84180.0,13736.0,3141.557,5.08,2.8,102.5497,21221.2,70.1
2023-06-03,84180.0,13736.0,3141.557,5.08,2.8,102.5497,21221.2,70.1
2023-06-04,84180.0,13736.0,3141.557,5.08,2.8,102.5497,21221.2,70.1
2023-06-05,84180.0,13736.0,3141.557,5.08,2.8,102.5497,21221.2,70.1
2023-06-06,84180.0,13736.0,3141.557,5.08,2.8,102.5497,21221.2,70.1
2023-06-07,84180.0,13736.0,3141.557,5.08,2.8,102.5497,21221.2,70.1
2023-06-08,84180.0,13736.0,3141.557,5.08,2.8,102.5497,21221.2,70.1
2023-06-09,84180.0,13736.0,3141.557,5.08,2.8,102.5497,21221.2,70.1
2023-06-10,84180.0,13736.0,3141.557,5.08,2.8,102.5497,21221.2,70.1
2023-06-11,84180.0,13736.0,3141.557,5.08,2.8,102.5497,21221.2,70.1
2023-06-12,84180.0,13736.0,3141.557,5.08,2.8,102.5497,21221.2,70.1
2023-06-13,84180.0,13736.0,3141.557,5.08,2.8,102.5497,21221.2,70.1
2023-06-14,84180.0,13736.0,3141.557,5.08,2.8,102.5497,21221.2,70.1
2023-06-15,84180.0,13736.0,3141.557,5.07,2.8,102.5497,21221.2,70.1
2023-06-16,84180.0,13736.0,3141.557,5.08,2.8,102.5497,21221.2,70.1
2023-06-17,84180.0,13736.0,3141.557,5.08,2.8,102.5497,21221.2,70.1
2023-06-18,84180.0,13736.0,3141.557,5.08,2.8,102.5497,21221.2,70.1
2023-06-19,84180.0,13736.0,3141.557,5.08,2.8,102.5497,21221.2,70.1
2023-06-20,84180.0,13736.0,3141.557,5.07,2.8,102.5497,21221.2,70.1
2023-06-21,84180.0,13736.0,3141.557,5.07,2.8,102.5497,21221.2,70.1
2023-06-22,84180.0,13736.0,3141.557,5.07,2.8,102.5497,21221.2,70.1
2023-06-23,84180.0,13736.0,3141.557,5.07,2.8,102.5497,21221.2,70.1
2023-06-24,84180.0,13736.0,3141.557,5.07,2.8,102.5497,21221.2,70.1
2023-06-25,84180.0,13736.0,3141.557,5.07,2.8,102.5497,21221.2,70.1
2023-06-26,84180.0,13736.0,3141.557,5.07,2.8,102.5497,21221.2,70.1
2023-06-27,84180.0,13736.0,3141.557,5.07,2.8,102.5497,21221.2,70.1
2023-06-28,84180.0,13736.0,3141.557,5.07,2.8,102.5497,21221.2,70.1
2023-06-29,84180.0,13736.0,3141.557,5.07,2.8,102.5497,21221.2,70.1
2023-06-30,84180.0,13736.0,3141.557,5.08,2.8,102.5497,21221.2,70.1
2023-07-02,84180.0,13736.0,3141.557,5.08,2.8,102.5497,21221.2,70.1
2023-07-03,84180.0,13736.0,3141.557,5.08,2.8,102.5497,21221.2,70.1
2023-07-04,84180.0,13736.0,3141.557,5.08,2.8,102.5497,21221.2,70.1
2023-07-05,84180.0,13736.0,3141.557,5.08,2.8,102.5497,21221.2,70.1
2023-07-06,84180.0,13736.0,3141.557,5.08,2.8,102.5497,21221.2,70.1
2023-07-07,84180.0,13736.0,3141.557,5.08,2.8,102.5497,21221.2,70.1
2023-07-08,84180.0,13736.0,3141.557,5.08,2.8,102.5497,21221.2,70.1
2023-07-09,84180.0,13736.0,3141.557,5.08,2.8,102.5497,21221.2,70.1
2023-07-10,84180.0,13736.0,3141.557,5.07,2.8,102.5497,21221.2,70.1
2023-07-11,84180.0,13736.0,3141.557,5.08,2.8,102.5497,21221.2,70.1
2023-07-12,84180.0,13736.0,3141.557,5.08,2.8,102.5497,21221.2,70.1
2023-07-13,84180.0,13736.0,3141.557,5.08,2.8,102.5497,21221.2,70.1
2023-07-14,84180.0,13736.0,3141.557,5.08,2.8,102.5497,21221.2,70.1
2023-07-15,84180.0,13736.0,3141.557,5.08,2.8,102.5497,21221.2,70.1
2023-07-16,84180.0,13736.0,3141.557,5.08,2.8,102.5497,21221.2,70.1
2023-07-17,84180.0,13736.0,3141.557,5.08,2.8,102.5497,21221.2,70.1
2023-07-18,84180.0,13736.0,3141.557,5.08,2.8,102.5497,21221.2,70.1
2023-07-19,84180.0,13736.0,3141.557,5.08,2.8,102.5497,21221.2,70.1
2023-07-20,84180.0,13736.0,3141.557,5.08,2.8,102.5497,21221.2,70.1
2023-07-21,84180.0,13736.0,3141.557,5.08,2.8,102.5497,21221.2,70.1
2023-07-22,84180.0,13736.0,3141.557,5.08,2.8,102.5497,21221.2,70.1
2023-07-23,84180.0,13736.0,3141.557,5.08,2.8,102.5497,21221.2,70.1
2023-07-24,84180.0,13736.0,3141.557,5.08,2.8,102.5497,21221.2,70.1
2023-07-25,84180.0,13736.0,3141.557,5.08,2.8,102.5497,21221.2,70.1
2023-07-26,84180.0,13736.0,3141.557,5.08,2.8,102.5497,21221.2,70.1
2023-07-27,84180.0,13736.0,3141.557,5.33,2.8,102.5497,21221.2,70.1
2023-07-28,84180.0,13736.0,3141.557,5.33,2.8,102.5497,21221.2,70.1
2023-07-29,84180.0,13736.0,3141.557,5.33,2.8,102.5497,21221.2,70.1
2023-07-30,84180.0,13736.0,3141.557,5.33,2.8,102.5497,21221.2,70.1
2023-07-31,84180.0,13736.0,3141.557,5.33,2.8,102.5497,21221.2,70.1
2023-08-02,84180.0,13736.0,3141.557,5.33,2.8,102.5497,21221.2,70.1
2023-08-03,84180.0,13736.0,3141.557,5.33,2.8,102.5497,21221.2,70.1
2023-08-04,84180.0,13736.0,3141.557,5.33,2.8,102.5497,21221.2,70.1
2023-08-05,84180.0,13736.0,3141.557,5.33,2.8,102.5497,21221.2,70.1
2023-08-06,84180.0,13736.0,3141.557,5.33,2.8,102.5497,21221.2,70.1
2023-08-07,84180.0,13736.0,3141.557,5.33,2.8,102.5497,21221.2,70.1
2023-08-08,84180.0,13736.0,3141.557,5.33,2.8,102.5497,21221.2,70.1
2023-08-09,84180.0,13736.0,3141.557,5.33,2.8,102.5497,21221.2,70.1
2023-08-10,84180.0,13736.0,3141.557,5.33,2.8,102.5497,21221.2,70.1
2023-08-11,84180.0,13736.0,3141.557,5.33,2.8,102.5497,21221.2,70.1
2023-08-12,84180.0,13736.0,3141.557,5.33,2.8,102.5497,21221.2,70.1
2023-08-13,84180.0,13736.0,3141.557,5.33,2.8,102.5497,21221.2,70.1
2023-08-14,84180.0,13736.0,3141.557,5.33,2.8,102.5497,21221.2,70.1
2023-08-15,84180.0,13736.0,3141.557,5.33,2.8,102.5497,21221.2,70.1
2023-08-16,84180.0,13736.0,3141.557,5.33,2.8,102.5497,21221.2,70.1
2023-08-17,84180.0,13736.0,3141.557,5.33,2.8,102.5497,21221.2,70.1
2023-08-18,84180.0,13736.0,3141.557,5.33,2.8,102.5497,21221.2,70.1
2023-08-19,84180.0,13736.0,3141.557,5.33,2.8,102.5497,21221.2,70.1
2023-08-20,84180.0,13736.0,3141.557,5.33,2.8,102.5497,21221.2,70.1
2023-08-21,84180.0,13736.0,3141.557,5.33,2.8,102.5497,21221.2,70.1
2023-08-22,84180.0,13736.0,3141.557,5.33,2.8,102.5497,21221.2,70.1
2023-08-23,84180.0,13736.0,3141.557,5.33,2.8,102.5497,21221.2,70.1
2023-08-24,84180.0,13736.0,3141.557,5.33,2.8,102.5497,21221.2,70.1
2023-08-25,84180.0,13736.0,3141.557,5.33,2.8,102.5497,21221.2,70.1
2023-08-26,84180.0,13736.0,3141.557,5.33,2.8,102.5497,21221.2,70.1
2023-08-27,84180.0,13736.0,3141.557,5.33,2.8,102.5497,21221.2,70.1
2023-08-28,84180.0,13736.0,3141.557,5.33,2.8,102.5497,21221.2,70.1
2023-08-29,84180.0,13736.0,3141.557,5.33,2.8,102.5497,21221.2,70.1
2023-08-30,84180.0,13736.0,3141.557,5.33,2.8,102.5497,21221.2,70.1
2023-08-31,84180.0,13736.0,3141.557,5.33,2.8,102.5497,21221.2,70.1
2023-09-02,84180.0,13736.0,3141.557,5.33,2.8,102.5497,21221.2,70.1
2023-09-03,84180.0,13736.0,3141.557,5.33,2.8,102.5497,21221.2,70.1
2023-09-04,84180.0,13736.0,3141.557,5.33,2.8,102.5497,21221.2,70.1
2023-09-05,84180.0,13736.0,3141.557,5.33,2.8,102.5497,21221.2,70.1
2023-09-06,84180.0,13736.0,3141.557,5.33,2.8,102.5497,21221.2,70.1
2023-09-07,84180.0,13736.0,3141.557,5.33,2.8,102.5497,21221.2,70.1
2023-09-08,84180.0,13736.0,3141.557,5.33,2.8,102.5497,21221.2,70.1
2023-09-09,84180.0,13736.0,3141.557,5.33,2.8,102.5497,21221.2,70.1
2023-09-10,84180.0,13736.0,3141.557,5.33,2.8,102.5497,21221.2,70.1
2023-09-11,84180.0,13736.0,3141.557,5.33,2.8,102.5497,21221.2,70.1
2023-09-12,84180.0,13736.0,3141.557,5.33,2.8,102.5497,21221.2,70.1
2023-09-13,84180.0,13736.0,3141.557,5.33,2.8,102.5497,21221.2,70.1
2023-09-14,84180.0,13736.0,3141.557,5.33,2.8,102.5497,21221.2,70.1
2023-09-15,84180.0,13736.0,3141.557,5.33,2.8,102.5497,21221.2,70.1
2023-09-16,84180.0,13736.0,3141.557,5.33,2.8,102.5497,21221.2,70.1
2023-09-17,84180.0,13736.0,3141.557,5.33,2.8,102.5497,21221.2,70.1
2023-09-18,84180.0,13736.0,3141.557,5.33,2.8,102.5497,21221.2,70.1
2023-09-19,84180.0,13736.0,3141.557,5.33,2.8,102.5497,21221.2,70.1
2023-09-20,84180.0,13736.0,3141.557,5.33,2.8,102.5497,21221.2,70.1
2023-09-21,84180.0,13736.0,3141.557,5.33,2.8,102.5497,21221.2,70.1
2023-09-22,84180.0,13736.0,3141.557,5.33,2.8,102.5497,21221.2,70.1
2023-09-23,84180.0,13736.0,3141.557,5.33,2.8,102.5497,21221.2,70.1
2023-09-24,84180.0,13736.0,3141.557,5.33,2.8,102.5497,21221.2,70.1
2023-09-25,84180.0,13736.0,3141.557,5.33,2.8,102.5497,21221.2,70.1
2023-09-26,84180.0,13736.0,3141.557,5.33,2.8,102.5497,21221.2,70.1
2023-09-27,84180.0,13736.0,3141.557,5.33,2.8,102.5497,21221.2,70.1
2023-09-28,84180.0,13736.0,3141.557,5.33,2.8,102.5497,21221.2,70.1
2023-09-29,84180.0,13736.0,3141.557,5.33,2.8,102.5497,21221.2,70.1
2023-09-30,84180.0,13736.0,3141.557,5.33,2.8,102.5497,21221.2,70.1
2023-10-02,84180.0,13736.0,3141.557,5.33,2.8,102.5497,21221.2,70.1
2023-10-03,84180.0,13736.0,3141.557,5.33,2.8,102.5497,21221.2,70.1
2023-10-04,84180.0,13736.0,3141.557,5.33,2.8,102.5497,21221.2,70.1
2023-10-05,84180.0,13736.0,3141.557,5.33,2.8,102.5497,21221.2,70.1
2023-10-06,84180.0,13736.0,3141.557,5.33,2.8,102.5497,21221.2,70.1
2023-10-07,84180.0,13736.0,3141.557,5.33,2.8,102.5497,21221.2,70.1
2023-10-08,84180.0,13736.0,3141.557,5.33,2.8,102.5497,21221.2,70.1
2023-10-09,84180.0,13736.0,3141.557,5.33,2.8,102.5497,21221.2,70.1
2023-10-10,84180.0,13736.0,3141.557,5.33,2.8,102.5497,21221.2,70.1
2023-10-11,84180.0,13736.0,3141.557,5.33,2.8,102.5497,21221.2,70.1
2023-10-12,84180.0,13736.0,3141.557,5.33,2.8,102.5497,21221.2,70.1
2023-10-13,84180.0,13736.0,3141.557,5.33,2.8,102.5497,21221.2,70.1
2023-10-14,84180.0,13736.0,3141.557,5.33,2.8,102.5497,21221.2,70.1
2023-10-15,84180.0,13736.0,3141.557,5.33,2.8,102.5497,21221.2,70.1
2023-10-16,84180.0,13736.0,3141.557,5.33,2.8,102.5497,21221.2,70.1
2023-10-17,84180.0,13736.0,3141.557,5.33,2.8,102.5497,21221.2,70.1
2023-10-18,84180.0,13736.0,3141.557,5.33,2.8,102.5497,21221.2,70.1
2023-10-19,84180.0,13736.0,3141.557,5.33,2.8,102.5497,21221.2,70.1
2023-10-20,84180.0,13736.0,3141.557,5.33,2.8,102.5497,21221.2,70.1
2023-10-21,84180.0,13736.0,3141.557,5.33,2.8,102.5497,21221.2,70.1
2023-10-22,84180.0,13736.0,3141.557,5.33,2.8,102.5497,21221.2,70.1
2023-10-23,84180.0,13736.0,3141.557,5.33,2.8,102.5497,21221.2,70.1
2023-10-24,84180.0,13736.0,3141.557,5.33,2.8,102.5497,21221.2,70.1
2023-10-25,84180.0,13736.0,3141.557,5.33,2.8,102.5497,21221.2,70.1
2023-10-26,84180.0,13736.0,3141.557,5.33,2.8,102.5497,21221.2,70.1
2023-10-27,84180.0,13736.0,3141.557,5.33,2.8,102.5497,21221.2,70.1
2023-10-28,84180.0,13736.0,3141.557,5.33,2.8,102.5497,21221.2,70.1
2023-10-29,84180.0,13736.0,3141.557,5.33,2.8,102.5497,21221.2,70.1
2023-10-30,84180.0,13736.0,3141.557,5.33,2.8,102.5497,21221.2,70.1
2023-10-31,84180.0,13736.0,3141.557,5.33,2.8,102.5497,21221.2,70.1
2023-11-02,84180.0,13736.0,3141.557,5.33,2.8,102.5497,21221.2,70.1
2023-11-03,84180.0,13736.0,3141.557,5.33,2.8,102.5497,21221.2,70.1
2023-11-04,84180.0,13736.0,3141.557,5.33,2.8,102.5497,21221.2,70.1
2023-11-05,84180.0,13736.0,3141.557,5.33,2.8,102.5497,21221.2,70.1
2023-11-06,84180.0,13736.0,3141.557,5.33,2.8,102.5497,21221.2,70.1
2023-11-07,84180.0,13736.0,3141.557,5.33,2.8,102.5497,21221.2,70.1
2023-11-08,84180.0,13736.0,3141.557,5.33,2.8,102.5497,21221.2,70.1
2023-11-09,84180.0,13736.0,3141.557,5.33,2.8,102.5497,21221.2,70.1
2023-11-10,84180.0,13736.0,3141.557,5.33,2.8,102.5497,21221.2,70.1
2023-11-11,84180.0,13736.0,3141.557,5.33,2.8,102.5497,21221.2,70.1
2023-11-12,84180.0,13736.0,3141.557,5.33,2.8,102.5497,21221.2,70.1
2023-11-13,84180.0,13736.0,3141.557,5.33,2.8,102.5497,21221.2,70.1
2023-11-14,84180.0,13736.0,3141.557,5.33,2.8,102.5497,21221.2,70.1
2023-11-15,84180.0,13736.0,3141.557,5.33,2.8,102.5497,21221.2,70.1
2023-11-16,84180.0,13736.0,3141.557,5.33,2.8,102.5497,21221.2,70.1
2023-11-17,84180.0,13736.0,3141.557,5.33,2.8,102.5497,21221.2,70.1
2023-11-18,84180.0,13736.0,3141.557,5.33,2.8,102.5497,21221.2,70.1
2023-11-19,84180.0,13736.0,3141.557,5.33,2.8,102.5497,21221.2,70.1
2023-11-20,84180.0,13736.0,3141.557,5.33,2.8,102.5497,21221.2,70.1
2023-11-21,84180.0,13736.0,3141.557,5.33,2.8,102.5497,21221.2,70.1
2023-11-22,84180.0,13736.0,3141.557,5.33,2.8,102.5497,21221.2,70.1
2023-11-23,84180.0,13736.0,3141.557,5.33,2.8,102.5497,21221.2,70.1
2023-11-24,84180.0,13736.0,3141.557,5.33,2.8,102.5497,21221.2,70.1
2023-11-25,84180.0,13736.0,3141.557,5.33,2.8,102.5497,21221.2,70.1
2023-11-26,84180.0,13736.0,3141.557,5.33,2.8,102.5497,21221.2,70.1
2023-11-27,84180.0,13736.0,3141.557,5.33,2.8,102.5497,21221.2,70.1
2023-11-28,84180.0,13736.0,3141.557,5.33,2.8,102.5497,21221.2,70.1
2023-11-29,84180.0,13736.0,3141.557,5.33,2.8,102.5497,21221.2,70.1
2023-11-30,84180.0,13736.0,3141.557,5.33,2.8,102.5497,21221.2,70.1
2023-12-02,84180.0,13736.0,3141.557,5.33,2.8,102.5497,21221.2,70.1
2023-12-03,84180.0,13736.0,3141.557,5.33,2.8,102.5497,21221.2,70.1
2023-12-04,84180.0,13736.0,3141.557,5.33,2.8,102.5497,21221.2,70.1
2023-12-05,84180.0,13736.0,3141.557,5.33,2.8,102.5497,21221.2,70.1
2023-12-06,84180.0,13736.0,3141.557,5.33,2.8,102.5497,21221.2,70.1
2023-12-07,84180.0,13736.0,3141.557,5.33,2.8,102.5497,21221.2,70.1
2023-12-08,84180.0,13736.0,3141.557,5.33,2.8,102.5497,21221.2,70.1
2023-12-09,84180.0,13736.0,3141.557,5.33,2.8,102.5497,21221.2,70.1
2023-12-10,84180.0,13736.0,3141.557,5.33,2.8,102.5497,21221.2,70.1
2023-12-11,84180.0,13736.0,3141.557,5.33,2.8,102.5497,21221.2,70.1
2023-12-12,84180.0,13736.0,3141.557,5.33,2.8,102.5497,21221.2,70.1
2023-12-13,84180.0,13736.0,3141.557,5.33,2.8,102.5497,21221.2,70.1
2023-12-14,84180.0,13736.0,3141.557,5.33,2.8,102.5497,21221.2,70.1
2023-12-15,84180.0,13736.0,3141.557,5.33,2.8,102.5497,21221.2,70.1
2023-12-16,84180.0,13736.0,3141.557,5.33,2.8,102.5497,21221.2,70.1
2023-12-17,84180.0,13736.0,3141.557,5.33,2.8,102.5497,21221.2,70.1
2023-12-18,84180.0,13736.0,3141.557,5.33,2.8,102.5497,21221.2,70.1
2023-12-19,84180.0,13736.0,3141.557,5.33,2.8,102.5497,21221.2,70.1
2023-12-20,84180.0,13736.0,3141.557,5.33,2.8,102.5497,21221.2,70.1
2023-12-21,84180.0,13736.0,3141.557,5.33,2.8,102.5497,21221.2,70.1
2023-12-22,84180.0,13736.0,3141.557,5.33,2.8,102.5497,21221.2,70.1
2023-12-23,84180.0,13736.0,3141.557,5.33,2.8,102.5497,21221.2,70.1
2023-12-24,84180.0,13736.0,3141.557,5.33,2.8,102.5497,21221.2,70.1
2023-12-25,84180.0,13736.0,3141.557,5.33,2.8,102.5497,21221.2,70.1
2023-12-26,84180.0,13736.0,3141.557,5.33,2.8,102.5497,21221.2,70.1
2023-12-27,84180.0,13736.0,3141.557,5.33,2.8,102.5497,21221.2,70.1
2023-12-28,84180.0,13736.0,3141.557,5.33,2.8,102.5497,21221.2,70.1
2023-12-29,84180.0,13736.0,3141.557,5.33,2.8,102.5497,21221.2,70.1
2023-12-30,84180.0,13736.0,3141.557,5.33,2.8,102.5497,21221.2,70.1
2023-12-31,84180.0,13736.0,3141.557,5.33,2.8,102.5497,21221.2,70.1
2024-01-02,84180.0,13736.0,3141.557,5.33,2.8,102.5497,21221.2,70.1
2024-01-03,84180.0,13736.0,3141.557,5.33,2.8,102.5497,21221.2,70.1
2024-01-04,84180.0,13736.0,3141.557,5.33,2.8,102.5497,21221.2,70.1
2024-01-05,84180.0,13736.0,3141.557,5.33,2.8,102.5497,21221.2,70.1
2024-01-06,84180.0,13736.0,3141.557,5.33,2.8,102.5497,21221.2,70.1
2024-01-07,84180.0,13736.0,3141.557,5.33,2.8,102.5497,21221.2,70.1
2024-01-08,84180.0,13736.0,3141.557,5.33,2.8,102.5497,21221.2,70.1
2024-01-09,84180.0,13736.0,3141.557,5.33,2.8,102.5497,21221.2,70.1
2024-01-10,84180.0,13736.0,3141.557,5.33,2.8,102.5497,21221.2,70.1
2024-01-11,84180.0,13736.0,3141.557,5.33,2.8,102.5497,21221.2,70.1
2024-01-12,84180.0,13736.0,3141.557,5.33,2.8,102.5497,21221.2,70.1
2024-01-13,84180.0,13736.0,3141.557,5.33,2.8,102.5497,21221.2,70.1
2024-01-14,84180.0,13736.0,3141.557,5.33,2.8,102.5497,21221.2,70.1
2024-01-15,84180.0,13736.0,3141.557,5.33,2.8,102.5497,21221.2,70.1
2024-01-16,84180.0,13736.0,3141.557,5.33,2.8,102.5497,21221.2,70.1
2024-01-17,84180.0,13736.0,3141.557,5.33,2.8,102.5497,21221.2,70.1
2024-01-18,84180.0,13736.0,3141.557,5.33,2.8,102.5497,21221.2,70.1
2024-01-19,84180.0,13736.0,3141.557,5.33,2.8,102.5497,21221.2,70.1
2024-01-20,84180.0,13736.0,3141.557,5.33,2.8,102.5497,21221.2,70.1
2024-01-21,84180.0,13736.0,3141.557,5.33,2.8,102.5497,21221.2,70.1
2024-01-22,84180.0,13736.0,3141.557,5.33,2.8,102.5497,21221.2,70.1
2024-01-23,84180.0,13736.0,3141.557,5.33,2.8,102.5497,21221.2,70.1
2024-01-24,84180.0,13736.0,3141.557,5.33,2.8,102.5497,21221.2,70.1
2024-01-25,84180.0,13736.0,3141.557,5.33,2.8,102.5497,21221.2,70.1
2024-01-26,84180.0,13736.0,3141.557,5.33,2.8,102.5497,21221.2,70.1
2024-01-27,84180.0,13736.0,3141.557,5.33,2.8,102.5497,21221.2,70.1
2024-01-28,84180.0,13736.0,3141.557,5.33,2.8,102.5497,21221.2,70.1
2024-01-29,84180.0,13736.0,3141.557,5.33,2.8,102.5497,21221.2,70.1
2024-01-30,84180.0,13736.0,3141.557,5.33,2.8,102.5497,21221.2,70.1
2024-01-31,84180.0,13736.0,3141.557,5.33,2.8,102.5497,21221.2,70.1
2024-02-02,84180.0,13736.0,3141.557,5.33,2.8,102.5497,21221.2,70.1
2024-02-03,84180.0,13736.0,3141.557,5.33,2.8,102.5497,21221.2,70.1
2024-02-04,84180.0,13736.0,3141.557,5.33,2.8,102.5497,21221.2,70.1
2024-02-05,84180.0,13736.0,3141.557,5.33,2.8,102.5497,21221.2,70.1
2024-02-06,84180.0,13736.0,3141.557,5.33,2.8,102.5497,21221.2,70.1
2024-02-07,84180.0,13736.0,3141.557,5.33,2.8,102.5497,21221.2,70.1
2024-02-08,84180.0,13736.0,3141.557,5.33,2.8,102.5497,21221.2,70.1
2024-02-09,84180.0,13736.0,3141.557,5.33,2.8,102.5497,21221.2,70.1
2024-02-10,84180.0,13736.0,3141.557,5.33,2.8,102.5497,21221.2,70.1
2024-02-11,84180.0,13736.0,3141.557,5.33,2.8,102.5497,21221.2,70.1
2024-02-12,84180.0,13736.0,3141.557,5.33,2.8,102.5497,21221.2,70.1
2024-02-13,84180.0,13736.0,3141.557,5.33,2.8,102.5497,21221.2,70.1
2024-02-14,84180.0,13736.0,3141.557,5.33,2.8,102.5497,21221.2,70.1
2024-02-15,84180.0,13736.0,3141.557,5.33,2.8,102.5497,21221.2,70.1
2024-02-16,84180.0,13736.0,3141.557,5.33,2.8,102.5497,21221.2,70.1
2024-02-17,84180.0,13736.0,3141.557,5.33,2.8,102.5497,21221.2,70.1
2024-02-18,84180.0,13736.0,3141.557,5.33,2.8,102.5497,21221.2,70.1
2024-02-19,84180.0,13736.0,3141.557,5.33,2.8,102.5497,21221.2,70.1
2024-02-20,84180.0,13736.0,3141.557,5.33,2.8,102.5497,21221.2,70.1
2024-02-21,84180.0,13736.0,3141.557,5.33,2.8,102.5497,21221.2,70.1
2024-02-22,84180.0,13736.0,3141.557,5.33,2.8,102.5497,21221.2,70.1
2024-02-23,84180.0,13736.0,3141.557,5.33,2.8,102.5497,21221.2,70.1
2024-02-24,84180.0,13736.0,3141.557,5.33,2.8,102.5497,21221.2,70.1
2024-02-25,84180.0,13736.0,3141.557,5.33,2.8,102.5497,21221.2,70.1
2024-02-26,84180.0,13736.0,3141.557,5.33,2.8,102.5497,21221.2,70.1
2024-02-27,84180.0,13736.0,3141.557,5.33,2.8,102.5497,21221.2,70.1
2024-02-28,84180.0,13736.0,3141.557,5.33,2.8,102.5497,21221.2,70.1
2024-02-29,84180.0,13736.0,3141.557,5.33,2.8,102.5497,21221.2,70.1
2024-03-02,84180.0,13736.0,3141.557,5.33,2.8,102.5497,21221.2,70.1
2024-03-03,84180.0,13736.0,3141.557,5.33,2.8,102.5497,21221.2,70.1
2024-03-04,84180.0,13736.0,3141.557,5.33,2.8,102.5497,21221.2,70.1
2024-03-05,84180.0,13736.0,3141.557,5.33,2.8,102.5497,21221.2,70.1
2024-03-06,84180.0,13736.0,3141.557,5.33,2.8,102.5497,21221.2,70.1
2024-03-07,84180.0,13736.0,3141.557,5.33,2.8,102.5497,21221.2,70.1
2024-03-08,84180.0,13736.0,3141.557,5.33,2.8,102.5497,21221.2,70.1
2024-03-09,84180.0,13736.0,3141.557,5.33,2.8,102.5497,21221.2,70.1
2024-03-10,84180.0,13736.0,3141.557,5.33,2.8,102.5497,21221.2,70.1
2024-03-11,84180.0,13736.0,3141.557,5.33,2.8,102.5497,21221.2,70.1
2024-03-12,84180.0,13736.0,3141.557,5.33,2.8,102.5497,21221.2,70.1
2024-03-13,84180.0,13736.0,3141.557,5.33,2.8,102.5497,21221.2,70.1
2024-03-14,84180.0,13736.0,3141.557,5.33,2.8,102.5497,21221.2,70.1
2024-03-15,84180.0,13736.0,3141.557,5.33,2.8,102.5497,21221.2,70.1
2024-03-16,84180.0,13736.0,3141.557,5.33,2.8,102.5497,21221.2,70.1
2024-03-17,84180.0,13736.0,3141.557,5.33,2.8,102.5497,21221.2,70.1
2024-03-18,84180.0,13736.0,3141.557,5.33,2.8,102.5497,21221.2,70.1
2024-03-19,84180.0,13736.0,3141.557,5.33,2.8,102.5497,21221.2,70.1
2024-03-20,84180.0,13736.0,3141.557,5.33,2.8,102.5497,21221.2,70.1
2024-03-21,84180.0,13736.0,3141.557,5.33,2.8,102.5497,21221.2,70.1
2024-03-22,84180.0,13736.0,3141.557,5.33,2.8,102.5497,21221.2,70.1
2024-03-23,84180.0,13736.0,3141.557,5.33,2.8,102.5497,21221.2,70.1
2024-03-24,84180.0,13736.0,3141.557,5.33,2.8,102.5497,21221.2,70.1
2024-03-25,84180.0,13736.0,3141.557,5.33,2.8,102.5497,21221.2,70.1
2024-03-26,84180.0,13736.0,3141.557,5.33,2.8,102.5497,21221.2,70.1
2024-03-27,84180.0,13736.0,3141.557,5.33,2.8,102.5497,21221.2,70.1
2024-03-28,84180.0,13736.0,3141.557,5.33,2.8,102.5497,21221.2,70.1
2024-03-29,84180.0,13736.0,3141.557,5.33,2.8,102.5497,21221.2,70.1
2024-03-30,84180.0,13736.0,3141.557,5.33,2.8,102.5497,21221.2,70.1
2024-03-31,84180.0,13736.0,3141.557,5.33,2.8,102.5497,21221.2,70.1
2024-04-02,84180.0,13736.0,3141.557,5.33,2.8,102.5497,21221.2,70.1
2024-04-03,84180.0,13736.0,3141.557,5.33,2.8,102.5497,21221.2,70.1
2024-04-04,84180.0,13736.0,3141.557,5.33,2.8,102.5497,21221.2,70.1
2024-04-05,84180.0,13736.0,3141.557,5.33,2.8,102.5497,21221.2,70.1
2024-04-06,84180.0,13736.0,3141.557,5.33,2.8,102.5497,21221.2,70.1
2024-04-07,84180.0,13736.0,3141.557,5.33,2.8,102.5497,21221.2,70.1
2024-04-08,84180.0,13736.0,3141.557,5.33,2.8,102.5497,21221.2,70.1
2024-04-09,84180.0,13736.0,3141.557,5.33,2.8,102.5497,21221.2,70.1
2024-04-10,84180.0,13736.0,3141.557,5.33,2.8,102.5497,21221.2,70.1
2024-04-11,84180.0,13736.0,3141.557,5.33,2.8,102.5497,21221.2,70.1
2024-04-12,84180.0,13736.0,3141.557,5.33,2.8,102.5497,21221.2,70.1
2024-04-13,84180.0,13736.0,3141.557,5.33,2.8,102.5497,21221.2,70.1
2024-04-14,84180.0,13736.0,3141.557,5.33,2.8,102.5497,21221.2,70.1
2024-04-15,84180.0,13736.0,3141.557,5.33,2.8,102.5497,21221.2,70.1
2024-04-16,84180.0,13736.0,3141.557,5.33,2.8,102.5497,21221.2,70.1
2024-04-17,84180.0,13736.0,3141.557,5.33,2.8,102.5497,21221.2,70.1
2024-04-18,84180.0,13736.0,3141.557,5.33,2.8,102.5497,21221.2,70.1
2024-04-19,84180.0,13736.0,3141.557,5.33,2.8,102.5497,21221.2,70.1
2024-04-20,84180.0,13736.0,3141.557,5.33,2.8,102.5497,21221.2,70.1
2024-04-21,84180.0,13736.0,3141.557,5.33,2.8,102.5497,21221.2,70.1
2024-04-22,84180.0,13736.0,3141.557,5.33,2.8,102.5497,21221.2,70.1
2024-04-23,84180.0,13736.0,3141.557,5.33,2.8,102.5497,21221.2,70.1
2024-04-24,84180.0,13736.0,3141.557,5.33,2.8,102.5497,21221.2,70.1
2024-04-25,84180.0,13736.0,3141.557,5.33,2.8,102.5497,21221.2,70.1
2024-04-26,84180.0,13736.0,3141.557,5.33,2.8,102.5497,21221.2,70.1
2024-04-27,84180.0,13736.0,3141.557,5.33,2.8,102.5497,21221.2,70.1
2024-04-28,84180.0,13736.0,3141.557,5.33,2.8,102.5497,21221.2,70.1
2024-04-29,84180.0,13736.0,3141.557,5.33,2.8,102.5497,21221.2,70.1
2024-04-30,84180.0,13736.0,3141.557,5.33,2.8,102.5497,21221.2,70.1
2024-05-02,84180.0,13736.0,3141.557,5.33,2.8,102.5497,21221.2,70.1
2024-05-03,84180.0,13736.0,3141.557,5.33,2.8,102.5497,21221.2,70.1
2024-05-04,84180.0,13736.0,3141.557,5.33,2.8,102.5497,21221.2,70.1
2024-05-05,84180.0,13736.0,3141.557,5.33,2.8,102.5497,21221.2,70.1
2024-05-06,84180.0,13736.0,3141.557,5.33,2.8,102.5497,21221.2,70.1
2024-05-07,84180.0,13736.0,3141.557,5.33,2.8,102.5497,21221.2,70.1
2024-05-08,84180.0,13736.0,3141.557,5.33,2.8,102.5497,21221.2,70.1
2024-05-09,84180.0,13736.0,3141.557,5.33,2.8,102.5497,21221.2,70.1
2024-05-10,84180.0,13736.0,3141.557,5.33,2.8,102.5497,21221.2,70.1
2024-05-11,84180.0,13736.0,3141.557,5.33,2.8,102.5497,21221.2,70.1
2024-05-12,84180.0,13736.0,3141.557,5.33,2.8,102.5497,21221.2,70.1
2024-05-13,84180.0,13736.0,3141.557,5.33,2.8,102.5497,21221.2,70.1
2024-05-14,84180.0,13736.0,3141.557,5.33,2.8,102.5497,21221.2,70.1
2024-05-15,84180.0,13736.0,3141.557,5.33,2.8,102.5497,21221.2,70.1
2024-05-16,84180.0,13736.0,3141.557,5.33,2.8,102.5497,21221.2,70.1
2024-05-17,84180.0,13736.0,3141.557,5.33,2.8,102.5497,21221.2,70.1
2024-05-18,84180.0,13736.0,3141.557,5.33,2.8,102.5497,21221.2,70.1
2024-05-19,84180.0,13736.0,3141.557,5.33,2.8,102.5497,21221.2,70.1
2024-05-20,84180.0,13736.0,3141.557,5.33,2.8,102.5497,21221.2,70.1
2024-05-21,84180.0,13736.0,3141.557,5.33,2.8,102.5497,21221.2,70.1
2024-05-22,84180.0,13736.0,3141.557,5.33,2.8,102.5497,21221.2,70.1
2024-05-23,84180.0,13736.0,3141.557,5.33,2.8,102.5497,21221.2,70.1
2024-05-24,84180.0,13736.0,3141.557,5.33,2.8,102.5497,21221.2,70.1
2024-05-25,84180.0,13736.0,3141.557,5.33,2.8,102.5497,21221.2,70.1
2024-05-26,84180.0,13736.0,3141.557,5.33,2.8,102.5497,21221.2,70.1
2024-05-27,84180.0,13736.0,3141.557,5.33,2.8,102.5497,21221.2,70.1
2024-05-28,84180.0,13736.0,3141.557,5.33,2.8,102.5497,21221.2,70.1
2024-05-29,84180.0,13736.0,3141.557,5.33,2.8,102.5497,21221.2,70.1
2024-05-30,84180.0,13736.0,3141.557,5.33,2.8,102.5497,21221.2,70.1
2024-05-31,84180.0,13736.0,3141.557,5.33,2.8,102.5497,21221.2,70.1
2024-06-02,84180.0,13736.0,3141.557,5.33,2.8,102.5497,21221.2,70.1
2024-06-03,84180.0,13736.0,3141.557,5.33,2.8,102.5497,21221.2,70.1
2024-06-04,84180.0,13736.0,3141.557,5.33,2.8,102.5497,21221.2,70.1
2024-06-05,84180.0,13736.0,3141.557,5.33,2.8,102.5497,21221.2,70.1
2024-06-06,84180.0,13736.0,3141.557,5.33,2.8,102.5497,21221.2,70.1
2024-06-07,84180.0,13736.0,3141.557,5.33,2.8,102.5497,21221.2,70.1
2024-06-08,84180.0,13736.0,3141.557,5.33,2.8,102.5497,21221.2,70.1
2024-06-09,84180.0,13736.0,3141.557,5.33,2.8,102.5497,21221.2,70.1
2024-06-10,84180.0,13736.0,3141.557,5.33,2.8,102.5497,21221.2,70.1
2024-06-11,84180.0,13736.0,3141.557,5.33,2.8,102.5497,21221.2,70.1
2024-06-12,84180.0,13736.0,3141.557,5.33,2.8,102.5497,21221.2,70.1
2024-06-13,84180.0,13736.0,3141.557,5.33,2.8,102.5497,21221.2,70.1
2024-06-14,84180.0,13736.0,3141.557,5.33,2.8,102.5497,21221.2,70.1
2024-06-15,84180.0,13736.0,3141.557,5.33,2.8,102.5497,21221.2,70.1
2024-06-16,84180.0,13736.0,3141.557,5.33,2.8,102.5497,21221.2,70.1
2024-06-17,84180.0,13736.0,3141.557,5.33,2.8,102.5497,21221.2,70.1
2024-06-18,84180.0,13736.0,3141.557,5.33,2.8,102.5497,21221.2,70.1
2024-06-19,84180.0,13736.0,3141.557,5.33,2.8,102.5497,21221.2,70.1
2024-06-20,84180.0,13736.0,3141.557,5.33,2.8,102.5497,21221.2,70.1
2024-06-21,84180.0,13736.0,3141.557,5.33,2.8,102.5497,21221.2,70.1
2024-06-22,84180.0,13736.0,3141.557,5.33,2.8,102.5497,21221.2,70.1
2024-06-23,84180.0,13736.0,3141.557,5.33,2.8,102.5497,21221.2,70.1
2024-06-24,84180.0,13736.0,3141.557,5.33,2.8,102.5497,21221.2,70.1
2024-06-25,84180.0,13736.0,3141.557,5.33,2.8,102.5497,21221.2,70.1
2024-06-26,84180.0,13736.0,3141.557,5.33,2.8,102.5497,21221.2,70.1
2024-06-27,84180.0,13736.0,3141.557,5.33,2.8,102.5497,21221.2,70.1
2024-06-28,84180.0,13736.0,3141.557,5.33,2.8,102.5497,21221.2,70.1
2024-06-29,84180.0,13736.0,3141.557,5.33,2.8,102.5497,21221.2,70.1
2024-06-30,84180.0,13736.0,3141.557,5.33,2.8,102.5497,21221.2,70.1
2024-07-02,84180.0,13736.0,3141.557,5.33,2.8,102.5497,21221.2,70.1
2024-07-03,84180.0,13736.0,3141.557,5.33,2.8,102.5497,21221.2,70.1
2024-07-04,84180.0,13736.0,3141.557,5.33,2.8,102.5497,21221.2,70.1
2024-07-05,84180.0,13736.0,3141.557,5.33,2.8,102.5497,21221.2,70.1
2024-07-06,84180.0,13736.0,3141.557,5.33,2.8,102.5497,21221.2,70.1
2024-07-07,84180.0,13736.0,3141.557,5.33,2.8,102.5497,21221.2,70.1
2024-07-08,84180.0,13736.0,3141.557,5.33,2.8,102.5497,21221.2,70.1
2024-07-09,84180.0,13736.0,3141.557,5.33,2.8,102.5497,21221.2,70.1
2024-07-10,84180.0,13736.0,3141.557,5.33,2.8,102.5497,21221.2,70.1
2024-07-11,84180.0,13736.0,3141.557,5.33,2.8,102.5497,21221.2,70.1
2024-07-12,84180.0,13736.0,3141.557,5.33,2.8,102.5497,21221.2,70.1
2024-07-13,84180.0,13736.0,3141.557,5.33,2.8,102.5497,21221.2,70.1
2024-07-14,84180.0,13736.0,3141.557,5.33,2.8,102.5497,21221.2,70.1
2024-07-15,84180.0,13736.0,3141.557,5.33,2.8,102.5497,21221.2,70.1
2024-07-16,84180.0,13736.0,3141.557,5.33,2.8,102.5497,21221.2,70.1
2024-07-17,84180.0,13736.0,3141.557,5.33,2.8,102.5497,21221.2,70.1
2024-07-18,84180.0,13736.0,3141.557,5.33,2.8,102.5497,21221.2,70.1
2024-07-19,84180.0,13736.0,3141.557,5.33,2.8,102.5497,21221.2,70.1
2024-07-20,84180.0,13736.0,3141.557,5.33,2.8,102.5497,21221.2,70.1
2024-07-21,84180.0,13736.0,3141.557,5.33,2.8,102.5497,21221.2,70.1
2024-07-22,84180.0,13736.0,3141.557,5.33,2.8,102.5497,21221.2,70.1
2024-07-23,84180.0,13736.0,3141.557,5.33,2.8,102.5497,21221.2,70.1
2024-07-24,84180.0,13736.0,3141.557,5.33,2.8,102.5497,21221.2,70.1
2024-07-25,84180.0,13736.0,3141.557,5.33,2.8,102.5497,21221.2,70.1
2024-07-26,84180.0,13736.0,3141.557,5.33,2.8,102.5497,21221.2,70.1
2024-07-27,84180.0,13736.0,3141.557,5.33,2.8,102.5497,21221.2,70.1
2024-07-28,84180.0,13736.0,3141.557,5.33,2.8,102.5497,21221.2,70.1
2024-07-29,84180.0,13736.0,3141.557,5.33,2.8,102.5497,21221.2,70.1
2024-07-30,84180.0,13736.0,3141.557,5.33,2.8,102.5497,21221.2,70.1
2024-07-31,84180.0,13736.0,3141.557,5.33,2.8,102.5497,21221.2,70.1
2024-08-02,84180.0,13736.0,3141.557,5.33,2.8,102.5497,21221.2,70.1
2024-08-03,84180.0,13736.0,3141.557,5.33,2.8,102.5497,21221.2,70.1
2024-08-04,84180.0,13736.0,3141.557,5.33,2.8,102.5497,21221.2,70.1
2024-08-05,84180.0,13736.0,3141.557,5.33,2.8,102.5497,21221.2,70.1
2024-08-06,84180.0,13736.0,3141.557,5.33,2.8,102.5497,21221.2,70.1
2024-08-07,84180.0,13736.0,3141.557,5.33,2.8,102.5497,21221.2,70.1
2024-08-08,84180.0,13736.0,3141.557,5.33,2.8,102.5497,21221.2,70.1
2024-08-09,84180.0,13736.0,3141.557,5.33,2.8,102.5497,21221.2,70.1
2024-08-10,84180.0,13736.0,3141.557,5.33,2.8,102.5497,21221.2,70.1
2024-08-11,84180.0,13736.0,3141.557,5.33,2.8,102.5497,21221.2,70.1
2024-08-12,84180.0,13736.0,3141.557,5.33,2.8,102.5497,21221.2,70.1
2024-08-13,84180.0,13736.0,3141.557,5.33,2.8,102.5497,21221.2,70.1
2024-08-14,84180.0,13736.0,3141.557,5.33,2.8,102.5497,21221.2,70.1
2024-08-15,84180.0,13736.0,3141.557,5.33,2.8,102.5497,21221.2,70.1
2024-08-16,84180.0,13736.0,3141.557,5.33,2.8,102.5497,21221.2,70.1
2024-08-17,84180.0,13736.0,3141.557,5.33,2.8,102.5497,21221.2,70.1
2024-08-18,84180.0,13736.0,3141.557,5.33,2.8,102.5497,21221.2,70.1
2024-08-19,84180.0,13736.0,3141.557,5.33,2.8,102.5497,21221.2,70.1
2024-08-20,84180.0,13736.0,3141.557,5.33,2.8,102.5497,21221.2,70.1
2024-08-21,84180.0,13736.0,3141.557,5.33,2.8,102.5497,21221.2,70.1
2024-08-22,84180.0,13736.0,3141.557,5.33,2.8,102.5497,21221.2,70.1
2024-08-23,84180.0,13736.0,3141.557,5.33,2.8,102.5497,21221.2,70.1
2024-08-24,84180.0,13736.0,3141.557,5.33,2.8,102.5497,21221.2,70.1
2024-08-25,84180.0,13736.0,3141.557,5.33,2.8,102.5497,21221.2,70.1
2024-08-26,84180.0,13736.0,3141.557,5.33,2.8,102.5497,21221.2,70.1
2024-08-27,84180.0,13736.0,3141.557,5.33,2.8,102.5497,21221.2,70.1
2024-08-28,84180.0,13736.0,3141.557,5.33,2.8,102.5497,21221.2,70.1
2024-08-29,84180.0,13736.0,3141.557,5.33,2.8,102.5497,21221.2,70.1
2024-08-30,84180.0,13736.0,3141.557,5.33,2.8,102.5497,21221.2,70.1
2024-08-31,84180.0,13736.0,3141.557,5.33,2.8,102.5497,21221.2,70.1
2024-09-02,84180.0,13736.0,3141.557,5.33,2.8,102.5497,21221.2,70.1
2024-09-03,84180.0,13736.0,3141.557,5.33,2.8,102.5497,21221.2,70.1
2024-09-04,84180.0,13736.0,3141.557,5.33,2.8,102.5497,21221.2,70.1
2024-09-05,84180.0,13736.0,3141.557,5.33,2.8,102.5497,21221.2,70.1
2024-09-06,84180.0,13736.0,3141.557,5.33,2.8,102.5497,21221.2,70.1
2024-09-07,84180.0,13736.0,3141.557,5.33,2.8,102.5497,21221.2,70.1
2024-09-08,84180.0,13736.0,3141.557,5.33,2.8,102.5497,21221.2,70.1
2024-09-09,84180.0,13736.0,3141.557,5.33,2.8,102.5497,21221.2,70.1
2024-09-10,84180.0,13736.0,3141.557,5.33,2.8,102.5497,21221.2,70.1
2024-09-11,84180.0,13736.0,3141.557,5.33,2.8,102.5497,21221.2,70.1
2024-09-12,84180.0,13736.0,3141.557,5.33,2.8,102.5497,21221.2,70.1
2024-09-13,84180.0,13736.0,3141.557,5.33,2.8,102.5497,21221.2,70.1
2024-09-14,84180.0,13736.0,3141.557,5.33,2.8,102.5497,21221.2,70.1
2024-09-15,84180.0,13736.0,3141.557,5.33,2.8,102.5497,21221.2,70.1
2024-09-16,84180.0,13736.0,3141.557,5.33,2.8,102.5497,21221.2,70.1
2024-09-17,84180.0,13736.0,3141.557,5.33,2.8,102.5497,21221.2,70.1
2024-09-18,84180.0,13736.0,3141.557,5.33,2.8,102.5497,21221.2,70.1
2024-09-19,84180.0,13736.0,3141.557,4.83,2.8,102.5497,21221.2,70.1
2024-09-20,84180.0,13736.0,3141.557,4.83,2.8,102.5497,21221.2,70.1
2024-09-21,84180.0,13736.0,3141.557,4.83,2.8,102.5497,21221.2,70.1
2024-09-22,84180.0,13736.0,3141.557,4.83,2.8,102.5497,21221.2,70.1
2024-09-23,84180.0,13736.0,3141.557,4.83,2.8,102.5497,21221.2,70.1
2024-09-24,84180.0,13736.0,3141.557,4.83,2.8,102.5497,21221.2,70.1
2024-09-25,84180.0,13736.0,3141.557,4.83,2.8,102.5497,21221.2,70.1
2024-09-26,84180.0,13736.0,3141.557,4.83,2.8,102.5497,21221.2,70.1
2024-09-27,84180.0,13736.0,3141.557,4.83,2.8,102.5497,21221.2,70.1
2024-09-28,84180.0,13736.0,3141.557,4.83,2.8,102.5497,21221.2,70.1
2024-09-29,84180.0,13736.0,3141.557,4.83,2.8,102.5497,21221.2,70.1
2024-09-30,84180.0,13736.0,3141.557,4.83,2.8,102.5497,21221.2,70.1
2024-10-01,84180.0,13736.0,3141.557,4.83,2.8,102.2805,21221.2,70.5
2024-10-02,84180.0,13736.0,3141.557,4.83,2.8,102.2805,21221.2,70.5
2024-10-03,84180.0,13736.0,3141.557,4.83,2.8,102.2805,21221.2,70.5
2024-10-04,84180.0,13736.0,3141.557,4.83,2.8,102.2805,21221.2,70.5
2024-10-05,84180.0,13736.0,3141.557,4.83,2.8,102.2805,21221.2,70.5
2024-10-06,84180.0,13736.0,3141.557,4.83,2.8,102.2805,21221.2,70.5
2024-10-07,84180.0,13736.0,3141.557,4.83,2.8,102.2805,21221.2,70.5
2024-10-08,84180.0,13736.0,3141.557,4.83,2.8,102.2805,21221.2,70.5
2024-10-09,84180.0,13736.0,3141.557,4.83,2.8,102.2805,21221.2,70.5
2024-10-10,84180.0,13736.0,3141.557,4.83,2.8,102.2805,21221.2,70.5
2024-10-11,84180.0,13736.0,3141.557,4.83,2.8,102.2805,21221.2,70.5
2024-10-12,84180.0,13736.0,3141.557,4.83,2.8,102.2805,21221.2,70.5
2024-10-13,84180.0,13736.0,3141.557,4.83,2.8,102.2805,21221.2,70.5
2024-10-14,84180.0,13736.0,3141.557,4.83,2.8,102.2805,21221.2,70.5
2024-10-15,84180.0,13736.0,3141.557,4.83,2.8,102.2805,21221.2,70.5
2024-10-16,84180.0,13736.0,3141.557,4.83,2.8,102.2805,21221.2,70.5
2024-10-17,84180.0,13736.0,3141.557,4.83,2.8,102.2805,21221.2,70.5
2024-10-18,84180.0,13736.0,3141.557,4.83,2.8,102.2805,21221.2,70.5
2024-10-19,84180.0,13736.0,3141.557,4.83,2.8,102.2805,21221.2,70.5
2024-10-20,84180.0,13736.0,3141.557,4.83,2.8,102.2805,21221.2,70.5
2024-10-21,84180.0,13736.0,3141.557,4.83,2.8,102.2805,21221.2,70.5
2024-10-22,84180.0,13736.0,3141.557,4.83,2.8,102.2805,21221.2,70.5
2024-10-23,84180.0,13736.0,3141.557,4.83,2.8,102.2805,21221.2,70.5
2024-10-24,84180.0,13736.0,3141.557,4.83,2.8,102.2805,21221.2,70.5
2024-10-25,84180.0,13736.0,3141.557,4.83,2.8,102.2805,21221.2,70.5
2024-10-26,84180.0,13736.0,3141.557,4.83,2.8,102.2805,21221.2,70.5
2024-10-27,84180.0,13736.0,3141.557,4.83,2.8,102.2805,21221.2,70.5
2024-10-28,84180.0,13736.0,3141.557,4.83,2.8,102.2805,21221.2,70.5
2024-10-29,84180.0,13736.0,3141.557,4.83,2.8,102.2805,21221.2,70.5
2024-10-30,84180.0,13736.0,3141.557,4.83,2.8,102.2805,21221.2,70.5
2024-10-31,84180.0,13736.0,3141.557,4.83,2.8,102.2805,21221.2,70.5
2024-11-01,84180.0,13736.0,3141.557,4.83,2.8,102.2805,21221.2,70.5
2024-11-02,84180.0,13736.0,3141.557,4.83,2.8,102.2805,21221.2,70.5
2024-11-03,84180.0,13736.0,3141.557,4.83,2.8,102.2805,21221.2,70.5
2024-11-04,84180.0,13736.0,3141.557,4.83,2.8,102.2805,21221.2,70.5
2024-11-05,84180.0,13736.0,3141.557,4.83,2.8,102.2805,21221.2,70.5
2024-11-06,84180.0,13736.0,3141.557,4.83,2.8,102.2805,21221.2,70.5
2024-11-07,84180.0,13736.0,3141.557,4.83,2.8,102.2805,21221.2,70.5
2024-11-08,84180.0,13736.0,3141.557,4.58,2.8,102.2805,21221.2,70.5
2024-11-09,84180.0,13736.0,3141.557,4.58,2.8,102.2805,21221.2,70.5
2024-11-10,84180.0,13736.0,3141.557,4.58,2.8,102.2805,21221.2,70.5
2024-11-11,84180.0,13736.0,3141.557,4.58,2.8,102.2805,21221.2,70.5
2024-11-12,84180.0,13736.0,3141.557,4.58,2.8,102.2805,21221.2,70.5
2024-11-13,84180.0,13736.0,3141.557,4.58,2.8,102.2805,21221.2,70.5
2024-11-14,84180.0,13736.0,3141.557,4.58,2.8,102.2805,21221.2,70.5
2024-11-15,84180.0,13736.0,3141.557,4.58,2.8,102.2805,21221.2,70.5
2024-11-16,84180.0,13736.0,3141.557,4.58,2.8,102.2805,21221.2,70.5
2024-11-17,84180.0,13736.0,3141.557,4.58,2.8,102.2805,21221.2,70.5
2024-11-18,84180.0,13736.0,3141.557,4.58,2.8,102.2805,21221.2,70.5
2024-11-19,84180.0,13736.0,3141.557,4.58,2.8,102.2805,21221.2,70.5
2024-11-20,84180.0,13736.0,3141.557,4.58,2.8,102.2805,21221.2,70.5
2024-11-21,84180.0,13736.0,3141.557,4.58,2.8,102.2805,21221.2,70.5
