Date,vehicle_sales,industrial_production,consumer_spending,retail_sales_vehicles,crude_oil_prices,interest_rate,gdp_growth,unemployment_rate,consumer_sentiment
2022-02-01,14.168,101.8458,17175.105,116674.0,88.22,0.08,-1.0,3.8,62.8
2022-03-01,14.253,102.6732,17175.105,139701.0,103.66,0.08,-1.0,3.6,59.4
2022-04-01,14.681,102.9024,17603.753,136612.0,99.32,0.33,0.3,3.7,65.2
2022-05-01,13.286,102.9659,17603.753,131300.0,99.32,0.33,0.3,3.6,58.4
2022-06-01,13.669,102.8224,17603.753,131679.0,115.26,0.83,0.3,3.6,50.0
2022-07-01,13.867,103.0505,17876.234,126681.0,110.3,1.58,2.7,3.5,51.5
2022-08-01,14.064,103.1703,17876.234,135145.0,96.59,2.33,2.7,3.6,58.2
2022-09-01,14.136,103.5326,17876.234,124441.0,87.09,2.33,2.7,3.5,58.6
2022-10-01,15.091,103.4442,18108.27,125889.0,87.09,3.08,3.4,3.6,59.9
2022-11-01,14.733,103.1058,18108.27,117067.0,88.36,3.08,3.4,3.6,56.7
2022-12-01,13.935,101.8266,18108.27,122488.0,81.06,3.83,3.4,3.5,59.8
2023-01-01,15.665,102.7476,18506.211,117343.0,81.06,4.33,2.8,3.4,64.9
2023-02-01,15.434,102.8003,18506.211,118206.0,76.34,4.33,2.8,3.6,66.9
2023-03-01,15.668,102.8143,18506.211,140983.0,77.57,4.58,2.8,3.5,62.0
2023-04-01,16.446,103.2241,18685.724,132880.0,77.57,4.83,2.4,3.4,63.7
2023-05-01,15.948,102.9809,18685.724,142210.0,75.65,4.83,2.4,3.7,59.0
2023-06-01,16.428,102.3809,18685.724,139169.0,70.09,5.08,2.4,3.6,64.2
2023-07-01,16.302,103.0722,18928.987,134702.0,70.09,5.08,4.4,3.5,71.5
2023-08-01,15.909,103.0951,18928.987,141506.0,81.37,5.33,4.4,3.8,69.4
2023-09-01,16.193,103.3081,18928.987,132862.0,85.52,5.33,4.4,3.8,67.8
2023-10-01,15.799,102.5781,19170.154,128979.0,85.52,5.33,3.2,3.8,63.8
2023-11-01,15.945,102.8868,19170.154,123899.0,81.05,5.33,3.2,3.7,61.3
2023-12-01,16.386,102.6309,19170.154,130175.0,73.7,5.33,3.2,3.7,69.7
2024-01-01,15.513,101.483,19424.775,117947.0,73.7,5.33,1.6,3.7,79.0
2024-02-01,16.191,102.7267,19424.775,126296.0,74.36,5.33,1.6,3.9,76.9
2024-03-01,16.186,102.5186,19424.775,140527.0,80.9,5.33,1.6,3.8,79.4
2024-04-01,16.57,102.3568,19682.699,138710.0,84.54,5.33,3.0,3.9,77.2
2024-05-01,16.373,102.9797,19682.699,144864.0,80.7,5.33,3.0,4.0,69.1
2024-06-01,15.471,103.2768,19682.699,130624.0,80.7,5.33,3.0,4.1,68.2
2024-07-01,16.373,102.5381,19935.205,140356.0,84.7,5.33,2.8,4.3,66.4
2024-08-01,15.824,103.0449,19935.205,143437.0,77.74,5.33,2.8,4.2,67.9
2024-09-01,16.244,102.5497,19935.205,128281.0,77.74,5.33,2.8,4.1,70.1
2024-10-01,16.244,102.2805,19935.205,128281.0,70.41,4.83,2.8,4.1,70.5
2022-01-03,16.244,102.2805,19935.205,128281.0,75.99,0.08,2.8,4.1,70.5
2022-01-04,16.244,102.2805,19935.205,128281.0,77.0,0.08,2.8,4.1,70.5
2022-01-05,16.244,102.2805,19935.205,128281.0,77.83,0.08,2.8,4.1,70.5
2022-01-06,16.244,102.2805,19935.205,128281.0,79.47,0.08,2.8,4.1,70.5
2022-01-07,16.244,102.2805,19935.205,128281.0,79.0,0.08,2.8,4.1,70.5
2022-01-10,16.244,102.2805,19935.205,128281.0,78.11,0.08,2.8,4.1,70.5
2022-01-11,16.244,102.2805,19935.205,128281.0,81.17,0.08,2.8,4.1,70.5
2022-01-12,16.244,102.2805,19935.205,128281.0,82.51,0.08,2.8,4.1,70.5
2022-01-13,16.244,102.2805,19935.205,128281.0,81.97,0.08,2.8,4.1,70.5
2022-01-14,16.244,102.2805,19935.205,128281.0,83.82,0.08,2.8,4.1,70.5
2022-01-17,16.244,102.2805,19935.205,128281.0,83.82,0.08,2.8,4.1,70.5
2022-01-18,16.244,102.2805,19935.205,128281.0,85.42,0.08,2.8,4.1,70.5
2022-01-19,16.244,102.2805,19935.205,128281.0,86.84,0.08,2.8,4.1,70.5
2022-01-20,16.244,102.2805,19935.205,128281.0,86.29,0.08,2.8,4.1,70.5
2022-01-21,16.244,102.2805,19935.205,128281.0,85.16,0.08,2.8,4.1,70.5
2022-01-24,16.244,102.2805,19935.205,128281.0,84.48,0.08,2.8,4.1,70.5
2022-01-25,16.244,102.2805,19935.205,128281.0,86.61,0.08,2.8,4.1,70.5
2022-01-26,16.244,102.2805,19935.205,128281.0,88.33,0.08,2.8,4.1,70.5
2022-01-27,16.244,102.2805,19935.205,128281.0,87.61,0.08,2.8,4.1,70.5
2022-01-28,16.244,102.2805,19935.205,128281.0,87.67,0.08,2.8,4.1,70.5
2022-01-31,16.244,102.2805,19935.205,128281.0,89.16,0.08,2.8,4.1,70.5
2022-02-02,16.244,102.2805,19935.205,128281.0,88.16,0.08,2.8,4.1,70.5
2022-02-03,16.244,102.2805,19935.205,128281.0,90.17,0.08,2.8,4.1,70.5
2022-02-04,16.244,102.2805,19935.205,128281.0,92.27,0.08,2.8,4.1,70.5
2022-02-07,16.244,102.2805,19935.205,128281.0,91.25,0.08,2.8,4.1,70.5
2022-02-08,16.244,102.2805,19935.205,128281.0,89.32,0.08,2.8,4.1,70.5
2022-02-09,16.244,102.2805,19935.205,128281.0,89.57,0.08,2.8,4.1,70.5
2022-02-10,16.244,102.2805,19935.205,128281.0,89.83,0.08,2.8,4.1,70.5
2022-02-11,16.244,102.2805,19935.205,128281.0,93.1,0.08,2.8,4.1,70.5
2022-02-14,16.244,102.2805,19935.205,128281.0,95.52,0.08,2.8,4.1,70.5
2022-02-15,16.244,102.2805,19935.205,128281.0,92.07,0.08,2.8,4.1,70.5
2022-02-16,16.244,102.2805,19935.205,128281.0,93.83,0.08,2.8,4.1,70.5
2022-02-17,16.244,102.2805,19935.205,128281.0,91.78,0.08,2.8,4.1,70.5
2022-02-18,16.244,102.2805,19935.205,128281.0,91.26,0.08,2.8,4.1,70.5
2022-02-21,16.244,102.2805,19935.205,128281.0,91.26,0.08,2.8,4.1,70.5
2022-02-22,16.244,102.2805,19935.205,128281.0,92.11,0.08,2.8,4.1,70.5
2022-02-23,16.244,102.2805,19935.205,128281.0,92.14,0.08,2.8,4.1,70.5
2022-02-24,16.244,102.2805,19935.205,128281.0,92.77,0.08,2.8,4.1,70.5
2022-02-25,16.244,102.2805,19935.205,128281.0,91.68,0.08,2.8,4.1,70.5
2022-02-28,16.244,102.2805,19935.205,128281.0,96.13,0.08,2.8,4.1,70.5
2022-03-02,16.244,102.2805,19935.205,128281.0,110.74,0.08,2.8,4.1,70.5
2022-03-03,16.244,102.2805,19935.205,128281.0,107.69,0.08,2.8,4.1,70.5
2022-03-04,16.244,102.2805,19935.205,128281.0,115.77,0.08,2.8,4.1,70.5
2022-03-07,16.244,102.2805,19935.205,128281.0,119.26,0.08,2.8,4.1,70.5
2022-03-08,16.244,102.2805,19935.205,128281.0,123.64,0.08,2.8,4.1,70.5
2022-03-09,16.244,102.2805,19935.205,128281.0,108.81,0.08,2.8,4.1,70.5
2022-03-10,16.244,102.2805,19935.205,128281.0,105.93,0.08,2.8,4.1,70.5
2022-03-11,16.244,102.2805,19935.205,128281.0,109.31,0.08,2.8,4.1,70.5
2022-03-14,16.244,102.2805,19935.205,128281.0,103.22,0.08,2.8,4.1,70.5
2022-03-15,16.244,102.2805,19935.205,128281.0,96.42,0.08,2.8,4.1,70.5
2022-03-16,16.244,102.2805,19935.205,128281.0,94.85,0.08,2.8,4.1,70.5
2022-03-17,16.244,102.2805,19935.205,128281.0,102.97,0.33,2.8,4.1,70.5
2022-03-18,16.244,102.2805,19935.205,128281.0,104.69,0.33,2.8,4.1,70.5
2022-03-21,16.244,102.2805,19935.205,128281.0,112.14,0.33,2.8,4.1,70.5
2022-03-22,16.244,102.2805,19935.205,128281.0,111.03,0.33,2.8,4.1,70.5
2022-03-23,16.244,102.2805,19935.205,128281.0,114.89,0.33,2.8,4.1,70.5
2022-03-24,16.244,102.2805,19935.205,128281.0,114.2,0.33,2.8,4.1,70.5
2022-03-25,16.244,102.2805,19935.205,128281.0,116.2,0.33,2.8,4.1,70.5
2022-03-28,16.244,102.2805,19935.205,128281.0,107.55,0.33,2.8,4.1,70.5
2022-03-29,16.244,102.2805,19935.205,128281.0,104.25,0.33,2.8,4.1,70.5
2022-03-30,16.244,102.2805,19935.205,128281.0,107.81,0.33,2.8,4.1,70.5
2022-03-31,16.244,102.2805,19935.205,128281.0,100.53,0.33,2.8,4.1,70.5
2022-04-04,16.244,102.2805,19935.205,128281.0,103.29,0.33,2.8,4.1,70.5
2022-04-05,16.244,102.2805,19935.205,128281.0,101.98,0.33,2.8,4.1,70.5
2022-04-06,16.244,102.2805,19935.205,128281.0,96.39,0.33,2.8,4.1,70.5
2022-04-07,16.244,102.2805,19935.205,128281.0,96.05,0.33,2.8,4.1,70.5
2022-04-08,16.244,102.2805,19935.205,128281.0,98.35,0.33,2.8,4.1,70.5
2022-04-11,16.244,102.2805,19935.205,128281.0,94.22,0.33,2.8,4.1,70.5
2022-04-12,16.244,102.2805,19935.205,128281.0,100.52,0.33,2.8,4.1,70.5
2022-04-13,16.244,102.2805,19935.205,128281.0,104.26,0.33,2.8,4.1,70.5
2022-04-14,16.244,102.2805,19935.205,128281.0,106.84,0.33,2.8,4.1,70.5
2022-04-15,16.244,102.2805,19935.205,128281.0,106.84,0.33,2.8,4.1,70.5
2022-04-18,16.244,102.2805,19935.205,128281.0,108.24,0.33,2.8,4.1,70.5
2022-04-19,16.244,102.2805,19935.205,128281.0,102.54,0.33,2.8,4.1,70.5
2022-04-20,16.244,102.2805,19935.205,128281.0,102.56,0.33,2.8,4.1,70.5
2022-04-21,16.244,102.2805,19935.205,128281.0,103.89,0.33,2.8,4.1,70.5
2022-04-22,16.244,102.2805,19935.205,128281.0,102.86,0.33,2.8,4.1,70.5
2022-04-25,16.244,102.2805,19935.205,128281.0,99.6,0.33,2.8,4.1,70.5
2022-04-26,16.244,102.2805,19935.205,128281.0,102.62,0.33,2.8,4.1,70.5
2022-04-27,16.244,102.2805,19935.205,128281.0,101.96,0.33,2.8,4.1,70.5
2022-04-28,16.244,102.2805,19935.205,128281.0,105.47,0.33,2.8,4.1,70.5
2022-04-29,16.244,102.2805,19935.205,128281.0,104.59,0.33,2.8,4.1,70.5
2022-05-02,16.244,102.2805,19935.205,128281.0,105.18,0.33,2.8,4.1,70.5
2022-05-03,16.244,102.2805,19935.205,128281.0,102.53,0.33,2.8,4.1,70.5
2022-05-04,16.244,102.2805,19935.205,128281.0,107.84,0.33,2.8,4.1,70.5
2022-05-05,16.244,102.2805,19935.205,128281.0,108.17,0.83,2.8,4.1,70.5
2022-05-06,16.244,102.2805,19935.205,128281.0,109.72,0.83,2.8,4.1,70.5
2022-05-09,16.244,102.2805,19935.205,128281.0,103.08,0.83,2.8,4.1,70.5
2022-05-10,16.244,102.2805,19935.205,128281.0,99.74,0.83,2.8,4.1,70.5
2022-05-11,16.244,102.2805,19935.205,128281.0,105.5,0.83,2.8,4.1,70.5
2022-05-12,16.244,102.2805,19935.205,128281.0,106.15,0.83,2.8,4.1,70.5
2022-05-13,16.244,102.2805,19935.205,128281.0,110.52,0.83,2.8,4.1,70.5
2022-05-16,16.244,102.2805,19935.205,128281.0,114.07,0.83,2.8,4.1,70.5
2022-05-17,16.244,102.2805,19935.205,128281.0,112.31,0.83,2.8,4.1,70.5
2022-05-18,16.244,102.2805,19935.205,128281.0,109.67,0.83,2.8,4.1,70.5
2022-05-19,16.244,102.2805,19935.205,128281.0,112.21,0.83,2.8,4.1,70.5
2022-05-20,16.244,102.2805,19935.205,128281.0,112.63,0.83,2.8,4.1,70.5
2022-05-23,16.244,102.2805,19935.205,128281.0,110.32,0.83,2.8,4.1,70.5
2022-05-24,16.244,102.2805,19935.205,128281.0,112.55,0.83,2.8,4.1,70.5
2022-05-25,16.244,102.2805,19935.205,128281.0,112.88,0.83,2.8,4.1,70.5
2022-05-26,16.244,102.2805,19935.205,128281.0,116.19,0.83,2.8,4.1,70.5
2022-05-27,16.244,102.2805,19935.205,128281.0,114.96,0.83,2.8,4.1,70.5
2022-05-30,16.244,102.2805,19935.205,128281.0,114.96,0.83,2.8,4.1,70.5
2022-05-31,16.244,102.2805,19935.205,128281.0,114.38,0.83,2.8,4.1,70.5
2022-06-02,16.244,102.2805,19935.205,128281.0,116.88,0.83,2.8,4.1,70.5
2022-06-03,16.244,102.2805,19935.205,128281.0,118.97,0.83,2.8,4.1,70.5
2022-06-06,16.244,102.2805,19935.205,128281.0,118.41,0.83,2.8,4.1,70.5
2022-06-07,16.244,102.2805,19935.205,128281.0,119.55,0.83,2.8,4.1,70.5
2022-06-08,16.244,102.2805,19935.205,128281.0,121.94,0.83,2.8,4.1,70.5
2022-06-09,16.244,102.2805,19935.205,128281.0,121.52,0.83,2.8,4.1,70.5
2022-06-10,16.244,102.2805,19935.205,128281.0,120.73,0.83,2.8,4.1,70.5
2022-06-13,16.244,102.2805,19935.205,128281.0,120.92,0.83,2.8,4.1,70.5
2022-06-14,16.244,102.2805,19935.205,128281.0,118.92,0.83,2.8,4.1,70.5
2022-06-15,16.244,102.2805,19935.205,128281.0,115.32,0.83,2.8,4.1,70.5
2022-06-16,16.244,102.2805,19935.205,128281.0,117.56,1.58,2.8,4.1,70.5
2022-06-17,16.244,102.2805,19935.205,128281.0,109.56,1.58,2.8,4.1,70.5
2022-06-20,16.244,102.2805,19935.205,128281.0,109.56,1.58,2.8,4.1,70.5
2022-06-21,16.244,102.2805,19935.205,128281.0,110.49,1.58,2.8,4.1,70.5
2022-06-22,16.244,102.2805,19935.205,128281.0,106.22,1.58,2.8,4.1,70.5
2022-06-23,16.244,102.2805,19935.205,128281.0,105.75,1.58,2.8,4.1,70.5
2022-06-24,16.244,102.2805,19935.205,128281.0,109.07,1.58,2.8,4.1,70.5
2022-06-27,16.244,102.2805,19935.205,128281.0,111.44,1.58,2.8,4.1,70.5
2022-06-28,16.244,102.2805,19935.205,128281.0,113.66,1.58,2.8,4.1,70.5
2022-06-29,16.244,102.2805,19935.205,128281.0,111.65,1.58,2.8,4.1,70.5
2022-06-30,16.244,102.2805,19935.205,128281.0,107.76,1.58,2.8,4.1,70.5
2022-07-04,16.244,102.2805,19935.205,128281.0,107.76,1.58,2.8,4.1,70.5
2022-07-05,16.244,102.2805,19935.205,128281.0,101.55,1.58,2.8,4.1,70.5
2022-07-06,16.244,102.2805,19935.205,128281.0,100.31,1.58,2.8,4.1,70.5
2022-07-07,16.244,102.2805,19935.205,128281.0,104.62,1.58,2.8,4.1,70.5
2022-07-08,16.244,102.2805,19935.205,128281.0,106.78,1.58,2.8,4.1,70.5
2022-07-11,16.244,102.2805,19935.205,128281.0,106.09,1.58,2.8,4.1,70.5
2022-07-12,16.244,102.2805,19935.205,128281.0,97.69,1.58,2.8,4.1,70.5
2022-07-13,16.244,102.2805,19935.205,128281.0,98.44,1.58,2.8,4.1,70.5
2022-07-14,16.244,102.2805,19935.205,128281.0,97.79,1.58,2.8,4.1,70.5
2022-07-15,16.244,102.2805,19935.205,128281.0,99.59,1.58,2.8,4.1,70.5
2022-07-18,16.244,102.2805,19935.205,128281.0,104.48,1.58,2.8,4.1,70.5
2022-07-19,16.244,102.2805,19935.205,128281.0,106.12,1.58,2.8,4.1,70.5
2022-07-20,16.244,102.2805,19935.205,128281.0,104.45,1.58,2.8,4.1,70.5
2022-07-21,16.244,102.2805,19935.205,128281.0,98.44,1.58,2.8,4.1,70.5
2022-07-22,16.244,102.2805,19935.205,128281.0,97.71,1.58,2.8,4.1,70.5
2022-07-25,16.244,102.2805,19935.205,128281.0,99.83,1.58,2.8,4.1,70.5
2022-07-26,16.244,102.2805,19935.205,128281.0,97.74,1.58,2.8,4.1,70.5
2022-07-27,16.244,102.2805,19935.205,128281.0,100.03,1.58,2.8,4.1,70.5
2022-07-28,16.244,102.2805,19935.205,128281.0,99.11,2.33,2.8,4.1,70.5
2022-07-29,16.244,102.2805,19935.205,128281.0,101.31,2.32,2.8,4.1,70.5
2022-08-02,16.244,102.2805,19935.205,128281.0,97.14,2.33,2.8,4.1,70.5
2022-08-03,16.244,102.2805,19935.205,128281.0,93.25,2.33,2.8,4.1,70.5
2022-08-04,16.244,102.2805,19935.205,128281.0,91.29,2.33,2.8,4.1,70.5
2022-08-05,16.244,102.2805,19935.205,128281.0,91.77,2.33,2.8,4.1,70.5
2022-08-08,16.244,102.2805,19935.205,128281.0,93.52,2.33,2.8,4.1,70.5
2022-08-09,16.244,102.2805,19935.205,128281.0,93.18,2.33,2.8,4.1,70.5
2022-08-10,16.244,102.2805,19935.205,128281.0,94.68,2.33,2.8,4.1,70.5
2022-08-11,16.244,102.2805,19935.205,128281.0,97.02,2.33,2.8,4.1,70.5
2022-08-12,16.244,102.2805,19935.205,128281.0,94.86,2.33,2.8,4.1,70.5
2022-08-15,16.244,102.2805,19935.205,128281.0,92.24,2.33,2.8,4.1,70.5
2022-08-16,16.244,102.2805,19935.205,128281.0,89.23,2.33,2.8,4.1,70.5
2022-08-17,16.244,102.2805,19935.205,128281.0,90.85,2.33,2.8,4.1,70.5
2022-08-18,16.244,102.2805,19935.205,128281.0,93.2,2.33,2.8,4.1,70.5
2022-08-19,16.244,102.2805,19935.205,128281.0,93.55,2.33,2.8,4.1,70.5
2022-08-22,16.244,102.2805,19935.205,128281.0,93.42,2.33,2.8,4.1,70.5
2022-08-23,16.244,102.2805,19935.205,128281.0,96.46,2.33,2.8,4.1,70.5
2022-08-24,16.244,102.2805,19935.205,128281.0,95.52,2.33,2.8,4.1,70.5
2022-08-25,16.244,102.2805,19935.205,128281.0,93.33,2.33,2.8,4.1,70.5
2022-08-26,16.244,102.2805,19935.205,128281.0,93.63,2.33,2.8,4.1,70.5
2022-08-29,16.244,102.2805,19935.205,128281.0,97.4,2.33,2.8,4.1,70.5
2022-08-30,16.244,102.2805,19935.205,128281.0,92.08,2.33,2.8,4.1,70.5
2022-08-31,16.244,102.2805,19935.205,128281.0,90.09,2.33,2.8,4.1,70.5
2022-09-02,16.244,102.2805,19935.205,128281.0,87.29,2.33,2.8,4.1,70.5
2022-09-05,16.244,102.2805,19935.205,128281.0,87.29,2.33,2.8,4.1,70.5
2022-09-06,16.244,102.2805,19935.205,128281.0,87.35,2.33,2.8,4.1,70.5
2022-09-07,16.244,102.2805,19935.205,128281.0,82.5,2.33,2.8,4.1,70.5
2022-09-08,16.244,102.2805,19935.205,128281.0,84.04,2.33,2.8,4.1,70.5
2022-09-09,16.244,102.2805,19935.205,128281.0,87.27,2.33,2.8,4.1,70.5
2022-09-12,16.244,102.2805,19935.205,128281.0,88.18,2.33,2.8,4.1,70.5
2022-09-13,16.244,102.2805,19935.205,128281.0,87.84,2.33,2.8,4.1,70.5
2022-09-14,16.244,102.2805,19935.205,128281.0,88.88,2.33,2.8,4.1,70.5
2022-09-15,16.244,102.2805,19935.205,128281.0,85.72,2.33,2.8,4.1,70.5
2022-09-16,16.244,102.2805,19935.205,128281.0,85.57,2.33,2.8,4.1,70.5
2022-09-19,16.244,102.2805,19935.205,128281.0,86.15,2.33,2.8,4.1,70.5
2022-09-20,16.244,102.2805,19935.205,128281.0,84.69,2.33,2.8,4.1,70.5
2022-09-21,16.244,102.2805,19935.205,128281.0,83.38,2.33,2.8,4.1,70.5
2022-09-22,16.244,102.2805,19935.205,128281.0,84.02,3.08,2.8,4.1,70.5
2022-09-23,16.244,102.2805,19935.205,128281.0,79.07,3.08,2.8,4.1,70.5
2022-09-26,16.244,102.2805,19935.205,128281.0,77.17,3.08,2.8,4.1,70.5
2022-09-27,16.244,102.2805,19935.205,128281.0,78.91,3.08,2.8,4.1,70.5
2022-09-28,16.244,102.2805,19935.205,128281.0,82.61,3.08,2.8,4.1,70.5
2022-09-29,16.244,102.2805,19935.205,128281.0,81.78,3.08,2.8,4.1,70.5
2022-09-30,16.244,102.2805,19935.205,128281.0,79.91,3.08,2.8,4.1,70.5
2022-10-03,16.244,102.2805,19935.205,128281.0,84.05,3.08,2.8,4.1,70.5
2022-10-04,16.244,102.2805,19935.205,128281.0,86.87,3.08,2.8,4.1,70.5
2022-10-05,16.244,102.2805,19935.205,128281.0,88.22,3.08,2.8,4.1,70.5
2022-10-06,16.244,102.2805,19935.205,128281.0,88.9,3.08,2.8,4.1,70.5
2022-10-07,16.244,102.2805,19935.205,128281.0,93.07,3.08,2.8,4.1,70.5
2022-10-10,16.244,102.2805,19935.205,128281.0,91.6,3.08,2.8,4.1,70.5
2022-10-11,16.244,102.2805,19935.205,128281.0,89.75,3.08,2.8,4.1,70.5
2022-10-12,16.244,102.2805,19935.205,128281.0,87.83,3.08,2.8,4.1,70.5
2022-10-13,16.244,102.2805,19935.205,128281.0,89.59,3.08,2.8,4.1,70.5
2022-10-14,16.244,102.2805,19935.205,128281.0,86.1,3.08,2.8,4.1,70.5
2022-10-17,16.244,102.2805,19935.205,128281.0,86.0,3.08,2.8,4.1,70.5
2022-10-18,16.244,102.2805,19935.205,128281.0,83.29,3.08,2.8,4.1,70.5
2022-10-19,16.244,102.2805,19935.205,128281.0,86.0,3.08,2.8,4.1,70.5
2022-10-20,16.244,102.2805,19935.205,128281.0,86.02,3.08,2.8,4.1,70.5
2022-10-21,16.244,102.2805,19935.205,128281.0,85.47,3.08,2.8,4.1,70.5
2022-10-24,16.244,102.2805,19935.205,128281.0,86.12,3.08,2.8,4.1,70.5
2022-10-25,16.244,102.2805,19935.205,128281.0,86.93,3.08,2.8,4.1,70.5
2022-10-26,16.244,102.2805,19935.205,128281.0,89.39,3.08,2.8,4.1,70.5
2022-10-27,16.244,102.2805,19935.205,128281.0,89.06,3.08,2.8,4.1,70.5
2022-10-28,16.244,102.2805,19935.205,128281.0,87.85,3.08,2.8,4.1,70.5
2022-10-31,16.244,102.2805,19935.205,128281.0,86.54,3.08,2.8,4.1,70.5
2022-11-02,16.244,102.2805,19935.205,128281.0,90.06,3.08,2.8,4.1,70.5
2022-11-03,16.244,102.2805,19935.205,128281.0,88.14,3.83,2.8,4.1,70.5
2022-11-04,16.244,102.2805,19935.205,128281.0,92.58,3.83,2.8,4.1,70.5
2022-11-07,16.244,102.2805,19935.205,128281.0,91.8,3.83,2.8,4.1,70.5
2022-11-08,16.244,102.2805,19935.205,128281.0,88.8,3.83,2.8,4.1,70.5
2022-11-09,16.244,102.2805,19935.205,128281.0,85.79,3.83,2.8,4.1,70.5
2022-11-10,16.244,102.2805,19935.205,128281.0,86.52,3.83,2.8,4.1,70.5
2022-11-11,16.244,102.2805,19935.205,128281.0,89.14,3.83,2.8,4.1,70.5
2022-11-14,16.244,102.2805,19935.205,128281.0,85.85,3.83,2.8,4.1,70.5
2022-11-15,16.244,102.2805,19935.205,128281.0,86.87,3.83,2.8,4.1,70.5
2022-11-16,16.244,102.2805,19935.205,128281.0,85.62,3.83,2.8,4.1,70.5
2022-11-17,16.244,102.2805,19935.205,128281.0,81.69,3.83,2.8,4.1,70.5
2022-11-18,16.244,102.2805,19935.205,128281.0,80.07,3.83,2.8,4.1,70.5
2022-11-21,16.244,102.2805,19935.205,128281.0,79.74,3.83,2.8,4.1,70.5
2022-11-22,16.244,102.2805,19935.205,128281.0,80.83,3.83,2.8,4.1,70.5
2022-11-23,16.244,102.2805,19935.205,128281.0,77.93,3.83,2.8,4.1,70.5
2022-11-24,16.244,102.2805,19935.205,128281.0,77.93,3.83,2.8,4.1,70.5
2022-11-25,16.244,102.2805,19935.205,128281.0,76.45,3.83,2.8,4.1,70.5
2022-11-28,16.244,102.2805,19935.205,128281.0,77.1,3.83,2.8,4.1,70.5
2022-11-29,16.244,102.2805,19935.205,128281.0,77.96,3.83,2.8,4.1,70.5
2022-11-30,16.244,102.2805,19935.205,128281.0,80.48,3.83,2.8,4.1,70.5
2022-12-02,16.244,102.2805,19935.205,128281.0,79.86,3.83,2.8,4.1,70.5
2022-12-05,16.244,102.2805,19935.205,128281.0,76.83,3.83,2.8,4.1,70.5
2022-12-06,16.244,102.2805,19935.205,128281.0,74.21,3.83,2.8,4.1,70.5
2022-12-07,16.244,102.2805,19935.205,128281.0,71.93,3.83,2.8,4.1,70.5
2022-12-08,16.244,102.2805,19935.205,128281.0,71.3,3.83,2.8,4.1,70.5
2022-12-09,16.244,102.2805,19935.205,128281.0,71.05,3.83,2.8,4.1,70.5
2022-12-12,16.244,102.2805,19935.205,128281.0,72.96,3.83,2.8,4.1,70.5
2022-12-13,16.244,102.2805,19935.205,128281.0,75.44,3.83,2.8,4.1,70.5
2022-12-14,16.244,102.2805,19935.205,128281.0,77.14,3.83,2.8,4.1,70.5
2022-12-15,16.244,102.2805,19935.205,128281.0,75.89,4.33,2.8,4.1,70.5
2022-12-16,16.244,102.2805,19935.205,128281.0,74.19,4.33,2.8,4.1,70.5
2022-12-19,16.244,102.2805,19935.205,128281.0,75.05,4.33,2.8,4.1,70.5
2022-12-20,16.244,102.2805,19935.205,128281.0,75.92,4.33,2.8,4.1,70.5
2022-12-21,16.244,102.2805,19935.205,128281.0,78.17,4.33,2.8,4.1,70.5
2022-12-22,16.244,102.2805,19935.205,128281.0,77.68,4.33,2.8,4.1,70.5
2022-12-23,16.244,102.2805,19935.205,128281.0,79.57,4.33,2.8,4.1,70.5
2022-12-26,16.244,102.2805,19935.205,128281.0,79.57,4.33,2.8,4.1,70.5
2022-12-27,16.244,102.2805,19935.205,128281.0,79.45,4.33,2.8,4.1,70.5
2022-12-28,16.244,102.2805,19935.205,128281.0,78.89,4.33,2.8,4.1,70.5
2022-12-29,16.244,102.2805,19935.205,128281.0,78.43,4.33,2.8,4.1,70.5
2022-12-30,16.244,102.2805,19935.205,128281.0,80.16,4.33,2.8,4.1,70.5
2023-01-02,16.244,102.2805,19935.205,128281.0,80.16,4.33,2.8,4.1,70.5
2023-01-03,16.244,102.2805,19935.205,128281.0,76.87,4.33,2.8,4.1,70.5
2023-01-04,16.244,102.2805,19935.205,128281.0,72.82,4.33,2.8,4.1,70.5
2023-01-05,16.244,102.2805,19935.205,128281.0,73.61,4.33,2.8,4.1,70.5
2023-01-06,16.244,102.2805,19935.205,128281.0,73.77,4.33,2.8,4.1,70.5
2023-01-09,16.244,102.2805,19935.205,128281.0,74.69,4.33,2.8,4.1,70.5
2023-01-10,16.244,102.2805,19935.205,128281.0,75.11,4.33,2.8,4.1,70.5
2023-01-11,16.244,102.2805,19935.205,128281.0,77.46,4.33,2.8,4.1,70.5
2023-01-12,16.244,102.2805,19935.205,128281.0,78.32,4.33,2.8,4.1,70.5
2023-01-13,16.244,102.2805,19935.205,128281.0,79.9,4.33,2.8,4.1,70.5
2023-01-16,16.244,102.2805,19935.205,128281.0,79.9,4.33,2.8,4.1,70.5
2023-01-17,16.244,102.2805,19935.205,128281.0,80.25,4.33,2.8,4.1,70.5
2023-01-18,16.244,102.2805,19935.205,128281.0,79.53,4.33,2.8,4.1,70.5
2023-01-19,16.244,102.2805,19935.205,128281.0,80.31,4.33,2.8,4.1,70.5
2023-01-20,16.244,102.2805,19935.205,128281.0,81.27,4.33,2.8,4.1,70.5
2023-01-23,16.244,102.2805,19935.205,128281.0,81.62,4.33,2.8,4.1,70.5
2023-01-24,16.244,102.2805,19935.205,128281.0,79.86,4.33,2.8,4.1,70.5
2023-01-25,16.244,102.2805,19935.205,128281.0,79.78,4.33,2.8,4.1,70.5
2023-01-26,16.244,102.2805,19935.205,128281.0,80.64,4.33,2.8,4.1,70.5
2023-01-27,16.244,102.2805,19935.205,128281.0,79.73,4.33,2.8,4.1,70.5
2023-01-30,16.244,102.2805,19935.205,128281.0,77.97,4.33,2.8,4.1,70.5
2023-01-31,16.244,102.2805,19935.205,128281.0,78.95,4.33,2.8,4.1,70.5
2023-02-02,16.244,102.2805,19935.205,128281.0,75.87,4.58,2.8,4.1,70.5
2023-02-03,16.244,102.2805,19935.205,128281.0,73.4,4.58,2.8,4.1,70.5
2023-02-06,16.244,102.2805,19935.205,128281.0,74.11,4.58,2.8,4.1,70.5
2023-02-07,16.244,102.2805,19935.205,128281.0,77.17,4.58,2.8,4.1,70.5
2023-02-08,16.244,102.2805,19935.205,128281.0,78.47,4.58,2.8,4.1,70.5
2023-02-09,16.244,102.2805,19935.205,128281.0,78.04,4.57,2.8,4.1,70.5
2023-02-10,16.244,102.2805,19935.205,128281.0,79.74,4.58,2.8,4.1,70.5
2023-02-13,16.244,102.2805,19935.205,128281.0,80.14,4.58,2.8,4.1,70.5
2023-02-14,16.244,102.2805,19935.205,128281.0,79.08,4.58,2.8,4.1,70.5
2023-02-15,16.244,102.2805,19935.205,128281.0,78.57,4.58,2.8,4.1,70.5
2023-02-16,16.244,102.2805,19935.205,128281.0,78.45,4.58,2.8,4.1,70.5
2023-02-17,16.244,102.2805,19935.205,128281.0,76.31,4.58,2.8,4.1,70.5
2023-02-20,16.244,102.2805,19935.205,128281.0,76.31,4.58,2.8,4.1,70.5
2023-02-21,16.244,102.2805,19935.205,128281.0,76.28,4.58,2.8,4.1,70.5
2023-02-22,16.244,102.2805,19935.205,128281.0,73.95,4.58,2.8,4.1,70.5
2023-02-23,16.244,102.2805,19935.205,128281.0,75.26,4.58,2.8,4.1,70.5
2023-02-24,16.244,102.2805,19935.205,128281.0,76.19,4.58,2.8,4.1,70.5
2023-02-27,16.244,102.2805,19935.205,128281.0,75.57,4.57,2.8,4.1,70.5
2023-02-28,16.244,102.2805,19935.205,128281.0,76.88,4.57,2.8,4.1,70.5
2023-03-02,16.244,102.2805,19935.205,128281.0,78.05,4.57,2.8,4.1,70.5
2023-03-03,16.244,102.2805,19935.205,128281.0,79.62,4.57,2.8,4.1,70.5
2023-03-06,16.244,102.2805,19935.205,128281.0,80.39,4.57,2.8,4.1,70.5
2023-03-07,16.244,102.2805,19935.205,128281.0,77.45,4.57,2.8,4.1,70.5
2023-03-08,16.244,102.2805,19935.205,128281.0,76.56,4.57,2.8,4.1,70.5
2023-03-09,16.244,102.2805,19935.205,128281.0,75.6,4.57,2.8,4.1,70.5
2023-03-10,16.244,102.2805,19935.205,128281.0,76.55,4.57,2.8,4.1,70.5
2023-03-13,16.244,102.2805,19935.205,128281.0,74.68,4.58,2.8,4.1,70.5
2023-03-14,16.244,102.2805,19935.205,128281.0,71.18,4.58,2.8,4.1,70.5
2023-03-15,16.244,102.2805,19935.205,128281.0,67.38,4.58,2.8,4.1,70.5
2023-03-16,16.244,102.2805,19935.205,128281.0,68.15,4.58,2.8,4.1,70.5
2023-03-17,16.244,102.2805,19935.205,128281.0,66.61,4.58,2.8,4.1,70.5
2023-03-20,16.244,102.2805,19935.205,128281.0,67.56,4.58,2.8,4.1,70.5
2023-03-21,16.244,102.2805,19935.205,128281.0,69.4,4.58,2.8,4.1,70.5
2023-03-22,16.244,102.2805,19935.205,128281.0,70.71,4.58,2.8,4.1,70.5
2023-03-23,16.244,102.2805,19935.205,128281.0,69.77,4.83,2.8,4.1,70.5
2023-03-24,16.244,102.2805,19935.205,128281.0,69.22,4.83,2.8,4.1,70.5
2023-03-27,16.244,102.2805,19935.205,128281.0,72.87,4.83,2.8,4.1,70.5
2023-03-28,16.244,102.2805,19935.205,128281.0,73.12,4.83,2.8,4.1,70.5
2023-03-29,16.244,102.2805,19935.205,128281.0,72.95,4.83,2.8,4.1,70.5
2023-03-30,16.244,102.2805,19935.205,128281.0,74.32,4.83,2.8,4.1,70.5
2023-03-31,16.244,102.2805,19935.205,128281.0,75.68,4.83,2.8,4.1,70.5
2023-04-03,16.244,102.2805,19935.205,128281.0,80.4,4.83,2.8,4.1,70.5
2023-04-04,16.244,102.2805,19935.205,128281.0,80.7,4.83,2.8,4.1,70.5
2023-04-05,16.244,102.2805,19935.205,128281.0,80.69,4.83,2.8,4.1,70.5
2023-04-06,16.244,102.2805,19935.205,128281.0,80.7,4.83,2.8,4.1,70.5
2023-04-07,16.244,102.2805,19935.205,128281.0,80.7,4.83,2.8,4.1,70.5
2023-04-10,16.244,102.2805,19935.205,128281.0,79.79,4.83,2.8,4.1,70.5
2023-04-11,16.244,102.2805,19935.205,128281.0,81.54,4.83,2.8,4.1,70.5
2023-04-12,16.244,102.2805,19935.205,128281.0,83.26,4.83,2.8,4.1,70.5
2023-04-13,16.244,102.2805,19935.205,128281.0,82.16,4.83,2.8,4.1,70.5
2023-04-14,16.244,102.2805,19935.205,128281.0,82.58,4.83,2.8,4.1,70.5
2023-04-17,16.244,102.2805,19935.205,128281.0,80.93,4.83,2.8,4.1,70.5
2023-04-18,16.244,102.2805,19935.205,128281.0,80.85,4.83,2.8,4.1,70.5
2023-04-19,16.244,102.2805,19935.205,128281.0,79.18,4.83,2.8,4.1,70.5
2023-04-20,16.244,102.2805,19935.205,128281.0,77.27,4.83,2.8,4.1,70.5
2023-04-21,16.244,102.2805,19935.205,128281.0,77.86,4.83,2.8,4.1,70.5
2023-04-24,16.244,102.2805,19935.205,128281.0,78.64,4.83,2.8,4.1,70.5
2023-04-25,16.244,102.2805,19935.205,128281.0,77.05,4.83,2.8,4.1,70.5
2023-04-26,16.244,102.2805,19935.205,128281.0,74.33,4.83,2.8,4.1,70.5
2023-04-27,16.244,102.2805,19935.205,128281.0,74.77,4.83,2.8,4.1,70.5
2023-04-28,16.244,102.2805,19935.205,128281.0,76.78,4.83,2.8,4.1,70.5
2023-05-02,16.244,102.2805,19935.205,128281.0,71.71,4.83,2.8,4.1,70.5
2023-05-03,16.244,102.2805,19935.205,128281.0,68.62,4.83,2.8,4.1,70.5
2023-05-04,16.244,102.2805,19935.205,128281.0,68.52,5.08,2.8,4.1,70.5
2023-05-05,16.244,102.2805,19935.205,128281.0,71.32,5.08,2.8,4.1,70.5
2023-05-08,16.244,102.2805,19935.205,128281.0,73.13,5.08,2.8,4.1,70.5
2023-05-09,16.244,102.2805,19935.205,128281.0,73.68,5.08,2.8,4.1,70.5
2023-05-10,16.244,102.2805,19935.205,128281.0,72.53,5.08,2.8,4.1,70.5
2023-05-11,16.244,102.2805,19935.205,128281.0,70.81,5.08,2.8,4.1,70.5
2023-05-12,16.244,102.2805,19935.205,128281.0,70.02,5.08,2.8,4.1,70.5
2023-05-15,16.244,102.2805,19935.205,128281.0,71.07,5.08,2.8,4.1,70.5
2023-05-16,16.244,102.2805,19935.205,128281.0,70.85,5.08,2.8,4.1,70.5
2023-05-17,16.244,102.2805,19935.205,128281.0,72.78,5.08,2.8,4.1,70.5
2023-05-18,16.244,102.2805,19935.205,128281.0,71.82,5.08,2.8,4.1,70.5
2023-05-19,16.244,102.2805,19935.205,128281.0,71.57,5.08,2.8,4.1,70.5
2023-05-22,16.244,102.2805,19935.205,128281.0,71.81,5.08,2.8,4.1,70.5
2023-05-23,16.244,102.2805,19935.205,128281.0,72.87,5.08,2.8,4.1,70.5
2023-05-24,16.244,102.2805,19935.205,128281.0,74.37,5.08,2.8,4.1,70.5
2023-05-25,16.244,102.2805,19935.205,128281.0,71.68,5.08,2.8,4.1,70.5
2023-05-26,16.244,102.2805,19935.205,128281.0,72.35,5.08,2.8,4.1,70.5
2023-05-29,16.244,102.2805,19935.205,128281.0,72.35,5.08,2.8,4.1,70.5
2023-05-30,16.244,102.2805,19935.205,128281.0,69.45,5.08,2.8,4.1,70.5
2023-05-31,16.244,102.2805,19935.205,128281.0,68.11,5.08,2.8,4.1,70.5
2023-06-02,16.244,102.2805,19935.205,128281.0,71.76,5.08,2.8,4.1,70.5
2023-06-05,16.244,102.2805,19935.205,128281.0,72.14,5.08,2.8,4.1,70.5
2023-06-06,16.244,102.2805,19935.205,128281.0,71.71,5.08,2.8,4.1,70.5
2023-06-07,16.244,102.2805,19935.205,128281.0,72.52,5.08,2.8,4.1,70.5
2023-06-08,16.244,102.2805,19935.205,128281.0,71.28,5.08,2.8,4.1,70.5
2023-06-09,16.244,102.2805,19935.205,128281.0,70.16,5.08,2.8,4.1,70.5
2023-06-12,16.244,102.2805,19935.205,128281.0,67.08,5.08,2.8,4.1,70.5
2023-06-13,16.244,102.2805,19935.205,128281.0,69.39,5.08,2.8,4.1,70.5
2023-06-14,16.244,102.2805,19935.205,128281.0,68.22,5.08,2.8,4.1,70.5
2023-06-15,16.244,102.2805,19935.205,128281.0,70.61,5.07,2.8,4.1,70.5
2023-06-16,16.244,102.2805,19935.205,128281.0,71.81,5.08,2.8,4.1,70.5
2023-06-19,16.244,102.2805,19935.205,128281.0,71.81,5.08,2.8,4.1,70.5
2023-06-20,16.244,102.2805,19935.205,128281.0,70.94,5.07,2.8,4.1,70.5
2023-06-21,16.244,102.2805,19935.205,128281.0,72.55,5.07,2.8,4.1,70.5
2023-06-22,16.244,102.2805,19935.205,128281.0,69.22,5.07,2.8,4.1,70.5
2023-06-23,16.244,102.2805,19935.205,128281.0,68.91,5.07,2.8,4.1,70.5
2023-06-26,16.244,102.2805,19935.205,128281.0,69.09,5.07,2.8,4.1,70.5
2023-06-27,16.244,102.2805,19935.205,128281.0,67.68,5.07,2.8,4.1,70.5
2023-06-28,16.244,102.2805,19935.205,128281.0,69.54,5.07,2.8,4.1,70.5
2023-06-29,16.244,102.2805,19935.205,128281.0,69.85,5.07,2.8,4.1,70.5
2023-06-30,16.244,102.2805,19935.205,128281.0,70.66,5.08,2.8,4.1,70.5
2023-07-03,16.244,102.2805,19935.205,128281.0,69.71,5.08,2.8,4.1,70.5
2023-07-04,16.244,102.2805,19935.205,128281.0,69.71,5.08,2.8,4.1,70.5
2023-07-05,16.244,102.2805,19935.205,128281.0,71.78,5.08,2.8,4.1,70.5
2023-07-06,16.244,102.2805,19935.205,128281.0,71.76,5.08,2.8,4.1,70.5
2023-07-07,16.244,102.2805,19935.205,128281.0,73.91,5.08,2.8,4.1,70.5
2023-07-10,16.244,102.2805,19935.205,128281.0,73.05,5.07,2.8,4.1,70.5
2023-07-11,16.244,102.2805,19935.205,128281.0,74.87,5.08,2.8,4.1,70.5
2023-07-12,16.244,102.2805,19935.205,128281.0,75.77,5.08,2.8,4.1,70.5
2023-07-13,16.244,102.2805,19935.205,128281.0,76.86,5.08,2.8,4.1,70.5
2023-07-14,16.244,102.2805,19935.205,128281.0,75.44,5.08,2.8,4.1,70.5
2023-07-17,16.244,102.2805,19935.205,128281.0,74.17,5.08,2.8,4.1,70.5
2023-07-18,16.244,102.2805,19935.205,128281.0,75.76,5.08,2.8,4.1,70.5
2023-07-19,16.244,102.2805,19935.205,128281.0,75.4,5.08,2.8,4.1,70.5
2023-07-20,16.244,102.2805,19935.205,128281.0,75.65,5.08,2.8,4.1,70.5
2023-07-21,16.244,102.2805,19935.205,128281.0,77.06,5.08,2.8,4.1,70.5
2023-07-24,16.244,102.2805,19935.205,128281.0,78.81,5.08,2.8,4.1,70.5
2023-07-25,16.244,102.2805,19935.205,128281.0,79.76,5.08,2.8,4.1,70.5
2023-07-26,16.244,102.2805,19935.205,128281.0,79.11,5.08,2.8,4.1,70.5
2023-07-27,16.244,102.2805,19935.205,128281.0,80.17,5.33,2.8,4.1,70.5
2023-07-28,16.244,102.2805,19935.205,128281.0,80.55,5.33,2.8,4.1,70.5
2023-07-31,16.244,102.2805,19935.205,128281.0,81.8,5.33,2.8,4.1,70.5
2023-08-02,16.244,102.2805,19935.205,128281.0,79.5,5.33,2.8,4.1,70.5
2023-08-03,16.244,102.2805,19935.205,128281.0,81.56,5.33,2.8,4.1,70.5
2023-08-04,16.244,102.2805,19935.205,128281.0,82.76,5.33,2.8,4.1,70.5
2023-08-07,16.244,102.2805,19935.205,128281.0,81.94,5.33,2.8,4.1,70.5
2023-08-08,16.244,102.2805,19935.205,128281.0,82.94,5.33,2.8,4.1,70.5
2023-08-09,16.244,102.2805,19935.205,128281.0,84.35,5.33,2.8,4.1,70.5
2023-08-10,16.244,102.2805,19935.205,128281.0,82.81,5.33,2.8,4.1,70.5
2023-08-11,16.244,102.2805,19935.205,128281.0,83.17,5.33,2.8,4.1,70.5
2023-08-14,16.244,102.2805,19935.205,128281.0,82.5,5.33,2.8,4.1,70.5
2023-08-15,16.244,102.2805,19935.205,128281.0,81.06,5.33,2.8,4.1,70.5
2023-08-16,16.244,102.2805,19935.205,128281.0,79.4,5.33,2.8,4.1,70.5
2023-08-17,16.244,102.2805,19935.205,128281.0,80.43,5.33,2.8,4.1,70.5
2023-08-18,16.244,102.2805,19935.205,128281.0,81.25,5.33,2.8,4.1,70.5
2023-08-21,16.244,102.2805,19935.205,128281.0,80.71,5.33,2.8,4.1,70.5
2023-08-22,16.244,102.2805,19935.205,128281.0,80.25,5.33,2.8,4.1,70.5
2023-08-23,16.244,102.2805,19935.205,128281.0,78.91,5.33,2.8,4.1,70.5
2023-08-24,16.244,102.2805,19935.205,128281.0,79.52,5.33,2.8,4.1,70.5
2023-08-25,16.244,102.2805,19935.205,128281.0,80.47,5.33,2.8,4.1,70.5
2023-08-28,16.244,102.2805,19935.205,128281.0,80.65,5.33,2.8,4.1,70.5
2023-08-29,16.244,102.2805,19935.205,128281.0,81.14,5.33,2.8,4.1,70.5
2023-08-30,16.244,102.2805,19935.205,128281.0,81.64,5.33,2.8,4.1,70.5
2023-08-31,16.244,102.2805,19935.205,128281.0,83.55,5.33,2.8,4.1,70.5
2023-09-04,16.244,102.2805,19935.205,128281.0,83.55,5.33,2.8,4.1,70.5
2023-09-05,16.244,102.2805,19935.205,128281.0,86.74,5.33,2.8,4.1,70.5
2023-09-06,16.244,102.2805,19935.205,128281.0,87.55,5.33,2.8,4.1,70.5
2023-09-07,16.244,102.2805,19935.205,128281.0,86.87,5.33,2.8,4.1,70.5
2023-09-08,16.244,102.2805,19935.205,128281.0,87.51,5.33,2.8,4.1,70.5
2023-09-11,16.244,102.2805,19935.205,128281.0,87.3,5.33,2.8,4.1,70.5
2023-09-12,16.244,102.2805,19935.205,128281.0,88.87,5.33,2.8,4.1,70.5
2023-09-13,16.244,102.2805,19935.205,128281.0,88.59,5.33,2.8,4.1,70.5
2023-09-14,16.244,102.2805,19935.205,128281.0,90.13,5.33,2.8,4.1,70.5
2023-09-15,16.244,102.2805,19935.205,128281.0,90.83,5.33,2.8,4.1,70.5
2023-09-18,16.244,102.2805,19935.205,128281.0,91.47,5.33,2.8,4.1,70.5
2023-09-19,16.244,102.2805,19935.205,128281.0,91.16,5.33,2.8,4.1,70.5
2023-09-20,16.244,102.2805,19935.205,128281.0,89.2,5.33,2.8,4.1,70.5
2023-09-21,16.244,102.2805,19935.205,128281.0,89.56,5.33,2.8,4.1,70.5
2023-09-22,16.244,102.2805,19935.205,128281.0,90.0,5.33,2.8,4.1,70.5
2023-09-25,16.244,102.2805,19935.205,128281.0,89.68,5.33,2.8,4.1,70.5
2023-09-26,16.244,102.2805,19935.205,128281.0,91.43,5.33,2.8,4.1,70.5
2023-09-27,16.244,102.2805,19935.205,128281.0,93.67,5.33,2.8,4.1,70.5
2023-09-28,16.244,102.2805,19935.205,128281.0,91.65,5.33,2.8,4.1,70.5
2023-09-29,16.244,102.2805,19935.205,128281.0,90.77,5.33,2.8,4.1,70.5
2023-10-02,16.244,102.2805,19935.205,128281.0,88.81,5.33,2.8,4.1,70.5
2023-10-03,16.244,102.2805,19935.205,128281.0,89.26,5.33,2.8,4.1,70.5
2023-10-04,16.244,102.2805,19935.205,128281.0,84.32,5.33,2.8,4.1,70.5
2023-10-05,16.244,102.2805,19935.205,128281.0,82.3,5.33,2.8,4.1,70.5
2023-10-06,16.244,102.2805,19935.205,128281.0,82.83,5.33,2.8,4.1,70.5
2023-10-09,16.244,102.2805,19935.205,128281.0,82.83,5.33,2.8,4.1,70.5
2023-10-10,16.244,102.2805,19935.205,128281.0,85.89,5.33,2.8,4.1,70.5
2023-10-11,16.244,102.2805,19935.205,128281.0,83.7,5.33,2.8,4.1,70.5
2023-10-12,16.244,102.2805,19935.205,128281.0,82.87,5.33,2.8,4.1,70.5
2023-10-13,16.244,102.2805,19935.205,128281.0,87.67,5.33,2.8,4.1,70.5
2023-10-16,16.244,102.2805,19935.205,128281.0,86.65,5.33,2.8,4.1,70.5
2023-10-17,16.244,102.2805,19935.205,128281.0,86.66,5.33,2.8,4.1,70.5
2023-10-18,16.244,102.2805,19935.205,128281.0,88.35,5.33,2.8,4.1,70.5
2023-10-19,16.244,102.2805,19935.205,128281.0,89.35,5.33,2.8,4.1,70.5
2023-10-20,16.244,102.2805,19935.205,128281.0,89.12,5.33,2.8,4.1,70.5
2023-10-23,16.244,102.2805,19935.205,128281.0,85.49,5.33,2.8,4.1,70.5
2023-10-24,16.244,102.2805,19935.205,128281.0,84.58,5.33,2.8,4.1,70.5
2023-10-25,16.244,102.2805,19935.205,128281.0,86.07,5.33,2.8,4.1,70.5
2023-10-26,16.244,102.2805,19935.205,128281.0,83.8,5.33,2.8,4.1,70.5
2023-10-27,16.244,102.2805,19935.205,128281.0,86.04,5.33,2.8,4.1,70.5
2023-10-30,16.244,102.2805,19935.205,128281.0,83.03,5.33,2.8,4.1,70.5
2023-10-31,16.244,102.2805,19935.205,128281.0,81.64,5.33,2.8,4.1,70.5
2023-11-02,16.244,102.2805,19935.205,128281.0,83.04,5.33,2.8,4.1,70.5
2023-11-03,16.244,102.2805,19935.205,128281.0,81.19,5.33,2.8,4.1,70.5
2023-11-06,16.244,102.2805,19935.205,128281.0,81.54,5.33,2.8,4.1,70.5
2023-11-07,16.244,102.2805,19935.205,128281.0,77.96,5.33,2.8,4.1,70.5
2023-11-08,16.244,102.2805,19935.205,128281.0,75.85,5.33,2.8,4.1,70.5
2023-11-09,16.244,102.2805,19935.205,128281.0,76.34,5.33,2.8,4.1,70.5
2023-11-10,16.244,102.2805,19935.205,128281.0,76.34,5.33,2.8,4.1,70.5
2023-11-13,16.244,102.2805,19935.205,128281.0,78.86,5.33,2.8,4.1,70.5
2023-11-14,16.244,102.2805,19935.205,128281.0,78.9,5.33,2.8,4.1,70.5
2023-11-15,16.244,102.2805,19935.205,128281.0,77.15,5.33,2.8,4.1,70.5
2023-11-16,16.244,102.2805,19935.205,128281.0,73.5,5.33,2.8,4.1,70.5
2023-11-17,16.244,102.2805,19935.205,128281.0,76.47,5.33,2.8,4.1,70.5
2023-11-20,16.244,102.2805,19935.205,128281.0,78.1,5.33,2.8,4.1,70.5
2023-11-21,16.244,102.2805,19935.205,128281.0,78.35,5.33,2.8,4.1,70.5
2023-11-22,16.244,102.2805,19935.205,128281.0,76.8,5.33,2.8,4.1,70.5
2023-11-23,16.244,102.2805,19935.205,128281.0,76.8,5.33,2.8,4.1,70.5
2023-11-24,16.244,102.2805,19935.205,128281.0,74.83,5.33,2.8,4.1,70.5
2023-11-27,16.244,102.2805,19935.205,128281.0,74.46,5.33,2.8,4.1,70.5
2023-11-28,16.244,102.2805,19935.205,128281.0,76.09,5.33,2.8,4.1,70.5
2023-11-29,16.244,102.2805,19935.205,128281.0,77.56,5.33,2.8,4.1,70.5
2023-11-30,16.244,102.2805,19935.205,128281.0,75.66,5.33,2.8,4.1,70.5
2023-12-04,16.244,102.2805,19935.205,128281.0,72.73,5.33,2.8,4.1,70.5
2023-12-05,16.244,102.2805,19935.205,128281.0,71.95,5.33,2.8,4.1,70.5
2023-12-06,16.244,102.2805,19935.205,128281.0,68.98,5.33,2.8,4.1,70.5
2023-12-07,16.244,102.2805,19935.205,128281.0,69.0,5.33,2.8,4.1,70.5
2023-12-08,16.244,102.2805,19935.205,128281.0,70.87,5.33,2.8,4.1,70.5
2023-12-11,16.244,102.2805,19935.205,128281.0,70.95,5.33,2.8,4.1,70.5
2023-12-12,16.244,102.2805,19935.205,128281.0,68.27,5.33,2.8,4.1,70.5
2023-12-13,16.244,102.2805,19935.205,128281.0,69.09,5.33,2.8,4.1,70.5
2023-12-14,16.244,102.2805,19935.205,128281.0,71.21,5.33,2.8,4.1,70.5
2023-12-15,16.244,102.2805,19935.205,128281.0,71.05,5.33,2.8,4.1,70.5
2023-12-18,16.244,102.2805,19935.205,128281.0,72.16,5.33,2.8,4.1,70.5
2023-12-19,16.244,102.2805,19935.205,128281.0,73.23,5.33,2.8,4.1,70.5
2023-12-20,16.244,102.2805,19935.205,128281.0,73.87,5.33,2.8,4.1,70.5
2023-12-21,16.244,102.2805,19935.205,128281.0,73.59,5.33,2.8,4.1,70.5
2023-12-22,16.244,102.2805,19935.205,128281.0,73.29,5.33,2.8,4.1,70.5
2023-12-25,16.244,102.2805,19935.205,128281.0,73.29,5.33,2.8,4.1,70.5
2023-12-26,16.244,102.2805,19935.205,128281.0,75.84,5.33,2.8,4.1,70.5
2023-12-27,16.244,102.2805,19935.205,128281.0,74.31,5.33,2.8,4.1,70.5
2023-12-28,16.244,102.2805,19935.205,128281.0,72.02,5.33,2.8,4.1,70.5
2023-12-29,16.244,102.2805,19935.205,128281.0,71.89,5.33,2.8,4.1,70.5
2024-01-02,16.244,102.2805,19935.205,128281.0,70.62,5.33,2.8,4.1,70.5
2024-01-03,16.244,102.2805,19935.205,128281.0,72.97,5.33,2.8,4.1,70.5
2024-01-04,16.244,102.2805,19935.205,128281.0,72.38,5.33,2.8,4.1,70.5
2024-01-05,16.244,102.2805,19935.205,128281.0,74.0,5.33,2.8,4.1,70.5
2024-01-08,16.244,102.2805,19935.205,128281.0,71.06,5.33,2.8,4.1,70.5
2024-01-09,16.244,102.2805,19935.205,128281.0,72.43,5.33,2.8,4.1,70.5
2024-01-10,16.244,102.2805,19935.205,128281.0,71.57,5.33,2.8,4.1,70.5
2024-01-11,16.244,102.2805,19935.205,128281.0,72.15,5.33,2.8,4.1,70.5
2024-01-12,16.244,102.2805,19935.205,128281.0,72.94,5.33,2.8,4.1,70.5
2024-01-15,16.244,102.2805,19935.205,128281.0,72.94,5.33,2.8,4.1,70.5
2024-01-16,16.244,102.2805,19935.205,128281.0,72.63,5.33,2.8,4.1,70.5
2024-01-17,16.244,102.2805,19935.205,128281.0,72.79,5.33,2.8,4.1,70.5
2024-01-18,16.244,102.2805,19935.205,128281.0,74.32,5.33,2.8,4.1,70.5
2024-01-19,16.244,102.2805,19935.205,128281.0,73.69,5.33,2.8,4.1,70.5
2024-01-22,16.244,102.2805,19935.205,128281.0,75.26,5.33,2.8,4.1,70.5
2024-01-23,16.244,102.2805,19935.205,128281.0,74.72,5.33,2.8,4.1,70.5
2024-01-24,16.244,102.2805,19935.205,128281.0,75.48,5.33,2.8,4.1,70.5
2024-01-25,16.244,102.2805,19935.205,128281.0,77.91,5.33,2.8,4.1,70.5
2024-01-26,16.244,102.2805,19935.205,128281.0,78.45,5.33,2.8,4.1,70.5
2024-01-29,16.244,102.2805,19935.205,128281.0,77.25,5.33,2.8,4.1,70.5
2024-01-30,16.244,102.2805,19935.205,128281.0,78.3,5.33,2.8,4.1,70.5
2024-01-31,16.244,102.2805,19935.205,128281.0,76.28,5.33,2.8,4.1,70.5
2024-02-02,16.244,102.2805,19935.205,128281.0,72.72,5.33,2.8,4.1,70.5
2024-02-05,16.244,102.2805,19935.205,128281.0,73.21,5.33,2.8,4.1,70.5
2024-02-06,16.244,102.2805,19935.205,128281.0,73.83,5.33,2.8,4.1,70.5
2024-02-07,16.244,102.2805,19935.205,128281.0,74.26,5.33,2.8,4.1,70.5
2024-02-08,16.244,102.2805,19935.205,128281.0,76.67,5.33,2.8,4.1,70.5
2024-02-09,16.244,102.2805,19935.205,128281.0,77.26,5.33,2.8,4.1,70.5
2024-02-12,16.244,102.2805,19935.205,128281.0,77.34,5.33,2.8,4.1,70.5
2024-02-13,16.244,102.2805,19935.205,128281.0,78.28,5.33,2.8,4.1,70.5
2024-02-14,16.244,102.2805,19935.205,128281.0,77.09,5.33,2.8,4.1,70.5
2024-02-15,16.244,102.2805,19935.205,128281.0,78.47,5.33,2.8,4.1,70.5
2024-02-16,16.244,102.2805,19935.205,128281.0,79.65,5.33,2.8,4.1,70.5
2024-02-19,16.244,102.2805,19935.205,128281.0,79.65,5.33,2.8,4.1,70.5
2024-02-20,16.244,102.2805,19935.205,128281.0,78.72,5.33,2.8,4.1,70.5
2024-02-21,16.244,102.2805,19935.205,128281.0,78.89,5.33,2.8,4.1,70.5
2024-02-22,16.244,102.2805,19935.205,128281.0,79.64,5.33,2.8,4.1,70.5
2024-02-23,16.244,102.2805,19935.205,128281.0,77.6,5.33,2.8,4.1,70.5
2024-02-26,16.244,102.2805,19935.205,128281.0,78.53,5.33,2.8,4.1,70.5
2024-02-27,16.244,102.2805,19935.205,128281.0,79.8,5.33,2.8,4.1,70.5
2024-02-28,16.244,102.2805,19935.205,128281.0,79.44,5.33,2.8,4.1,70.5
2024-02-29,16.244,102.2805,19935.205,128281.0,79.22,5.33,2.8,4.1,70.5
2024-03-04,16.244,102.2805,19935.205,128281.0,79.67,5.33,2.8,4.1,70.5
2024-03-05,16.244,102.2805,19935.205,128281.0,79.11,5.33,2.8,4.1,70.5
2024-03-06,16.244,102.2805,19935.205,128281.0,80.08,5.33,2.8,4.1,70.5
2024-03-07,16.244,102.2805,19935.205,128281.0,79.81,5.33,2.8,4.1,70.5
2024-03-08,16.244,102.2805,19935.205,128281.0,78.96,5.33,2.8,4.1,70.5
2024-03-11,16.244,102.2805,19935.205,128281.0,78.87,5.33,2.8,4.1,70.5
2024-03-12,16.244,102.2805,19935.205,128281.0,78.51,5.33,2.8,4.1,70.5
2024-03-13,16.244,102.2805,19935.205,128281.0,80.67,5.33,2.8,4.1,70.5
2024-03-14,16.244,102.2805,19935.205,128281.0,82.16,5.33,2.8,4.1,70.5
2024-03-15,16.244,102.2805,19935.205,128281.0,81.94,5.33,2.8,4.1,70.5
2024-03-18,16.244,102.2805,19935.205,128281.0,83.68,5.33,2.8,4.1,70.5
2024-03-19,16.244,102.2805,19935.205,128281.0,84.39,5.33,2.8,4.1,70.5
2024-03-20,16.244,102.2805,19935.205,128281.0,82.79,5.33,2.8,4.1,70.5
2024-03-21,16.244,102.2805,19935.205,128281.0,81.99,5.33,2.8,4.1,70.5
2024-03-22,16.244,102.2805,19935.205,128281.0,81.1,5.33,2.8,4.1,70.5
2024-03-25,16.244,102.2805,19935.205,128281.0,82.41,5.33,2.8,4.1,70.5
2024-03-26,16.244,102.2805,19935.205,128281.0,82.41,5.33,2.8,4.1,70.5
2024-03-27,16.244,102.2805,19935.205,128281.0,82.15,5.33,2.8,4.1,70.5
2024-03-28,16.244,102.2805,19935.205,128281.0,83.96,5.33,2.8,4.1,70.5
2024-03-29,16.244,102.2805,19935.205,128281.0,83.96,5.33,2.8,4.1,70.5
2024-04-02,16.244,102.2805,19935.205,128281.0,85.95,5.33,2.8,4.1,70.5
2024-04-03,16.244,102.2805,19935.205,128281.0,86.22,5.33,2.8,4.1,70.5
2024-04-04,16.244,102.2805,19935.205,128281.0,87.37,5.33,2.8,4.1,70.5
2024-04-05,16.244,102.2805,19935.205,128281.0,87.69,5.33,2.8,4.1,70.5
2024-04-08,16.244,102.2805,19935.205,128281.0,87.24,5.33,2.8,4.1,70.5
2024-04-09,16.244,102.2805,19935.205,128281.0,86.04,5.33,2.8,4.1,70.5
2024-04-10,16.244,102.2805,19935.205,128281.0,86.98,5.33,2.8,4.1,70.5
2024-04-11,16.244,102.2805,19935.205,128281.0,85.79,5.33,2.8,4.1,70.5
2024-04-12,16.244,102.2805,19935.205,128281.0,86.46,5.33,2.8,4.1,70.5
2024-04-15,16.244,102.2805,19935.205,128281.0,86.21,5.33,2.8,4.1,70.5
2024-04-16,16.244,102.2805,19935.205,128281.0,86.15,5.33,2.8,4.1,70.5
2024-04-17,16.244,102.2805,19935.205,128281.0,83.58,5.33,2.8,4.1,70.5
2024-04-18,16.244,102.2805,19935.205,128281.0,83.5,5.33,2.8,4.1,70.5
2024-04-19,16.244,102.2805,19935.205,128281.0,83.79,5.33,2.8,4.1,70.5
2024-04-22,16.244,102.2805,19935.205,128281.0,83.82,5.33,2.8,4.1,70.5
2024-04-23,16.244,102.2805,19935.205,128281.0,84.17,5.33,2.8,4.1,70.5
2024-04-24,16.244,102.2805,19935.205,128281.0,84.09,5.33,2.8,4.1,70.5
2024-04-25,16.244,102.2805,19935.205,128281.0,84.92,5.33,2.8,4.1,70.5
2024-04-26,16.244,102.2805,19935.205,128281.0,85.38,5.33,2.8,4.1,70.5
2024-04-29,16.244,102.2805,19935.205,128281.0,84.26,5.33,2.8,4.1,70.5
2024-04-30,16.244,102.2805,19935.205,128281.0,83.49,5.33,2.8,4.1,70.5
2024-05-02,16.244,102.2805,19935.205,128281.0,80.59,5.33,2.8,4.1,70.5
2024-05-03,16.244,102.2805,19935.205,128281.0,79.65,5.33,2.8,4.1,70.5
2024-05-06,16.244,102.2805,19935.205,128281.0,80.1,5.33,2.8,4.1,70.5
2024-05-07,16.244,102.2805,19935.205,128281.0,79.97,5.33,2.8,4.1,70.5
2024-05-08,16.244,102.2805,19935.205,128281.0,80.57,5.33,2.8,4.1,70.5
2024-05-09,16.244,102.2805,19935.205,128281.0,80.86,5.33,2.8,4.1,70.5
2024-05-10,16.244,102.2805,19935.205,128281.0,79.81,5.33,2.8,4.1,70.5
2024-05-13,16.244,102.2805,19935.205,128281.0,80.71,5.33,2.8,4.1,70.5
2024-05-14,16.244,102.2805,19935.205,128281.0,79.62,5.33,2.8,4.1,70.5
2024-05-15,16.244,102.2805,19935.205,128281.0,80.23,5.33,2.8,4.1,70.5
2024-05-16,16.244,102.2805,19935.205,128281.0,80.85,5.33,2.8,4.1,70.5
2024-05-17,16.244,102.2805,19935.205,128281.0,81.66,5.33,2.8,4.1,70.5
2024-05-20,16.244,102.2805,19935.205,128281.0,81.39,5.33,2.8,4.1,70.5
2024-05-21,16.244,102.2805,19935.205,128281.0,80.66,5.33,2.8,4.1,70.5
2024-05-22,16.244,102.2805,19935.205,128281.0,79.15,5.33,2.8,4.1,70.5
2024-05-23,16.244,102.2805,19935.205,128281.0,77.47,5.33,2.8,4.1,70.5
2024-05-24,16.244,102.2805,19935.205,128281.0,78.48,5.33,2.8,4.1,70.5
2024-05-27,16.244,102.2805,19935.205,128281.0,78.48,5.33,2.8,4.1,70.5
2024-05-28,16.244,102.2805,19935.205,128281.0,80.9,5.33,2.8,4.1,70.5
2024-05-29,16.244,102.2805,19935.205,128281.0,80.24,5.33,2.8,4.1,70.5
2024-05-30,16.244,102.2805,19935.205,128281.0,78.96,5.33,2.8,4.1,70.5
2024-05-31,16.244,102.2805,19935.205,128281.0,77.97,5.33,2.8,4.1,70.5
2024-06-03,16.244,102.2805,19935.205,128281.0,75.26,5.33,2.8,4.1,70.5
2024-06-04,16.244,102.2805,19935.205,128281.0,74.27,5.33,2.8,4.1,70.5
2024-06-05,16.244,102.2805,19935.205,128281.0,75.08,5.33,2.8,4.1,70.5
2024-06-06,16.244,102.2805,19935.205,128281.0,76.52,5.33,2.8,4.1,70.5
2024-06-07,16.244,102.2805,19935.205,128281.0,76.53,5.33,2.8,4.1,70.5
2024-06-10,16.244,102.2805,19935.205,128281.0,78.75,5.33,2.8,4.1,70.5
2024-06-11,16.244,102.2805,19935.205,128281.0,78.88,5.33,2.8,4.1,70.5
2024-06-12,16.244,102.2805,19935.205,128281.0,79.56,5.33,2.8,4.1,70.5
2024-06-13,16.244,102.2805,19935.205,128281.0,79.61,5.33,2.8,4.1,70.5
2024-06-14,16.244,102.2805,19935.205,128281.0,79.41,5.33,2.8,4.1,70.5
2024-06-17,16.244,102.2805,19935.205,128281.0,81.33,5.33,2.8,4.1,70.5
2024-06-18,16.244,102.2805,19935.205,128281.0,82.67,5.33,2.8,4.1,70.5
2024-06-19,16.244,102.2805,19935.205,128281.0,82.67,5.33,2.8,4.1,70.5
2024-06-20,16.244,102.2805,19935.205,128281.0,83.34,5.33,2.8,4.1,70.5
2024-06-21,16.244,102.2805,19935.205,128281.0,81.71,5.33,2.8,4.1,70.5
2024-06-24,16.244,102.2805,19935.205,128281.0,82.63,5.33,2.8,4.1,70.5
2024-06-25,16.244,102.2805,19935.205,128281.0,81.97,5.33,2.8,4.1,70.5
2024-06-26,16.244,102.2805,19935.205,128281.0,82.19,5.33,2.8,4.1,70.5
2024-06-27,16.244,102.2805,19935.205,128281.0,83.04,5.33,2.8,4.1,70.5
2024-06-28,16.244,102.2805,19935.205,128281.0,82.83,5.33,2.8,4.1,70.5
2024-07-02,16.244,102.2805,19935.205,128281.0,84.09,5.33,2.8,4.1,70.5
2024-07-03,16.244,102.2805,19935.205,128281.0,85.19,5.33,2.8,4.1,70.5
2024-07-04,16.244,102.2805,19935.205,128281.0,85.19,5.33,2.8,4.1,70.5
2024-07-05,16.244,102.2805,19935.205,128281.0,84.44,5.33,2.8,4.1,70.5
2024-07-08,16.244,102.2805,19935.205,128281.0,83.63,5.33,2.8,4.1,70.5
2024-07-09,16.244,102.2805,19935.205,128281.0,82.78,5.33,2.8,4.1,70.5
2024-07-10,16.244,102.2805,19935.205,128281.0,83.39,5.33,2.8,4.1,70.5
2024-07-11,16.244,102.2805,19935.205,128281.0,83.92,5.33,2.8,4.1,70.5
2024-07-12,16.244,102.2805,19935.205,128281.0,83.49,5.33,2.8,4.1,70.5
2024-07-15,16.244,102.2805,19935.205,128281.0,83.22,5.33,2.8,4.1,70.5
2024-07-16,16.244,102.2805,19935.205,128281.0,81.92,5.33,2.8,4.1,70.5
2024-07-17,16.244,102.2805,19935.205,128281.0,84.16,5.33,2.8,4.1,70.5
2024-07-18,16.244,102.2805,19935.205,128281.0,84.17,5.33,2.8,4.1,70.5
2024-07-19,16.244,102.2805,19935.205,128281.0,81.43,5.33,2.8,4.1,70.5
2024-07-22,16.244,102.2805,19935.205,128281.0,81.25,5.33,2.8,4.1,70.5
2024-07-23,16.244,102.2805,19935.205,128281.0,78.24,5.33,2.8,4.1,70.5
2024-07-24,16.244,102.2805,19935.205,128281.0,78.78,5.33,2.8,4.1,70.5
2024-07-25,16.244,102.2805,19935.205,128281.0,79.43,5.33,2.8,4.1,70.5
2024-07-26,16.244,102.2805,19935.205,128281.0,78.58,5.33,2.8,4.1,70.5
2024-07-29,16.244,102.2805,19935.205,128281.0,77.27,5.33,2.8,4.1,70.5
2024-07-30,16.244,102.2805,19935.205,128281.0,76.17,5.33,2.8,4.1,70.5
2024-07-31,16.244,102.2805,19935.205,128281.0,79.36,5.33,2.8,4.1,70.5
2024-08-02,16.244,102.2805,19935.205,128281.0,74.99,5.33,2.8,4.1,70.5
2024-08-05,16.244,102.2805,19935.205,128281.0,74.46,5.33,2.8,4.1,70.5
2024-08-06,16.244,102.2805,19935.205,128281.0,74.6,5.33,2.8,4.1,70.5
2024-08-07,16.244,102.2805,19935.205,128281.0,76.68,5.33,2.8,4.1,70.5
2024-08-08,16.244,102.2805,19935.205,128281.0,77.64,5.33,2.8,4.1,70.5
2024-08-09,16.244,102.2805,19935.205,128281.0,78.28,5.33,2.8,4.1,70.5
2024-08-12,16.244,102.2805,19935.205,128281.0,81.45,5.33,2.8,4.1,70.5
2024-08-13,16.244,102.2805,19935.205,128281.0,79.81,5.33,2.8,4.1,70.5
2024-08-14,16.244,102.2805,19935.205,128281.0,78.47,5.33,2.8,4.1,70.5
2024-08-15,16.244,102.2805,19935.205,128281.0,79.66,5.33,2.8,4.1,70.5
2024-08-16,16.244,102.2805,19935.205,128281.0,78.05,5.33,2.8,4.1,70.5
2024-08-19,16.244,102.2805,19935.205,128281.0,75.82,5.33,2.8,4.1,70.5
2024-08-20,16.244,102.2805,19935.205,128281.0,75.27,5.33,2.8,4.1,70.5
2024-08-21,16.244,102.2805,19935.205,128281.0,72.76,5.33,2.8,4.1,70.5
2024-08-22,16.244,102.2805,19935.205,128281.0,73.72,5.33,2.8,4.1,70.5
2024-08-23,16.244,102.2805,19935.205,128281.0,75.82,5.33,2.8,4.1,70.5
2024-08-26,16.244,102.2805,19935.205,128281.0,78.4,5.33,2.8,4.1,70.5
2024-08-27,16.244,102.2805,19935.205,128281.0,76.5,5.33,2.8,4.1,70.5
2024-08-28,16.244,102.2805,19935.205,128281.0,75.49,5.33,2.8,4.1,70.5
2024-08-29,16.244,102.2805,19935.205,128281.0,76.9,5.33,2.8,4.1,70.5
2024-08-30,16.244,102.2805,19935.205,128281.0,74.52,5.33,2.8,4.1,70.5
2024-09-02,16.244,102.2805,19935.205,128281.0,74.52,5.33,2.8,4.1,70.5
2024-09-03,16.244,102.2805,19935.205,128281.0,71.28,5.33,2.8,4.1,70.5
2024-09-04,16.244,102.2805,19935.205,128281.0,70.11,5.33,2.8,4.1,70.5
2024-09-05,16.244,102.2805,19935.205,128281.0,70.09,5.33,2.8,4.1,70.5
2024-09-06,16.244,102.2805,19935.205,128281.0,68.58,5.33,2.8,4.1,70.5
2024-09-09,16.244,102.2805,19935.205,128281.0,69.65,5.33,2.8,4.1,70.5
2024-09-10,16.244,102.2805,19935.205,128281.0,66.73,5.33,2.8,4.1,70.5
2024-09-11,16.244,102.2805,19935.205,128281.0,68.25,5.33,2.8,4.1,70.5
2024-09-12,16.244,102.2805,19935.205,128281.0,69.89,5.33,2.8,4.1,70.5
2024-09-13,16.244,102.2805,19935.205,128281.0,69.59,5.33,2.8,4.1,70.5
2024-09-16,16.244,102.2805,19935.205,128281.0,71.1,5.33,2.8,4.1,70.5
2024-09-17,16.244,102.2805,19935.205,128281.0,72.16,5.33,2.8,4.1,70.5
2024-09-18,16.244,102.2805,19935.205,128281.0,71.87,5.33,2.8,4.1,70.5
2024-09-19,16.244,102.2805,19935.205,128281.0,72.86,4.83,2.8,4.1,70.5
2024-09-20,16.244,102.2805,19935.205,128281.0,72.72,4.83,2.8,4.1,70.5
2024-09-23,16.244,102.2805,19935.205,128281.0,71.33,4.83,2.8,4.1,70.5
2024-09-24,16.244,102.2805,19935.205,128281.0,72.34,4.83,2.8,4.1,70.5
2024-09-25,16.244,102.2805,19935.205,128281.0,70.42,4.83,2.8,4.1,70.5
2024-09-26,16.244,102.2805,19935.205,128281.0,68.28,4.83,2.8,4.1,70.5
2024-09-27,16.244,102.2805,19935.205,128281.0,68.72,4.83,2.8,4.1,70.5
2024-09-30,16.244,102.2805,19935.205,128281.0,68.75,4.83,2.8,4.1,70.5
2024-10-02,16.244,102.2805,19935.205,128281.0,70.74,4.83,2.8,4.1,70.5
2024-10-03,16.244,102.2805,19935.205,128281.0,74.33,4.83,2.8,4.1,70.5
2024-10-04,16.244,102.2805,19935.205,128281.0,74.93,4.83,2.8,4.1,70.5
2024-10-07,16.244,102.2805,19935.205,128281.0,77.76,4.83,2.8,4.1,70.5
2024-10-08,16.244,102.2805,19935.205,128281.0,74.26,4.83,2.8,4.1,70.5
2024-10-09,16.244,102.2805,19935.205,128281.0,73.85,4.83,2.8,4.1,70.5
2024-10-10,16.244,102.2805,19935.205,128281.0,76.46,4.83,2.8,4.1,70.5
2024-10-11,16.244,102.2805,19935.205,128281.0,76.11,4.83,2.8,4.1,70.5
2024-10-14,16.244,102.2805,19935.205,128281.0,76.11,4.83,2.8,4.1,70.5
2024-10-15,16.244,102.2805,19935.205,128281.0,71.22,4.83,2.8,4.1,70.5
2024-10-16,16.244,102.2805,19935.205,128281.0,70.97,4.83,2.8,4.1,70.5
2024-10-17,16.244,102.2805,19935.205,128281.0,71.26,4.83,2.8,4.1,70.5
2024-10-18,16.244,102.2805,19935.205,128281.0,69.78,4.83,2.8,4.1,70.5
2024-10-21,16.244,102.2805,19935.205,128281.0,71.16,4.83,2.8,4.1,70.5
2024-10-22,16.244,102.2805,19935.205,128281.0,72.84,4.83,2.8,4.1,70.5
2024-10-23,16.244,102.2805,19935.205,128281.0,71.37,4.83,2.8,4.1,70.5
2024-10-24,16.244,102.2805,19935.205,128281.0,70.58,4.83,2.8,4.1,70.5
2024-10-25,16.244,102.2805,19935.205,128281.0,72.02,4.83,2.8,4.1,70.5
2024-10-28,16.244,102.2805,19935.205,128281.0,67.65,4.83,2.8,4.1,70.5
2024-10-29,16.244,102.2805,19935.205,128281.0,67.48,4.83,2.8,4.1,70.5
2024-10-30,16.244,102.2805,19935.205,128281.0,68.91,4.83,2.8,4.1,70.5
2024-10-31,16.244,102.2805,19935.205,128281.0,69.58,4.83,2.8,4.1,70.5
2024-11-01,16.244,102.2805,19935.205,128281.0,69.81,4.83,2.8,4.1,70.5
2024-11-04,16.244,102.2805,19935.205,128281.0,71.83,4.83,2.8,4.1,70.5
2024-11-05,16.244,102.2805,19935.205,128281.0,72.26,4.83,2.8,4.1,70.5
2024-11-06,16.244,102.2805,19935.205,128281.0,71.98,4.83,2.8,4.1,70.5
2024-11-07,16.244,102.2805,19935.205,128281.0,72.69,4.83,2.8,4.1,70.5
2024-11-08,16.244,102.2805,19935.205,128281.0,70.69,4.58,2.8,4.1,70.5
2024-11-11,16.244,102.2805,19935.205,128281.0,70.69,4.58,2.8,4.1,70.5
2024-11-12,16.244,102.2805,19935.205,128281.0,68.43,4.58,2.8,4.1,70.5
2024-11-13,16.244,102.2805,19935.205,128281.0,68.76,4.58,2.8,4.1,70.5
2024-11-14,16.244,102.2805,19935.205,128281.0,68.99,4.58,2.8,4.1,70.5
2024-11-15,16.244,102.2805,19935.205,128281.0,67.33,4.58,2.8,4.1,70.5
2024-11-18,16.244,102.2805,19935.205,128281.0,69.46,4.58,2.8,4.1,70.5
2022-01-02,16.244,102.2805,19935.205,128281.0,69.46,0.07,2.8,4.1,70.5
2022-01-08,16.244,102.2805,19935.205,128281.0,69.46,0.08,2.8,4.1,70.5
2022-01-09,16.244,102.2805,19935.205,128281.0,69.46,0.08,2.8,4.1,70.5
2022-01-15,16.244,102.2805,19935.205,128281.0,69.46,0.08,2.8,4.1,70.5
2022-01-16,16.244,102.2805,19935.205,128281.0,69.46,0.08,2.8,4.1,70.5
2022-01-22,16.244,102.2805,19935.205,128281.0,69.46,0.08,2.8,4.1,70.5
2022-01-23,16.244,102.2805,19935.205,128281.0,69.46,0.08,2.8,4.1,70.5
2022-01-29,16.244,102.2805,19935.205,128281.0,69.46,0.08,2.8,4.1,70.5
2022-01-30,16.244,102.2805,19935.205,128281.0,69.46,0.08,2.8,4.1,70.5
2022-02-05,16.244,102.2805,19935.205,128281.0,69.46,0.08,2.8,4.1,70.5
2022-02-06,16.244,102.2805,19935.205,128281.0,69.46,0.08,2.8,4.1,70.5
2022-02-12,16.244,102.2805,19935.205,128281.0,69.46,0.08,2.8,4.1,70.5
2022-02-13,16.244,102.2805,19935.205,128281.0,69.46,0.08,2.8,4.1,70.5
2022-02-19,16.244,102.2805,19935.205,128281.0,69.46,0.08,2.8,4.1,70.5
2022-02-20,16.244,102.2805,19935.205,128281.0,69.46,0.08,2.8,4.1,70.5
2022-02-26,16.244,102.2805,19935.205,128281.0,69.46,0.08,2.8,4.1,70.5
2022-02-27,16.244,102.2805,19935.205,128281.0,69.46,0.08,2.8,4.1,70.5
2022-03-05,16.244,102.2805,19935.205,128281.0,69.46,0.08,2.8,4.1,70.5
2022-03-06,16.244,102.2805,19935.205,128281.0,69.46,0.08,2.8,4.1,70.5
2022-03-12,16.244,102.2805,19935.205,128281.0,69.46,0.08,2.8,4.1,70.5
2022-03-13,16.244,102.2805,19935.205,128281.0,69.46,0.08,2.8,4.1,70.5
2022-03-19,16.244,102.2805,19935.205,128281.0,69.46,0.33,2.8,4.1,70.5
2022-03-20,16.244,102.2805,19935.205,128281.0,69.46,0.33,2.8,4.1,70.5
2022-03-26,16.244,102.2805,19935.205,128281.0,69.46,0.33,2.8,4.1,70.5
2022-03-27,16.244,102.2805,19935.205,128281.0,69.46,0.33,2.8,4.1,70.5
2022-04-02,16.244,102.2805,19935.205,128281.0,69.46,0.33,2.8,4.1,70.5
2022-04-03,16.244,102.2805,19935.205,128281.0,69.46,0.33,2.8,4.1,70.5
2022-04-09,16.244,102.2805,19935.205,128281.0,69.46,0.33,2.8,4.1,70.5
2022-04-10,16.244,102.2805,19935.205,128281.0,69.46,0.33,2.8,4.1,70.5
2022-04-16,16.244,102.2805,19935.205,128281.0,69.46,0.33,2.8,4.1,70.5
2022-04-17,16.244,102.2805,19935.205,128281.0,69.46,0.33,2.8,4.1,70.5
2022-04-23,16.244,102.2805,19935.205,128281.0,69.46,0.33,2.8,4.1,70.5
2022-04-24,16.244,102.2805,19935.205,128281.0,69.46,0.33,2.8,4.1,70.5
2022-04-30,16.244,102.2805,19935.205,128281.0,69.46,0.33,2.8,4.1,70.5
2022-05-07,16.244,102.2805,19935.205,128281.0,69.46,0.83,2.8,4.1,70.5
2022-05-08,16.244,102.2805,19935.205,128281.0,69.46,0.83,2.8,4.1,70.5
2022-05-14,16.244,102.2805,19935.205,128281.0,69.46,0.83,2.8,4.1,70.5
2022-05-15,16.244,102.2805,19935.205,128281.0,69.46,0.83,2.8,4.1,70.5
2022-05-21,16.244,102.2805,19935.205,128281.0,69.46,0.83,2.8,4.1,70.5
2022-05-22,16.244,102.2805,19935.205,128281.0,69.46,0.83,2.8,4.1,70.5
2022-05-28,16.244,102.2805,19935.205,128281.0,69.46,0.83,2.8,4.1,70.5
2022-05-29,16.244,102.2805,19935.205,128281.0,69.46,0.83,2.8,4.1,70.5
2022-06-04,16.244,102.2805,19935.205,128281.0,69.46,0.83,2.8,4.1,70.5
2022-06-05,16.244,102.2805,19935.205,128281.0,69.46,0.83,2.8,4.1,70.5
2022-06-11,16.244,102.2805,19935.205,128281.0,69.46,0.83,2.8,4.1,70.5
2022-06-12,16.244,102.2805,19935.205,128281.0,69.46,0.83,2.8,4.1,70.5
2022-06-18,16.244,102.2805,19935.205,128281.0,69.46,1.58,2.8,4.1,70.5
2022-06-19,16.244,102.2805,19935.205,128281.0,69.46,1.58,2.8,4.1,70.5
2022-06-25,16.244,102.2805,19935.205,128281.0,69.46,1.58,2.8,4.1,70.5
2022-06-26,16.244,102.2805,19935.205,128281.0,69.46,1.58,2.8,4.1,70.5
2022-07-02,16.244,102.2805,19935.205,128281.0,69.46,1.58,2.8,4.1,70.5
2022-07-03,16.244,102.2805,19935.205,128281.0,69.46,1.58,2.8,4.1,70.5
2022-07-09,16.244,102.2805,19935.205,128281.0,69.46,1.58,2.8,4.1,70.5
2022-07-10,16.244,102.2805,19935.205,128281.0,69.46,1.58,2.8,4.1,70.5
2022-07-16,16.244,102.2805,19935.205,128281.0,69.46,1.58,2.8,4.1,70.5
2022-07-17,16.244,102.2805,19935.205,128281.0,69.46,1.58,2.8,4.1,70.5
2022-07-23,16.244,102.2805,19935.205,128281.0,69.46,1.58,2.8,4.1,70.5
2022-07-24,16.244,102.2805,19935.205,128281.0,69.46,1.58,2.8,4.1,70.5
2022-07-30,16.244,102.2805,19935.205,128281.0,69.46,2.32,2.8,4.1,70.5
2022-07-31,16.244,102.2805,19935.205,128281.0,69.46,2.32,2.8,4.1,70.5
2022-08-06,16.244,102.2805,19935.205,128281.0,69.46,2.33,2.8,4.1,70.5
2022-08-07,16.244,102.2805,19935.205,128281.0,69.46,2.33,2.8,4.1,70.5
2022-08-13,16.244,102.2805,19935.205,128281.0,69.46,2.33,2.8,4.1,70.5
2022-08-14,16.244,102.2805,19935.205,128281.0,69.46,2.33,2.8,4.1,70.5
2022-08-20,16.244,102.2805,19935.205,128281.0,69.46,2.33,2.8,4.1,70.5
2022-08-21,16.244,102.2805,19935.205,128281.0,69.46,2.33,2.8,4.1,70.5
2022-08-27,16.244,102.2805,19935.205,128281.0,69.46,2.33,2.8,4.1,70.5
2022-08-28,16.244,102.2805,19935.205,128281.0,69.46,2.33,2.8,4.1,70.5
2022-09-03,16.244,102.2805,19935.205,128281.0,69.46,2.33,2.8,4.1,70.5
2022-09-04,16.244,102.2805,19935.205,128281.0,69.46,2.33,2.8,4.1,70.5
2022-09-10,16.244,102.2805,19935.205,128281.0,69.46,2.33,2.8,4.1,70.5
2022-09-11,16.244,102.2805,19935.205,128281.0,69.46,2.33,2.8,4.1,70.5
2022-09-17,16.244,102.2805,19935.205,128281.0,69.46,2.33,2.8,4.1,70.5
2022-09-18,16.244,102.2805,19935.205,128281.0,69.46,2.33,2.8,4.1,70.5
2022-09-24,16.244,102.2805,19935.205,128281.0,69.46,3.08,2.8,4.1,70.5
2022-09-25,16.244,102.2805,19935.205,128281.0,69.46,3.08,2.8,4.1,70.5
2022-10-02,16.244,102.2805,19935.205,128281.0,69.46,3.08,2.8,4.1,70.5
2022-10-08,16.244,102.2805,19935.205,128281.0,69.46,3.08,2.8,4.1,70.5
2022-10-09,16.244,102.2805,19935.205,128281.0,69.46,3.08,2.8,4.1,70.5
2022-10-15,16.244,102.2805,19935.205,128281.0,69.46,3.08,2.8,4.1,70.5
2022-10-16,16.244,102.2805,19935.205,128281.0,69.46,3.08,2.8,4.1,70.5
2022-10-22,16.244,102.2805,19935.205,128281.0,69.46,3.08,2.8,4.1,70.5
2022-10-23,16.244,102.2805,19935.205,128281.0,69.46,3.08,2.8,4.1,70.5
2022-10-29,16.244,102.2805,19935.205,128281.0,69.46,3.08,2.8,4.1,70.5
2022-10-30,16.244,102.2805,19935.205,128281.0,69.46,3.08,2.8,4.1,70.5
2022-11-05,16.244,102.2805,19935.205,128281.0,69.46,3.83,2.8,4.1,70.5
2022-11-06,16.244,102.2805,19935.205,128281.0,69.46,3.83,2.8,4.1,70.5
2022-11-12,16.244,102.2805,19935.205,128281.0,69.46,3.83,2.8,4.1,70.5
2022-11-13,16.244,102.2805,19935.205,128281.0,69.46,3.83,2.8,4.1,70.5
2022-11-19,16.244,102.2805,19935.205,128281.0,69.46,3.83,2.8,4.1,70.5
2022-11-20,16.244,102.2805,19935.205,128281.0,69.46,3.83,2.8,4.1,70.5
2022-11-26,16.244,102.2805,19935.205,128281.0,69.46,3.83,2.8,4.1,70.5
2022-11-27,16.244,102.2805,19935.205,128281.0,69.46,3.83,2.8,4.1,70.5
2022-12-03,16.244,102.2805,19935.205,128281.0,69.46,3.83,2.8,4.1,70.5
2022-12-04,16.244,102.2805,19935.205,128281.0,69.46,3.83,2.8,4.1,70.5
2022-12-10,16.244,102.2805,19935.205,128281.0,69.46,3.83,2.8,4.1,70.5
2022-12-11,16.244,102.2805,19935.205,128281.0,69.46,3.83,2.8,4.1,70.5
2022-12-17,16.244,102.2805,19935.205,128281.0,69.46,4.33,2.8,4.1,70.5
2022-12-18,16.244,102.2805,19935.205,128281.0,69.46,4.33,2.8,4.1,70.5
2022-12-24,16.244,102.2805,19935.205,128281.0,69.46,4.33,2.8,4.1,70.5
2022-12-25,16.244,102.2805,19935.205,128281.0,69.46,4.33,2.8,4.1,70.5
2022-12-31,16.244,102.2805,19935.205,128281.0,69.46,4.33,2.8,4.1,70.5
2023-01-07,16.244,102.2805,19935.205,128281.0,69.46,4.33,2.8,4.1,70.5
2023-01-08,16.244,102.2805,19935.205,128281.0,69.46,4.33,2.8,4.1,70.5
2023-01-14,16.244,102.2805,19935.205,128281.0,69.46,4.33,2.8,4.1,70.5
2023-01-15,16.244,102.2805,19935.205,128281.0,69.46,4.33,2.8,4.1,70.5
2023-01-21,16.244,102.2805,19935.205,128281.0,69.46,4.33,2.8,4.1,70.5
2023-01-22,16.244,102.2805,19935.205,128281.0,69.46,4.33,2.8,4.1,70.5
2023-01-28,16.244,102.2805,19935.205,128281.0,69.46,4.33,2.8,4.1,70.5
2023-01-29,16.244,102.2805,19935.205,128281.0,69.46,4.33,2.8,4.1,70.5
2023-02-04,16.244,102.2805,19935.205,128281.0,69.46,4.58,2.8,4.1,70.5
2023-02-05,16.244,102.2805,19935.205,128281.0,69.46,4.58,2.8,4.1,70.5
2023-02-11,16.244,102.2805,19935.205,128281.0,69.46,4.58,2.8,4.1,70.5
2023-02-12,16.244,102.2805,19935.205,128281.0,69.46,4.58,2.8,4.1,70.5
2023-02-18,16.244,102.2805,19935.205,128281.0,69.46,4.58,2.8,4.1,70.5
2023-02-19,16.244,102.2805,19935.205,128281.0,69.46,4.58,2.8,4.1,70.5
2023-02-25,16.244,102.2805,19935.205,128281.0,69.46,4.58,2.8,4.1,70.5
2023-02-26,16.244,102.2805,19935.205,128281.0,69.46,4.58,2.8,4.1,70.5
2023-03-04,16.244,102.2805,19935.205,128281.0,69.46,4.57,2.8,4.1,70.5
2023-03-05,16.244,102.2805,19935.205,128281.0,69.46,4.57,2.8,4.1,70.5
2023-03-11,16.244,102.2805,19935.205,128281.0,69.46,4.57,2.8,4.1,70.5
2023-03-12,16.244,102.2805,19935.205,128281.0,69.46,4.57,2.8,4.1,70.5
2023-03-18,16.244,102.2805,19935.205,128281.0,69.46,4.58,2.8,4.1,70.5
2023-03-19,16.244,102.2805,19935.205,128281.0,69.46,4.58,2.8,4.1,70.5
2023-03-25,16.244,102.2805,19935.205,128281.0,69.46,4.83,2.8,4.1,70.5
2023-03-26,16.244,102.2805,19935.205,128281.0,69.46,4.83,2.8,4.1,70.5
2023-04-02,16.244,102.2805,19935.205,128281.0,69.46,4.83,2.8,4.1,70.5
2023-04-08,16.244,102.2805,19935.205,128281.0,69.46,4.83,2.8,4.1,70.5
2023-04-09,16.244,102.2805,19935.205,128281.0,69.46,4.83,2.8,4.1,70.5
2023-04-15,16.244,102.2805,19935.205,128281.0,69.46,4.83,2.8,4.1,70.5
2023-04-16,16.244,102.2805,19935.205,128281.0,69.46,4.83,2.8,4.1,70.5
2023-04-22,16.244,102.2805,19935.205,128281.0,69.46,4.83,2.8,4.1,70.5
2023-04-23,16.244,102.2805,19935.205,128281.0,69.46,4.83,2.8,4.1,70.5
2023-04-29,16.244,102.2805,19935.205,128281.0,69.46,4.83,2.8,4.1,70.5
2023-04-30,16.244,102.2805,19935.205,128281.0,69.46,4.83,2.8,4.1,70.5
2023-05-06,16.244,102.2805,19935.205,128281.0,69.46,5.08,2.8,4.1,70.5
2023-05-07,16.244,102.2805,19935.205,128281.0,69.46,5.08,2.8,4.1,70.5
2023-05-13,16.244,102.2805,19935.205,128281.0,69.46,5.08,2.8,4.1,70.5
2023-05-14,16.244,102.2805,19935.205,128281.0,69.46,5.08,2.8,4.1,70.5
2023-05-20,16.244,102.2805,19935.205,128281.0,69.46,5.08,2.8,4.1,70.5
2023-05-21,16.244,102.2805,19935.205,128281.0,69.46,5.08,2.8,4.1,70.5
2023-05-27,16.244,102.2805,19935.205,128281.0,69.46,5.08,2.8,4.1,70.5
2023-05-28,16.244,102.2805,19935.205,128281.0,69.46,5.08,2.8,4.1,70.5
2023-06-03,16.244,102.2805,19935.205,128281.0,69.46,5.08,2.8,4.1,70.5
2023-06-04,16.244,102.2805,19935.205,128281.0,69.46,5.08,2.8,4.1,70.5
2023-06-10,16.244,102.2805,19935.205,128281.0,69.46,5.08,2.8,4.1,70.5
2023-06-11,16.244,102.2805,19935.205,128281.0,69.46,5.08,2.8,4.1,70.5
2023-06-17,16.244,102.2805,19935.205,128281.0,69.46,5.08,2.8,4.1,70.5
2023-06-18,16.244,102.2805,19935.205,128281.0,69.46,5.08,2.8,4.1,70.5
2023-06-24,16.244,102.2805,19935.205,128281.0,69.46,5.07,2.8,4.1,70.5
2023-06-25,16.244,102.2805,19935.205,128281.0,69.46,5.07,2.8,4.1,70.5
2023-07-02,16.244,102.2805,19935.205,128281.0,69.46,5.08,2.8,4.1,70.5
2023-07-08,16.244,102.2805,19935.205,128281.0,69.46,5.08,2.8,4.1,70.5
2023-07-09,16.244,102.2805,19935.205,128281.0,69.46,5.08,2.8,4.1,70.5
2023-07-15,16.244,102.2805,19935.205,128281.0,69.46,5.08,2.8,4.1,70.5
2023-07-16,16.244,102.2805,19935.205,128281.0,69.46,5.08,2.8,4.1,70.5
2023-07-22,16.244,102.2805,19935.205,128281.0,69.46,5.08,2.8,4.1,70.5
2023-07-23,16.244,102.2805,19935.205,128281.0,69.46,5.08,2.8,4.1,70.5
2023-07-29,16.244,102.2805,19935.205,128281.0,69.46,5.33,2.8,4.1,70.5
2023-07-30,16.244,102.2805,19935.205,128281.0,69.46,5.33,2.8,4.1,70.5
2023-08-05,16.244,102.2805,19935.205,128281.0,69.46,5.33,2.8,4.1,70.5
2023-08-06,16.244,102.2805,19935.205,128281.0,69.46,5.33,2.8,4.1,70.5
2023-08-12,16.244,102.2805,19935.205,128281.0,69.46,5.33,2.8,4.1,70.5
2023-08-13,16.244,102.2805,19935.205,128281.0,69.46,5.33,2.8,4.1,70.5
2023-08-19,16.244,102.2805,19935.205,128281.0,69.46,5.33,2.8,4.1,70.5
2023-08-20,16.244,102.2805,19935.205,128281.0,69.46,5.33,2.8,4.1,70.5
2023-08-26,16.244,102.2805,19935.205,128281.0,69.46,5.33,2.8,4.1,70.5
2023-08-27,16.244,102.2805,19935.205,128281.0,69.46,5.33,2.8,4.1,70.5
2023-09-02,16.244,102.2805,19935.205,128281.0,69.46,5.33,2.8,4.1,70.5
2023-09-03,16.244,102.2805,19935.205,128281.0,69.46,5.33,2.8,4.1,70.5
2023-09-09,16.244,102.2805,19935.205,128281.0,69.46,5.33,2.8,4.1,70.5
2023-09-10,16.244,102.2805,19935.205,128281.0,69.46,5.33,2.8,4.1,70.5
2023-09-16,16.244,102.2805,19935.205,128281.0,69.46,5.33,2.8,4.1,70.5
2023-09-17,16.244,102.2805,19935.205,128281.0,69.46,5.33,2.8,4.1,70.5
2023-09-23,16.244,102.2805,19935.205,128281.0,69.46,5.33,2.8,4.1,70.5
2023-09-24,16.244,102.2805,19935.205,128281.0,69.46,5.33,2.8,4.1,70.5
2023-09-30,16.244,102.2805,19935.205,128281.0,69.46,5.33,2.8,4.1,70.5
2023-10-07,16.244,102.2805,19935.205,128281.0,69.46,5.33,2.8,4.1,70.5
2023-10-08,16.244,102.2805,19935.205,128281.0,69.46,5.33,2.8,4.1,70.5
2023-10-14,16.244,102.2805,19935.205,128281.0,69.46,5.33,2.8,4.1,70.5
2023-10-15,16.244,102.2805,19935.205,128281.0,69.46,5.33,2.8,4.1,70.5
2023-10-21,16.244,102.2805,19935.205,128281.0,69.46,5.33,2.8,4.1,70.5
2023-10-22,16.244,102.2805,19935.205,128281.0,69.46,5.33,2.8,4.1,70.5
2023-10-28,16.244,102.2805,19935.205,128281.0,69.46,5.33,2.8,4.1,70.5
2023-10-29,16.244,102.2805,19935.205,128281.0,69.46,5.33,2.8,4.1,70.5
2023-11-04,16.244,102.2805,19935.205,128281.0,69.46,5.33,2.8,4.1,70.5
2023-11-05,16.244,102.2805,19935.205,128281.0,69.46,5.33,2.8,4.1,70.5
2023-11-11,16.244,102.2805,19935.205,128281.0,69.46,5.33,2.8,4.1,70.5
2023-11-12,16.244,102.2805,19935.205,128281.0,69.46,5.33,2.8,4.1,70.5
2023-11-18,16.244,102.2805,19935.205,128281.0,69.46,5.33,2.8,4.1,70.5
2023-11-19,16.244,102.2805,19935.205,128281.0,69.46,5.33,2.8,4.1,70.5
2023-11-25,16.244,102.2805,19935.205,128281.0,69.46,5.33,2.8,4.1,70.5
2023-11-26,16.244,102.2805,19935.205,128281.0,69.46,5.33,2.8,4.1,70.5
2023-12-02,16.244,102.2805,19935.205,128281.0,69.46,5.33,2.8,4.1,70.5
2023-12-03,16.244,102.2805,19935.205,128281.0,69.46,5.33,2.8,4.1,70.5
2023-12-09,16.244,102.2805,19935.205,128281.0,69.46,5.33,2.8,4.1,70.5
2023-12-10,16.244,102.2805,19935.205,128281.0,69.46,5.33,2.8,4.1,70.5
2023-12-16,16.244,102.2805,19935.205,128281.0,69.46,5.33,2.8,4.1,70.5
2023-12-17,16.244,102.2805,19935.205,128281.0,69.46,5.33,2.8,4.1,70.5
2023-12-23,16.244,102.2805,19935.205,128281.0,69.46,5.33,2.8,4.1,70.5
2023-12-24,16.244,102.2805,19935.205,128281.0,69.46,5.33,2.8,4.1,70.5
2023-12-30,16.244,102.2805,19935.205,128281.0,69.46,5.33,2.8,4.1,70.5
2023-12-31,16.244,102.2805,19935.205,128281.0,69.46,5.33,2.8,4.1,70.5
2024-01-06,16.244,102.2805,19935.205,128281.0,69.46,5.33,2.8,4.1,70.5
2024-01-07,16.244,102.2805,19935.205,128281.0,69.46,5.33,2.8,4.1,70.5
2024-01-13,16.244,102.2805,19935.205,128281.0,69.46,5.33,2.8,4.1,70.5
2024-01-14,16.244,102.2805,19935.205,128281.0,69.46,5.33,2.8,4.1,70.5
2024-01-20,16.244,102.2805,19935.205,128281.0,69.46,5.33,2.8,4.1,70.5
2024-01-21,16.244,102.2805,19935.205,128281.0,69.46,5.33,2.8,4.1,70.5
2024-01-27,16.244,102.2805,19935.205,128281.0,69.46,5.33,2.8,4.1,70.5
2024-01-28,16.244,102.2805,19935.205,128281.0,69.46,5.33,2.8,4.1,70.5
2024-02-03,16.244,102.2805,19935.205,128281.0,69.46,5.33,2.8,4.1,70.5
2024-02-04,16.244,102.2805,19935.205,128281.0,69.46,5.33,2.8,4.1,70.5
2024-02-10,16.244,102.2805,19935.205,128281.0,69.46,5.33,2.8,4.1,70.5
2024-02-11,16.244,102.2805,19935.205,128281.0,69.46,5.33,2.8,4.1,70.5
2024-02-17,16.244,102.2805,19935.205,128281.0,69.46,5.33,2.8,4.1,70.5
2024-02-18,16.244,102.2805,19935.205,128281.0,69.46,5.33,2.8,4.1,70.5
2024-02-24,16.244,102.2805,19935.205,128281.0,69.46,5.33,2.8,4.1,70.5
2024-02-25,16.244,102.2805,19935.205,128281.0,69.46,5.33,2.8,4.1,70.5
2024-03-02,16.244,102.2805,19935.205,128281.0,69.46,5.33,2.8,4.1,70.5
2024-03-03,16.244,102.2805,19935.205,128281.0,69.46,5.33,2.8,4.1,70.5
2024-03-09,16.244,102.2805,19935.205,128281.0,69.46,5.33,2.8,4.1,70.5
2024-03-10,16.244,102.2805,19935.205,128281.0,69.46,5.33,2.8,4.1,70.5
2024-03-16,16.244,102.2805,19935.205,128281.0,69.46,5.33,2.8,4.1,70.5
2024-03-17,16.244,102.2805,19935.205,128281.0,69.46,5.33,2.8,4.1,70.5
2024-03-23,16.244,102.2805,19935.205,128281.0,69.46,5.33,2.8,4.1,70.5
2024-03-24,16.244,102.2805,19935.205,128281.0,69.46,5.33,2.8,4.1,70.5
2024-03-30,16.244,102.2805,19935.205,128281.0,69.46,5.33,2.8,4.1,70.5
2024-03-31,16.244,102.2805,19935.205,128281.0,69.46,5.33,2.8,4.1,70.5
2024-04-06,16.244,102.2805,19935.205,128281.0,69.46,5.33,2.8,4.1,70.5
2024-04-07,16.244,102.2805,19935.205,128281.0,69.46,5.33,2.8,4.1,70.5
2024-04-13,16.244,102.2805,19935.205,128281.0,69.46,5.33,2.8,4.1,70.5
2024-04-14,16.244,102.2805,19935.205,128281.0,69.46,5.33,2.8,4.1,70.5
2024-04-20,16.244,102.2805,19935.205,128281.0,69.46,5.33,2.8,4.1,70.5
2024-04-21,16.244,102.2805,19935.205,128281.0,69.46,5.33,2.8,4.1,70.5
2024-04-27,16.244,102.2805,19935.205,128281.0,69.46,5.33,2.8,4.1,70.5
2024-04-28,16.244,102.2805,19935.205,128281.0,69.46,5.33,2.8,4.1,70.5
2024-05-04,16.244,102.2805,19935.205,128281.0,69.46,5.33,2.8,4.1,70.5
2024-05-05,16.244,102.2805,19935.205,128281.0,69.46,5.33,2.8,4.1,70.5
2024-05-11,16.244,102.2805,19935.205,128281.0,69.46,5.33,2.8,4.1,70.5
2024-05-12,16.244,102.2805,19935.205,128281.0,69.46,5.33,2.8,4.1,70.5
2024-05-18,16.244,102.2805,19935.205,128281.0,69.46,5.33,2.8,4.1,70.5
2024-05-19,16.244,102.2805,19935.205,128281.0,69.46,5.33,2.8,4.1,70.5
2024-05-25,16.244,102.2805,19935.205,128281.0,69.46,5.33,2.8,4.1,70.5
2024-05-26,16.244,102.2805,19935.205,128281.0,69.46,5.33,2.8,4.1,70.5
2024-06-02,16.244,102.2805,19935.205,128281.0,69.46,5.33,2.8,4.1,70.5
2024-06-08,16.244,102.2805,19935.205,128281.0,69.46,5.33,2.8,4.1,70.5
2024-06-09,16.244,102.2805,19935.205,128281.0,69.46,5.33,2.8,4.1,70.5
2024-06-15,16.244,102.2805,19935.205,128281.0,69.46,5.33,2.8,4.1,70.5
2024-06-16,16.244,102.2805,19935.205,128281.0,69.46,5.33,2.8,4.1,70.5
2024-06-22,16.244,102.2805,19935.205,128281.0,69.46,5.33,2.8,4.1,70.5
2024-06-23,16.244,102.2805,19935.205,128281.0,69.46,5.33,2.8,4.1,70.5
2024-06-29,16.244,102.2805,19935.205,128281.0,69.46,5.33,2.8,4.1,70.5
2024-06-30,16.244,102.2805,19935.205,128281.0,69.46,5.33,2.8,4.1,70.5
2024-07-06,16.244,102.2805,19935.205,128281.0,69.46,5.33,2.8,4.1,70.5
2024-07-07,16.244,102.2805,19935.205,128281.0,69.46,5.33,2.8,4.1,70.5
2024-07-13,16.244,102.2805,19935.205,128281.0,69.46,5.33,2.8,4.1,70.5
2024-07-14,16.244,102.2805,19935.205,128281.0,69.46,5.33,2.8,4.1,70.5
2024-07-20,16.244,102.2805,19935.205,128281.0,69.46,5.33,2.8,4.1,70.5
2024-07-21,16.244,102.2805,19935.205,128281.0,69.46,5.33,2.8,4.1,70.5
2024-07-27,16.244,102.2805,19935.205,128281.0,69.46,5.33,2.8,4.1,70.5
2024-07-28,16.244,102.2805,19935.205,128281.0,69.46,5.33,2.8,4.1,70.5
2024-08-03,16.244,102.2805,19935.205,128281.0,69.46,5.33,2.8,4.1,70.5
2024-08-04,16.244,102.2805,19935.205,128281.0,69.46,5.33,2.8,4.1,70.5
2024-08-10,16.244,102.2805,19935.205,128281.0,69.46,5.33,2.8,4.1,70.5
2024-08-11,16.244,102.2805,19935.205,128281.0,69.46,5.33,2.8,4.1,70.5
2024-08-17,16.244,102.2805,19935.205,128281.0,69.46,5.33,2.8,4.1,70.5
2024-08-18,16.244,102.2805,19935.205,128281.0,69.46,5.33,2.8,4.1,70.5
2024-08-24,16.244,102.2805,19935.205,128281.0,69.46,5.33,2.8,4.1,70.5
2024-08-25,16.244,102.2805,19935.205,128281.0,69.46,5.33,2.8,4.1,70.5
2024-08-31,16.244,102.2805,19935.205,128281.0,69.46,5.33,2.8,4.1,70.5
2024-09-07,16.244,102.2805,19935.205,128281.0,69.46,5.33,2.8,4.1,70.5
2024-09-08,16.244,102.2805,19935.205,128281.0,69.46,5.33,2.8,4.1,70.5
2024-09-14,16.244,102.2805,19935.205,128281.0,69.46,5.33,2.8,4.1,70.5
2024-09-15,16.244,102.2805,19935.205,128281.0,69.46,5.33,2.8,4.1,70.5
2024-09-21,16.244,102.2805,19935.205,128281.0,69.46,4.83,2.8,4.1,70.5
2024-09-22,16.244,102.2805,19935.205,128281.0,69.46,4.83,2.8,4.1,70.5
2024-09-28,16.244,102.2805,19935.205,128281.0,69.46,4.83,2.8,4.1,70.5
2024-09-29,16.244,102.2805,19935.205,128281.0,69.46,4.83,2.8,4.1,70.5
2024-10-05,16.244,102.2805,19935.205,128281.0,69.46,4.83,2.8,4.1,70.5
2024-10-06,16.244,102.2805,19935.205,128281.0,69.46,4.83,2.8,4.1,70.5
2024-10-12,16.244,102.2805,19935.205,128281.0,69.46,4.83,2.8,4.1,70.5
2024-10-13,16.244,102.2805,19935.205,128281.0,69.46,4.83,2.8,4.1,70.5
2024-10-19,16.244,102.2805,19935.205,128281.0,69.46,4.83,2.8,4.1,70.5
2024-10-20,16.244,102.2805,19935.205,128281.0,69.46,4.83,2.8,4.1,70.5
2024-10-26,16.244,102.2805,19935.205,128281.0,69.46,4.83,2.8,4.1,70.5
2024-10-27,16.244,102.2805,19935.205,128281.0,69.46,4.83,2.8,4.1,70.5
2024-11-02,16.244,102.2805,19935.205,128281.0,69.46,4.83,2.8,4.1,70.5
2024-11-03,16.244,102.2805,19935.205,128281.0,69.46,4.83,2.8,4.1,70.5
2024-11-09,16.244,102.2805,19935.205,128281.0,69.46,4.58,2.8,4.1,70.5
2024-11-10,16.244,102.2805,19935.205,128281.0,69.46,4.58,2.8,4.1,70.5
2024-11-16,16.244,102.2805,19935.205,128281.0,69.46,4.58,2.8,4.1,70.5
2024-11-17,16.244,102.2805,19935.205,128281.0,69.46,4.58,2.8,4.1,70.5
2024-11-19,16.244,102.2805,19935.205,128281.0,69.46,4.58,2.8,4.1,70.5
2024-11-20,16.244,102.2805,19935.205,128281.0,69.46,4.58,2.8,4.1,70.5
2024-11-21,16.244,102.2805,19935.205,128281.0,69.46,4.58,2.8,4.1,70.5
