Date,interest_rate,unemployment_rate,cpi,gdp_growth,corporate_bond_spread,stock_market_volatility,industrial_production,m2_money_supply,commercial_loans,sp500
2022-01-03,0.08,4.0,282.39,-1.0,1.82,16.6,101.2146,21566.1,2487.55,4796.56
2022-01-04,0.08,4.0,282.39,-1.0,1.84,16.91,101.2146,21566.1,2487.55,4793.54
2022-01-05,0.08,4.0,282.39,-1.0,1.8,19.73,101.2146,21566.1,2487.55,4700.58
2022-01-06,0.08,4.0,282.39,-1.0,1.78,19.61,101.2146,21566.1,2487.55,4696.05
2022-01-07,0.08,4.0,282.39,-1.0,1.78,18.76,101.2146,21566.1,2487.55,4677.03
2022-01-08,0.08,4.0,282.39,-1.0,1.78,18.76,101.2146,21566.1,2487.55,4677.03
2022-01-09,0.08,4.0,282.39,-1.0,1.78,18.76,101.2146,21566.1,2487.55,4677.03
2022-01-10,0.08,4.0,282.39,-1.0,1.76,19.4,101.2146,21566.1,2487.55,4670.29
2022-01-11,0.08,4.0,282.39,-1.0,1.76,18.41,101.2146,21566.1,2487.55,4713.07
2022-01-12,0.08,4.0,282.39,-1.0,1.77,17.62,101.2146,21566.1,2487.55,4726.35
2022-01-13,0.08,4.0,282.39,-1.0,1.8,20.31,101.2146,21566.1,2487.55,4659.03
2022-01-14,0.08,4.0,282.39,-1.0,1.79,19.19,101.2146,21566.1,2487.55,4662.85
2022-01-15,0.08,4.0,282.39,-1.0,1.79,19.19,101.2146,21566.1,2487.55,4662.85
2022-01-16,0.08,4.0,282.39,-1.0,1.79,19.19,101.2146,21566.1,2487.55,4662.85
2022-01-17,0.08,4.0,282.39,-1.0,1.79,19.19,101.2146,21566.1,2487.55,4662.85
2022-01-18,0.08,4.0,282.39,-1.0,1.78,22.79,101.2146,21566.1,2487.55,4577.11
2022-01-19,0.08,4.0,282.39,-1.0,1.77,23.85,101.2146,21566.1,2487.55,4532.76
2022-01-20,0.08,4.0,282.39,-1.0,1.79,25.59,101.2146,21566.1,2487.55,4482.73
2022-01-21,0.08,4.0,282.39,-1.0,1.84,28.85,101.2146,21566.1,2487.55,4397.94
2022-01-22,0.08,4.0,282.39,-1.0,1.84,28.85,101.2146,21566.1,2487.55,4397.94
2022-01-23,0.08,4.0,282.39,-1.0,1.84,28.85,101.2146,21566.1,2487.55,4397.94
2022-01-24,0.08,4.0,282.39,-1.0,1.89,29.9,101.2146,21566.1,2487.55,4410.13
2022-01-25,0.08,4.0,282.39,-1.0,1.91,31.16,101.2146,21566.1,2487.55,4356.45
2022-01-26,0.08,4.0,282.39,-1.0,1.84,31.96,101.2146,21566.1,2487.55,4349.93
2022-01-27,0.08,4.0,282.39,-1.0,1.86,30.49,101.2146,21566.1,2487.55,4326.51
2022-01-28,0.08,4.0,282.39,-1.0,1.91,27.66,101.2146,21566.1,2487.55,4431.85
2022-01-29,0.08,4.0,282.39,-1.0,1.91,27.66,101.2146,21566.1,2487.55,4431.85
2022-01-30,0.08,4.0,282.39,-1.0,1.91,27.66,101.2146,21566.1,2487.55,4431.85
2022-01-31,0.08,4.0,282.39,-1.0,1.93,24.83,101.2146,21566.1,2487.55,4515.55
2022-02-01,0.08,3.8,284.535,-1.0,1.92,21.96,101.8458,21621.0,2496.9117,4546.54
2022-02-02,0.08,3.8,284.535,-1.0,1.91,22.09,101.8458,21621.0,2496.9117,4589.38
2022-02-03,0.08,3.8,284.535,-1.0,1.92,24.35,101.8458,21621.0,2496.9117,4477.44
2022-02-04,0.08,3.8,284.535,-1.0,1.92,23.22,101.8458,21621.0,2496.9117,4500.53
2022-02-05,0.08,3.8,284.535,-1.0,1.92,23.22,101.8458,21621.0,2496.9117,4500.53
2022-02-06,0.08,3.8,284.535,-1.0,1.92,23.22,101.8458,21621.0,2496.9117,4500.53
2022-02-07,0.08,3.8,284.535,-1.0,1.93,22.86,101.8458,21621.0,2496.9117,4483.87
2022-02-08,0.08,3.8,284.535,-1.0,1.91,21.44,101.8458,21621.0,2496.9117,4521.54
2022-02-09,0.08,3.8,284.535,-1.0,1.92,19.96,101.8458,21621.0,2496.9117,4587.18
2022-02-10,0.08,3.8,284.535,-1.0,1.91,23.91,101.8458,21621.0,2496.9117,4504.08
2022-02-11,0.08,3.8,284.535,-1.0,2.0,27.36,101.8458,21621.0,2496.9117,4418.64
2022-02-12,0.08,3.8,284.535,-1.0,2.0,27.36,101.8458,21621.0,2496.9117,4418.64
2022-02-13,0.08,3.8,284.535,-1.0,2.0,27.36,101.8458,21621.0,2496.9117,4418.64
2022-02-14,0.08,3.8,284.535,-1.0,2.0,28.33,101.8458,21621.0,2496.9117,4401.67
2022-02-15,0.08,3.8,284.535,-1.0,1.99,25.7,101.8458,21621.0,2496.9117,4471.07
2022-02-16,0.08,3.8,284.535,-1.0,2.05,24.29,101.8458,21621.0,2496.9117,4475.01
2022-02-17,0.08,3.8,284.535,-1.0,2.12,28.11,101.8458,21621.0,2496.9117,4380.26
2022-02-18,0.08,3.8,284.535,-1.0,2.13,27.75,101.8458,21621.0,2496.9117,4348.87
2022-02-19,0.08,3.8,284.535,-1.0,2.13,27.75,101.8458,21621.0,2496.9117,4348.87
2022-02-20,0.08,3.8,284.535,-1.0,2.13,27.75,101.8458,21621.0,2496.9117,4348.87
2022-02-21,0.08,3.8,284.535,-1.0,2.13,27.75,101.8458,21621.0,2496.9117,4348.87
2022-02-22,0.08,3.8,284.535,-1.0,2.13,28.81,101.8458,21621.0,2496.9117,4304.76
2022-02-23,0.08,3.8,284.535,-1.0,2.1,31.02,101.8458,21621.0,2496.9117,4225.5
2022-02-24,0.08,3.8,284.535,-1.0,2.24,30.32,101.8458,21621.0,2496.9117,4288.7
2022-02-25,0.08,3.8,284.535,-1.0,2.2,27.59,101.8458,21621.0,2496.9117,4384.65
2022-02-26,0.08,3.8,284.535,-1.0,2.2,27.59,101.8458,21621.0,2496.9117,4384.65
2022-02-27,0.08,3.8,284.535,-1.0,2.2,27.59,101.8458,21621.0,2496.9117,4384.65
2022-02-28,0.08,3.8,284.535,-1.0,2.34,30.15,101.8458,21621.0,2496.9117,4373.94
2022-03-01,0.08,3.6,287.553,-1.0,2.25,33.32,102.6732,21722.8,2536.3378,4306.26
2022-03-02,0.08,3.6,287.553,-1.0,2.24,30.74,102.6732,21722.8,2536.3378,4386.54
2022-03-03,0.08,3.6,287.553,-1.0,2.24,30.48,102.6732,21722.8,2536.3378,4363.49
2022-03-04,0.08,3.6,287.553,-1.0,2.31,31.98,102.6732,21722.8,2536.3378,4328.87
2022-03-05,0.08,3.6,287.553,-1.0,2.31,31.98,102.6732,21722.8,2536.3378,4328.87
2022-03-06,0.08,3.6,287.553,-1.0,2.31,31.98,102.6732,21722.8,2536.3378,4328.87
2022-03-07,0.08,3.6,287.553,-1.0,2.32,36.45,102.6732,21722.8,2536.3378,4201.09
2022-03-08,0.08,3.6,287.553,-1.0,2.35,35.13,102.6732,21722.8,2536.3378,4170.7
2022-03-09,0.08,3.6,287.553,-1.0,2.32,32.45,102.6732,21722.8,2536.3378,4277.88
2022-03-10,0.08,3.6,287.553,-1.0,2.38,30.23,102.6732,21722.8,2536.3378,4259.52
2022-03-11,0.08,3.6,287.553,-1.0,2.35,30.75,102.6732,21722.8,2536.3378,4204.31
2022-03-12,0.08,3.6,287.553,-1.0,2.35,30.75,102.6732,21722.8,2536.3378,4204.31
2022-03-13,0.08,3.6,287.553,-1.0,2.35,30.75,102.6732,21722.8,2536.3378,4204.31
2022-03-14,0.08,3.6,287.553,-1.0,2.33,31.77,102.6732,21722.8,2536.3378,4173.11
2022-03-15,0.08,3.6,287.553,-1.0,2.36,29.83,102.6732,21722.8,2536.3378,4262.45
2022-03-16,0.08,3.6,287.553,-1.0,2.23,26.67,102.6732,21722.8,2536.3378,4357.86
2022-03-17,0.33,3.6,287.553,-1.0,2.17,25.67,102.6732,21722.8,2536.3378,4411.67
2022-03-18,0.33,3.6,287.553,-1.0,2.14,23.87,102.6732,21722.8,2536.3378,4463.12
2022-03-19,0.33,3.6,287.553,-1.0,2.14,23.87,102.6732,21722.8,2536.3378,4463.12
2022-03-20,0.33,3.6,287.553,-1.0,2.14,23.87,102.6732,21722.8,2536.3378,4463.12
2022-03-21,0.33,3.6,287.553,-1.0,2.07,23.53,102.6732,21722.8,2536.3378,4461.18
2022-03-22,0.33,3.6,287.553,-1.0,2.05,22.94,102.6732,21722.8,2536.3378,4511.61
2022-03-23,0.33,3.6,287.553,-1.0,2.03,23.57,102.6732,21722.8,2536.3378,4456.24
2022-03-24,0.33,3.6,287.553,-1.0,2.01,21.67,102.6732,21722.8,2536.3378,4520.16
2022-03-25,0.33,3.6,287.553,-1.0,1.96,20.81,102.6732,21722.8,2536.3378,4543.06
2022-03-26,0.33,3.6,287.553,-1.0,1.96,20.81,102.6732,21722.8,2536.3378,4543.06
2022-03-27,0.33,3.6,287.553,-1.0,1.96,20.81,102.6732,21722.8,2536.3378,4543.06
2022-03-28,0.33,3.6,287.553,-1.0,1.94,19.63,102.6732,21722.8,2536.3378,4575.52
2022-03-29,0.33,3.6,287.553,-1.0,1.91,18.9,102.6732,21722.8,2536.3378,4631.6
2022-03-30,0.33,3.6,287.553,-1.0,1.93,19.33,102.6732,21722.8,2536.3378,4602.45
2022-03-31,0.33,3.6,287.553,-1.0,1.93,20.56,102.6732,21722.8,2536.3378,4530.41
2022-04-01,0.33,3.7,288.764,0.3,1.81,19.63,102.9024,21723.2,2566.1293,4545.86
2022-04-02,0.33,3.7,288.764,0.3,1.81,19.63,102.9024,21723.2,2566.1293,4545.86
2022-04-03,0.33,3.7,288.764,0.3,1.81,19.63,102.9024,21723.2,2566.1293,4545.86
2022-04-04,0.33,3.7,288.764,0.3,1.81,18.57,102.9024,21723.2,2566.1293,4582.64
2022-04-05,0.33,3.7,288.764,0.3,1.77,21.03,102.9024,21723.2,2566.1293,4525.12
2022-04-06,0.33,3.7,288.764,0.3,1.77,22.1,102.9024,21723.2,2566.1293,4481.15
2022-04-07,0.33,3.7,288.764,0.3,1.78,21.55,102.9024,21723.2,2566.1293,4500.21
2022-04-08,0.33,3.7,288.764,0.3,1.78,21.16,102.9024,21723.2,2566.1293,4488.28
2022-04-09,0.33,3.7,288.764,0.3,1.78,21.16,102.9024,21723.2,2566.1293,4488.28
2022-04-10,0.33,3.7,288.764,0.3,1.78,21.16,102.9024,21723.2,2566.1293,4488.28
2022-04-11,0.33,3.7,288.764,0.3,1.82,24.37,102.9024,21723.2,2566.1293,4412.53
2022-04-12,0.33,3.7,288.764,0.3,1.92,24.26,102.9024,21723.2,2566.1293,4397.45
2022-04-13,0.33,3.7,288.764,0.3,1.94,21.82,102.9024,21723.2,2566.1293,4446.59
2022-04-14,0.33,3.7,288.764,0.3,1.93,22.7,102.9024,21723.2,2566.1293,4392.59
2022-04-15,0.33,3.7,288.764,0.3,1.93,22.7,102.9024,21723.2,2566.1293,4392.59
2022-04-16,0.33,3.7,288.764,0.3,1.93,22.7,102.9024,21723.2,2566.1293,4392.59
2022-04-17,0.33,3.7,288.764,0.3,1.93,22.7,102.9024,21723.2,2566.1293,4392.59
2022-04-18,0.33,3.7,288.764,0.3,1.94,22.17,102.9024,21723.2,2566.1293,4391.69
2022-04-19,0.33,3.7,288.764,0.3,1.91,21.37,102.9024,21723.2,2566.1293,4462.21
2022-04-20,0.33,3.7,288.764,0.3,1.91,20.32,102.9024,21723.2,2566.1293,4459.45
2022-04-21,0.33,3.7,288.764,0.3,1.93,22.68,102.9024,21723.2,2566.1293,4393.66
2022-04-22,0.33,3.7,288.764,0.3,1.96,28.21,102.9024,21723.2,2566.1293,4271.78
2022-04-23,0.33,3.7,288.764,0.3,1.96,28.21,102.9024,21723.2,2566.1293,4271.78
2022-04-24,0.33,3.7,288.764,0.3,1.96,28.21,102.9024,21723.2,2566.1293,4271.78
2022-04-25,0.33,3.7,288.764,0.3,2.03,27.02,102.9024,21723.2,2566.1293,4296.12
2022-04-26,0.33,3.7,288.764,0.3,2.06,33.52,102.9024,21723.2,2566.1293,4175.2
2022-04-27,0.33,3.7,288.764,0.3,2.05,31.6,102.9024,21723.2,2566.1293,4183.96
2022-04-28,0.33,3.7,288.764,0.3,2.06,29.99,102.9024,21723.2,2566.1293,4287.5
2022-04-29,0.33,3.7,288.764,0.3,2.05,33.4,102.9024,21723.2,2566.1293,4131.93
2022-04-30,0.33,3.7,288.764,0.3,2.05,33.4,102.9024,21723.2,2566.1293,4131.93
2022-05-01,0.33,3.6,291.359,0.3,2.05,33.4,102.9659,21696.6,2608.6259,4131.93
2022-05-02,0.33,3.6,291.359,0.3,2.08,32.34,102.9659,21696.6,2608.6259,4155.38
2022-05-03,0.33,3.6,291.359,0.3,2.05,29.25,102.9659,21696.6,2608.6259,4175.48
2022-05-04,0.33,3.6,291.359,0.3,2.08,25.42,102.9659,21696.6,2608.6259,4300.17
2022-05-05,0.83,3.6,291.359,0.3,2.1,31.2,102.9659,21696.6,2608.6259,4146.87
2022-05-06,0.83,3.6,291.359,0.3,2.09,30.19,102.9659,21696.6,2608.6259,4123.34
2022-05-07,0.83,3.6,291.359,0.3,2.09,30.19,102.9659,21696.6,2608.6259,4123.34
2022-05-08,0.83,3.6,291.359,0.3,2.09,30.19,102.9659,21696.6,2608.6259,4123.34
2022-05-09,0.83,3.6,291.359,0.3,2.17,34.75,102.9659,21696.6,2608.6259,3991.24
2022-05-10,0.83,3.6,291.359,0.3,2.16,32.99,102.9659,21696.6,2608.6259,4001.05
2022-05-11,0.83,3.6,291.359,0.3,2.17,32.56,102.9659,21696.6,2608.6259,3935.18
2022-05-12,0.83,3.6,291.359,0.3,2.2,31.77,102.9659,21696.6,2608.6259,3930.08
2022-05-13,0.83,3.6,291.359,0.3,2.24,28.87,102.9659,21696.6,2608.6259,4023.89
2022-05-14,0.83,3.6,291.359,0.3,2.24,28.87,102.9659,21696.6,2608.6259,4023.89
2022-05-15,0.83,3.6,291.359,0.3,2.24,28.87,102.9659,21696.6,2608.6259,4023.89
2022-05-16,0.83,3.6,291.359,0.3,2.29,27.47,102.9659,21696.6,2608.6259,4008.01
2022-05-17,0.83,3.6,291.359,0.3,2.27,26.1,102.9659,21696.6,2608.6259,4088.85
2022-05-18,0.83,3.6,291.359,0.3,2.31,30.96,102.9659,21696.6,2608.6259,3923.68
2022-05-19,0.83,3.6,291.359,0.3,2.37,29.35,102.9659,21696.6,2608.6259,3900.79
2022-05-20,0.83,3.6,291.359,0.3,2.36,29.43,102.9659,21696.6,2608.6259,3901.36
2022-05-21,0.83,3.6,291.359,0.3,2.36,29.43,102.9659,21696.6,2608.6259,3901.36
2022-05-22,0.83,3.6,291.359,0.3,2.36,29.43,102.9659,21696.6,2608.6259,3901.36
2022-05-23,0.83,3.6,291.359,0.3,2.33,28.48,102.9659,21696.6,2608.6259,3973.75
2022-05-24,0.83,3.6,291.359,0.3,2.34,29.45,102.9659,21696.6,2608.6259,3941.48
2022-05-25,0.83,3.6,291.359,0.3,2.29,28.37,102.9659,21696.6,2608.6259,3978.73
2022-05-26,0.83,3.6,291.359,0.3,2.25,27.5,102.9659,21696.6,2608.6259,4057.84
2022-05-27,0.83,3.6,291.359,0.3,2.26,25.72,102.9659,21696.6,2608.6259,4158.24
2022-05-28,0.83,3.6,291.359,0.3,2.26,25.72,102.9659,21696.6,2608.6259,4158.24
2022-05-29,0.83,3.6,291.359,0.3,2.26,25.72,102.9659,21696.6,2608.6259,4158.24
2022-05-30,0.83,3.6,291.359,0.3,2.26,26.54,102.9659,21696.6,2608.6259,4158.24
2022-05-31,0.83,3.6,291.359,0.3,2.18,26.19,102.9659,21696.6,2608.6259,4132.15
2022-06-01,0.83,3.6,294.996,0.3,2.08,25.69,102.8224,21652.4,2669.5759,4101.23
2022-06-02,0.83,3.6,294.996,0.3,2.1,24.72,102.8224,21652.4,2669.5759,4176.82
2022-06-03,0.83,3.6,294.996,0.3,2.09,24.79,102.8224,21652.4,2669.5759,4108.54
2022-06-04,0.83,3.6,294.996,0.3,2.09,24.79,102.8224,21652.4,2669.5759,4108.54
2022-06-05,0.83,3.6,294.996,0.3,2.09,24.79,102.8224,21652.4,2669.5759,4108.54
2022-06-06,0.83,3.6,294.996,0.3,2.08,25.07,102.8224,21652.4,2669.5759,4121.43
2022-06-07,0.83,3.6,294.996,0.3,2.07,24.02,102.8224,21652.4,2669.5759,4160.68
2022-06-08,0.83,3.6,294.996,0.3,2.07,23.96,102.8224,21652.4,2669.5759,4115.77
2022-06-09,0.83,3.6,294.996,0.3,2.07,26.09,102.8224,21652.4,2669.5759,4017.82
2022-06-10,0.83,3.6,294.996,0.3,2.04,27.75,102.8224,21652.4,2669.5759,3900.86
2022-06-11,0.83,3.6,294.996,0.3,2.04,27.75,102.8224,21652.4,2669.5759,3900.86
2022-06-12,0.83,3.6,294.996,0.3,2.04,27.75,102.8224,21652.4,2669.5759,3900.86
2022-06-13,0.83,3.6,294.996,0.3,1.98,34.02,102.8224,21652.4,2669.5759,3749.63
2022-06-14,0.83,3.6,294.996,0.3,1.99,32.69,102.8224,21652.4,2669.5759,3735.48
2022-06-15,0.83,3.6,294.996,0.3,2.1,29.62,102.8224,21652.4,2669.5759,3789.99
2022-06-16,1.58,3.6,294.996,0.3,2.13,32.95,102.8224,21652.4,2669.5759,3666.77
2022-06-17,1.58,3.6,294.996,0.3,2.13,31.13,102.8224,21652.4,2669.5759,3674.84
2022-06-18,1.58,3.6,294.996,0.3,2.13,31.13,102.8224,21652.4,2669.5759,3674.84
2022-06-19,1.58,3.6,294.996,0.3,2.13,31.13,102.8224,21652.4,2669.5759,3674.84
2022-06-20,1.58,3.6,294.996,0.3,2.13,31.03,102.8224,21652.4,2669.5759,3674.84
2022-06-21,1.58,3.6,294.996,0.3,2.13,30.19,102.8224,21652.4,2669.5759,3764.79
2022-06-22,1.58,3.6,294.996,0.3,2.17,28.95,102.8224,21652.4,2669.5759,3759.89
2022-06-23,1.58,3.6,294.996,0.3,2.2,29.05,102.8224,21652.4,2669.5759,3795.73
2022-06-24,1.58,3.6,294.996,0.3,2.22,27.23,102.8224,21652.4,2669.5759,3911.74
2022-06-25,1.58,3.6,294.996,0.3,2.22,27.23,102.8224,21652.4,2669.5759,3911.74
2022-06-26,1.58,3.6,294.996,0.3,2.22,27.23,102.8224,21652.4,2669.5759,3911.74
2022-06-27,1.58,3.6,294.996,0.3,2.19,26.95,102.8224,21652.4,2669.5759,3900.11
2022-06-28,1.58,3.6,294.996,0.3,2.22,28.36,102.8224,21652.4,2669.5759,3821.55
2022-06-29,1.58,3.6,294.996,0.3,2.24,28.16,102.8224,21652.4,2669.5759,3818.83
2022-06-30,1.58,3.6,294.996,0.3,2.31,28.71,102.8224,21652.4,2669.5759,3785.38
2022-07-01,1.58,3.5,294.977,2.7,2.42,26.7,103.0505,21644.5,2701.1168,3825.33
2022-07-02,1.58,3.5,294.977,2.7,2.42,26.7,103.0505,21644.5,2701.1168,3825.33
2022-07-03,1.58,3.5,294.977,2.7,2.42,26.7,103.0505,21644.5,2701.1168,3825.33
2022-07-04,1.58,3.5,294.977,2.7,2.42,27.53,103.0505,21644.5,2701.1168,3825.33
2022-07-05,1.58,3.5,294.977,2.7,2.41,27.54,103.0505,21644.5,2701.1168,3831.39
2022-07-06,1.58,3.5,294.977,2.7,2.39,26.73,103.0505,21644.5,2701.1168,3845.08
2022-07-07,1.58,3.5,294.977,2.7,2.33,26.08,103.0505,21644.5,2701.1168,3902.62
2022-07-08,1.58,3.5,294.977,2.7,2.31,24.64,103.0505,21644.5,2701.1168,3899.38
2022-07-09,1.58,3.5,294.977,2.7,2.31,24.64,103.0505,21644.5,2701.1168,3899.38
2022-07-10,1.58,3.5,294.977,2.7,2.31,24.64,103.0505,21644.5,2701.1168,3899.38
2022-07-11,1.58,3.5,294.977,2.7,2.32,26.17,103.0505,21644.5,2701.1168,3854.43
2022-07-12,1.58,3.5,294.977,2.7,2.31,27.29,103.0505,21644.5,2701.1168,3818.8
2022-07-13,1.58,3.5,294.977,2.7,2.32,26.82,103.0505,21644.5,2701.1168,3801.78
2022-07-14,1.58,3.5,294.977,2.7,2.31,26.4,103.0505,21644.5,2701.1168,3790.38
2022-07-15,1.58,3.5,294.977,2.7,2.3,24.23,103.0505,21644.5,2701.1168,3863.16
2022-07-16,1.58,3.5,294.977,2.7,2.3,24.23,103.0505,21644.5,2701.1168,3863.16
2022-07-17,1.58,3.5,294.977,2.7,2.3,24.23,103.0505,21644.5,2701.1168,3863.16
2022-07-18,1.58,3.5,294.977,2.7,2.28,25.3,103.0505,21644.5,2701.1168,3830.85
2022-07-19,1.58,3.5,294.977,2.7,2.26,24.5,103.0505,21644.5,2701.1168,3936.69
2022-07-20,1.58,3.5,294.977,2.7,2.2,23.88,103.0505,21644.5,2701.1168,3959.9
2022-07-21,1.58,3.5,294.977,2.7,2.23,23.11,103.0505,21644.5,2701.1168,3998.95
2022-07-22,1.58,3.5,294.977,2.7,2.28,23.03,103.0505,21644.5,2701.1168,3961.63
2022-07-23,1.58,3.5,294.977,2.7,2.28,23.03,103.0505,21644.5,2701.1168,3961.63
2022-07-24,1.58,3.5,294.977,2.7,2.28,23.03,103.0505,21644.5,2701.1168,3961.63
2022-07-25,1.58,3.5,294.977,2.7,2.31,23.36,103.0505,21644.5,2701.1168,3966.84
2022-07-26,1.58,3.5,294.977,2.7,2.29,24.69,103.0505,21644.5,2701.1168,3921.05
2022-07-27,1.58,3.5,294.977,2.7,2.3,23.24,103.0505,21644.5,2701.1168,4023.61
2022-07-28,2.33,3.5,294.977,2.7,2.42,22.33,103.0505,21644.5,2701.1168,4072.43
2022-07-29,2.32,3.5,294.977,2.7,2.36,21.33,103.0505,21644.5,2701.1168,4130.29
2022-07-30,2.32,3.5,294.977,2.7,2.36,21.33,103.0505,21644.5,2701.1168,4130.29
2022-07-31,2.32,3.5,294.977,2.7,2.36,21.33,103.0505,21644.5,2701.1168,4130.29
2022-08-01,2.33,3.6,295.209,2.7,2.38,22.84,103.1703,21626.7,2725.8291,4118.63
2022-08-02,2.33,3.6,295.209,2.7,2.29,23.93,103.1703,21626.7,2725.8291,4091.19
2022-08-03,2.33,3.6,295.209,2.7,2.29,21.95,103.1703,21626.7,2725.8291,4155.17
2022-08-04,2.33,3.6,295.209,2.7,2.32,21.44,103.1703,21626.7,2725.8291,4151.94
2022-08-05,2.33,3.6,295.209,2.7,2.29,21.15,103.1703,21626.7,2725.8291,4145.19
2022-08-06,2.33,3.6,295.209,2.7,2.29,21.15,103.1703,21626.7,2725.8291,4145.19
2022-08-07,2.33,3.6,295.209,2.7,2.29,21.15,103.1703,21626.7,2725.8291,4145.19
2022-08-08,2.33,3.6,295.209,2.7,2.26,21.29,103.1703,21626.7,2725.8291,4140.06
2022-08-09,2.33,3.6,295.209,2.7,2.26,21.77,103.1703,21626.7,2725.8291,4122.47
2022-08-10,2.33,3.6,295.209,2.7,2.29,19.74,103.1703,21626.7,2725.8291,4210.24
2022-08-11,2.33,3.6,295.209,2.7,2.29,20.2,103.1703,21626.7,2725.8291,4207.27
2022-08-12,2.33,3.6,295.209,2.7,2.27,19.53,103.1703,21626.7,2725.8291,4280.15
2022-08-13,2.33,3.6,295.209,2.7,2.27,19.53,103.1703,21626.7,2725.8291,4280.15
2022-08-14,2.33,3.6,295.209,2.7,2.27,19.53,103.1703,21626.7,2725.8291,4280.15
2022-08-15,2.33,3.6,295.209,2.7,2.27,19.95,103.1703,21626.7,2725.8291,4297.14
2022-08-16,2.33,3.6,295.209,2.7,2.27,19.69,103.1703,21626.7,2725.8291,4305.2
2022-08-17,2.33,3.6,295.209,2.7,2.24,19.9,103.1703,21626.7,2725.8291,4274.04
2022-08-18,2.33,3.6,295.209,2.7,2.24,19.56,103.1703,21626.7,2725.8291,4283.74
2022-08-19,2.33,3.6,295.209,2.7,2.25,20.6,103.1703,21626.7,2725.8291,4228.48
2022-08-20,2.33,3.6,295.209,2.7,2.25,20.6,103.1703,21626.7,2725.8291,4228.48
2022-08-21,2.33,3.6,295.209,2.7,2.25,20.6,103.1703,21626.7,2725.8291,4228.48
2022-08-22,2.33,3.6,295.209,2.7,2.24,23.8,103.1703,21626.7,2725.8291,4137.99
2022-08-23,2.33,3.6,295.209,2.7,2.24,24.11,103.1703,21626.7,2725.8291,4128.73
2022-08-24,2.33,3.6,295.209,2.7,2.23,22.82,103.1703,21626.7,2725.8291,4140.77
2022-08-25,2.33,3.6,295.209,2.7,2.21,21.78,103.1703,21626.7,2725.8291,4199.12
2022-08-26,2.33,3.6,295.209,2.7,2.19,25.56,103.1703,21626.7,2725.8291,4057.66
2022-08-27,2.33,3.6,295.209,2.7,2.19,25.56,103.1703,21626.7,2725.8291,4057.66
2022-08-28,2.33,3.6,295.209,2.7,2.19,25.56,103.1703,21626.7,2725.8291,4057.66
2022-08-29,2.33,3.6,295.209,2.7,2.19,26.21,103.1703,21626.7,2725.8291,4030.61
2022-08-30,2.33,3.6,295.209,2.7,2.17,26.21,103.1703,21626.7,2725.8291,3986.16
2022-08-31,2.33,3.6,295.209,2.7,2.18,25.87,103.1703,21626.7,2725.8291,3955.0
2022-09-01,2.33,3.5,296.341,2.7,2.22,25.56,103.5326,21507.7,2749.6517,3966.85
2022-09-02,2.33,3.5,296.341,2.7,2.24,25.47,103.5326,21507.7,2749.6517,3924.26
2022-09-03,2.33,3.5,296.341,2.7,2.24,25.47,103.5326,21507.7,2749.6517,3924.26
2022-09-04,2.33,3.5,296.341,2.7,2.24,25.47,103.5326,21507.7,2749.6517,3924.26
2022-09-05,2.33,3.5,296.341,2.7,2.24,25.99,103.5326,21507.7,2749.6517,3924.26
2022-09-06,2.33,3.5,296.341,2.7,2.27,26.91,103.5326,21507.7,2749.6517,3908.19
2022-09-07,2.33,3.5,296.341,2.7,2.24,24.64,103.5326,21507.7,2749.6517,3979.87
2022-09-08,2.33,3.5,296.341,2.7,2.25,23.61,103.5326,21507.7,2749.6517,4006.18
2022-09-09,2.33,3.5,296.341,2.7,2.2,22.79,103.5326,21507.7,2749.6517,4067.36
2022-09-10,2.33,3.5,296.341,2.7,2.2,22.79,103.5326,21507.7,2749.6517,4067.36
2022-09-11,2.33,3.5,296.341,2.7,2.2,22.79,103.5326,21507.7,2749.6517,4067.36
2022-09-12,2.33,3.5,296.341,2.7,2.2,23.87,103.5326,21507.7,2749.6517,4110.41
2022-09-13,2.33,3.5,296.341,2.7,2.18,27.27,103.5326,21507.7,2749.6517,3932.69
2022-09-14,2.33,3.5,296.341,2.7,2.15,26.16,103.5326,21507.7,2749.6517,3946.01
2022-09-15,2.33,3.5,296.341,2.7,2.12,26.27,103.5326,21507.7,2749.6517,3901.35
2022-09-16,2.33,3.5,296.341,2.7,2.18,26.3,103.5326,21507.7,2749.6517,3873.33
2022-09-17,2.33,3.5,296.341,2.7,2.18,26.3,103.5326,21507.7,2749.6517,3873.33
2022-09-18,2.33,3.5,296.341,2.7,2.18,26.3,103.5326,21507.7,2749.6517,3873.33
2022-09-19,2.33,3.5,296.341,2.7,2.15,25.76,103.5326,21507.7,2749.6517,3899.89
2022-09-20,2.33,3.5,296.341,2.7,2.13,27.16,103.5326,21507.7,2749.6517,3855.93
2022-09-21,2.33,3.5,296.341,2.7,2.12,27.99,103.5326,21507.7,2749.6517,3789.93
2022-09-22,3.08,3.5,296.341,2.7,2.08,27.35,103.5326,21507.7,2749.6517,3757.99
2022-09-23,3.08,3.5,296.341,2.7,2.09,29.92,103.5326,21507.7,2749.6517,3693.23
2022-09-24,3.08,3.5,296.341,2.7,2.09,29.92,103.5326,21507.7,2749.6517,3693.23
2022-09-25,3.08,3.5,296.341,2.7,2.09,29.92,103.5326,21507.7,2749.6517,3693.23
2022-09-26,3.08,3.5,296.341,2.7,2.01,32.26,103.5326,21507.7,2749.6517,3655.04
2022-09-27,3.08,3.5,296.341,2.7,2.08,32.6,103.5326,21507.7,2749.6517,3647.29
2022-09-28,3.08,3.5,296.341,2.7,2.25,30.18,103.5326,21507.7,2749.6517,3719.04
2022-09-29,3.08,3.5,296.341,2.7,2.27,31.84,103.5326,21507.7,2749.6517,3640.47
2022-09-30,3.08,3.5,296.341,2.7,2.24,31.62,103.5326,21507.7,2749.6517,3585.62
2022-10-01,3.08,3.6,297.863,3.4,2.24,31.62,103.4442,21433.4,2773.832,3585.62
2022-10-02,3.08,3.6,297.863,3.4,2.24,31.62,103.4442,21433.4,2773.832,3585.62
2022-10-03,3.08,3.6,297.863,3.4,2.29,30.1,103.4442,21433.4,2773.832,3678.43
2022-10-04,3.08,3.6,297.863,3.4,2.27,29.07,103.4442,21433.4,2773.832,3790.93
2022-10-05,3.08,3.6,297.863,3.4,2.22,28.55,103.4442,21433.4,2773.832,3783.28
2022-10-06,3.08,3.6,297.863,3.4,2.16,30.52,103.4442,21433.4,2773.832,3744.52
2022-10-07,3.08,3.6,297.863,3.4,2.17,31.36,103.4442,21433.4,2773.832,3639.66
2022-10-08,3.08,3.6,297.863,3.4,2.17,31.36,103.4442,21433.4,2773.832,3639.66
2022-10-09,3.08,3.6,297.863,3.4,2.17,31.36,103.4442,21433.4,2773.832,3639.66
2022-10-10,3.08,3.6,297.863,3.4,2.17,32.45,103.4442,21433.4,2773.832,3612.39
2022-10-11,3.08,3.6,297.863,3.4,2.23,33.63,103.4442,21433.4,2773.832,3588.84
2022-10-12,3.08,3.6,297.863,3.4,2.27,33.57,103.4442,21433.4,2773.832,3577.03
2022-10-13,3.08,3.6,297.863,3.4,2.28,31.94,103.4442,21433.4,2773.832,3669.91
2022-10-14,3.08,3.6,297.863,3.4,2.28,32.02,103.4442,21433.4,2773.832,3583.07
2022-10-15,3.08,3.6,297.863,3.4,2.28,32.02,103.4442,21433.4,2773.832,3583.07
2022-10-16,3.08,3.6,297.863,3.4,2.28,32.02,103.4442,21433.4,2773.832,3583.07
2022-10-17,3.08,3.6,297.863,3.4,2.28,31.37,103.4442,21433.4,2773.832,3677.95
2022-10-18,3.08,3.6,297.863,3.4,2.28,30.5,103.4442,21433.4,2773.832,3719.98
2022-10-19,3.08,3.6,297.863,3.4,2.25,30.76,103.4442,21433.4,2773.832,3695.16
2022-10-20,3.08,3.6,297.863,3.4,2.24,29.98,103.4442,21433.4,2773.832,3665.78
2022-10-21,3.08,3.6,297.863,3.4,2.36,29.69,103.4442,21433.4,2773.832,3752.75
2022-10-22,3.08,3.6,297.863,3.4,2.36,29.69,103.4442,21433.4,2773.832,3752.75
2022-10-23,3.08,3.6,297.863,3.4,2.36,29.69,103.4442,21433.4,2773.832,3752.75
2022-10-24,3.08,3.6,297.863,3.4,2.34,29.85,103.4442,21433.4,2773.832,3797.34
2022-10-25,3.08,3.6,297.863,3.4,2.37,28.46,103.4442,21433.4,2773.832,3859.11
2022-10-26,3.08,3.6,297.863,3.4,2.33,27.28,103.4442,21433.4,2773.832,3830.6
2022-10-27,3.08,3.6,297.863,3.4,2.34,27.39,103.4442,21433.4,2773.832,3807.3
2022-10-28,3.08,3.6,297.863,3.4,2.3,25.75,103.4442,21433.4,2773.832,3901.06
2022-10-29,3.08,3.6,297.863,3.4,2.3,25.75,103.4442,21433.4,2773.832,3901.06
2022-10-30,3.08,3.6,297.863,3.4,2.3,25.75,103.4442,21433.4,2773.832,3901.06
2022-10-31,3.08,3.6,297.863,3.4,2.28,25.88,103.4442,21433.4,2773.832,3871.98
2022-11-01,3.08,3.6,298.648,3.4,2.22,25.81,103.1058,21367.1,2792.7658,3856.1
2022-11-02,3.08,3.6,298.648,3.4,2.18,25.86,103.1058,21367.1,2792.7658,3759.69
2022-11-03,3.83,3.6,298.648,3.4,2.19,25.3,103.1058,21367.1,2792.7658,3719.89
2022-11-04,3.83,3.6,298.648,3.4,2.22,24.55,103.1058,21367.1,2792.7658,3770.55
2022-11-05,3.83,3.6,298.648,3.4,2.22,24.55,103.1058,21367.1,2792.7658,3770.55
2022-11-06,3.83,3.6,298.648,3.4,2.22,24.55,103.1058,21367.1,2792.7658,3770.55
2022-11-07,3.83,3.6,298.648,3.4,2.22,24.35,103.1058,21367.1,2792.7658,3806.8
2022-11-08,3.83,3.6,298.648,3.4,2.23,25.54,103.1058,21367.1,2792.7658,3828.11
2022-11-09,3.83,3.6,298.648,3.4,2.33,26.09,103.1058,21367.1,2792.7658,3748.57
2022-11-10,3.83,3.6,298.648,3.4,2.36,23.53,103.1058,21367.1,2792.7658,3956.37
2022-11-11,3.83,3.6,298.648,3.4,2.36,22.52,103.1058,21367.1,2792.7658,3992.93
2022-11-12,3.83,3.6,298.648,3.4,2.36,22.52,103.1058,21367.1,2792.7658,3992.93
2022-11-13,3.83,3.6,298.648,3.4,2.36,22.52,103.1058,21367.1,2792.7658,3992.93
2022-11-14,3.83,3.6,298.648,3.4,2.27,23.73,103.1058,21367.1,2792.7658,3957.25
2022-11-15,3.83,3.6,298.648,3.4,2.23,24.54,103.1058,21367.1,2792.7658,3991.73
2022-11-16,3.83,3.6,298.648,3.4,2.24,24.11,103.1058,21367.1,2792.7658,3958.79
2022-11-17,3.83,3.6,298.648,3.4,2.18,23.93,103.1058,21367.1,2792.7658,3946.56
2022-11-18,3.83,3.6,298.648,3.4,2.13,23.12,103.1058,21367.1,2792.7658,3965.34
2022-11-19,3.83,3.6,298.648,3.4,2.13,23.12,103.1058,21367.1,2792.7658,3965.34
2022-11-20,3.83,3.6,298.648,3.4,2.13,23.12,103.1058,21367.1,2792.7658,3965.34
2022-11-21,3.83,3.6,298.648,3.4,2.08,22.36,103.1058,21367.1,2792.7658,3949.94
2022-11-22,3.83,3.6,298.648,3.4,2.07,21.29,103.1058,21367.1,2792.7658,4003.58
2022-11-23,3.83,3.6,298.648,3.4,2.02,20.35,103.1058,21367.1,2792.7658,4027.26
2022-11-24,3.83,3.6,298.648,3.4,2.02,20.42,103.1058,21367.1,2792.7658,4027.26
2022-11-25,3.83,3.6,298.648,3.4,2.06,20.5,103.1058,21367.1,2792.7658,4026.12
2022-11-26,3.83,3.6,298.648,3.4,2.06,20.5,103.1058,21367.1,2792.7658,4026.12
2022-11-27,3.83,3.6,298.648,3.4,2.06,20.5,103.1058,21367.1,2792.7658,4026.12
2022-11-28,3.83,3.6,298.648,3.4,2.05,22.21,103.1058,21367.1,2792.7658,3963.94
2022-11-29,3.83,3.6,298.648,3.4,2.06,21.89,103.1058,21367.1,2792.7658,3957.63
2022-11-30,3.83,3.6,298.648,3.4,2.15,20.58,103.1058,21367.1,2792.7658,4080.11
2022-12-01,3.83,3.5,298.812,3.4,2.09,19.84,101.8266,21273.1,2802.8365,4076.57
2022-12-02,3.83,3.5,298.812,3.4,2.03,19.06,101.8266,21273.1,2802.8365,4071.7
2022-12-03,3.83,3.5,298.812,3.4,2.03,19.06,101.8266,21273.1,2802.8365,4071.7
2022-12-04,3.83,3.5,298.812,3.4,2.03,19.06,101.8266,21273.1,2802.8365,4071.7
2022-12-05,3.83,3.5,298.812,3.4,1.99,20.75,101.8266,21273.1,2802.8365,3998.84
2022-12-06,3.83,3.5,298.812,3.4,1.97,22.17,101.8266,21273.1,2802.8365,3941.26
2022-12-07,3.83,3.5,298.812,3.4,1.95,22.68,101.8266,21273.1,2802.8365,3933.92
2022-12-08,3.83,3.5,298.812,3.4,1.91,22.29,101.8266,21273.1,2802.8365,3963.51
2022-12-09,3.83,3.5,298.812,3.4,1.9,22.83,101.8266,21273.1,2802.8365,3934.38
2022-12-10,3.83,3.5,298.812,3.4,1.9,22.83,101.8266,21273.1,2802.8365,3934.38
2022-12-11,3.83,3.5,298.812,3.4,1.9,22.83,101.8266,21273.1,2802.8365,3934.38
2022-12-12,3.83,3.5,298.812,3.4,1.88,25.0,101.8266,21273.1,2802.8365,3990.56
2022-12-13,3.83,3.5,298.812,3.4,1.91,22.55,101.8266,21273.1,2802.8365,4019.65
2022-12-14,3.83,3.5,298.812,3.4,1.95,21.14,101.8266,21273.1,2802.8365,3995.32
2022-12-15,4.33,3.5,298.812,3.4,1.97,22.83,101.8266,21273.1,2802.8365,3895.75
2022-12-16,4.33,3.5,298.812,3.4,1.98,22.62,101.8266,21273.1,2802.8365,3852.36
2022-12-17,4.33,3.5,298.812,3.4,1.98,22.62,101.8266,21273.1,2802.8365,3852.36
2022-12-18,4.33,3.5,298.812,3.4,1.98,22.62,101.8266,21273.1,2802.8365,3852.36
2022-12-19,4.33,3.5,298.812,3.4,1.98,22.42,101.8266,21273.1,2802.8365,3817.66
2022-12-20,4.33,3.5,298.812,3.4,1.99,21.48,101.8266,21273.1,2802.8365,3821.62
2022-12-21,4.33,3.5,298.812,3.4,2.01,20.07,101.8266,21273.1,2802.8365,3878.44
2022-12-22,4.33,3.5,298.812,3.4,1.99,21.97,101.8266,21273.1,2802.8365,3822.39
2022-12-23,4.33,3.5,298.812,3.4,2.0,20.87,101.8266,21273.1,2802.8365,3844.82
2022-12-24,4.33,3.5,298.812,3.4,2.0,20.87,101.8266,21273.1,2802.8365,3844.82
2022-12-25,4.33,3.5,298.812,3.4,2.0,20.87,101.8266,21273.1,2802.8365,3844.82
2022-12-26,4.33,3.5,298.812,3.4,2.0,20.87,101.8266,21273.1,2802.8365,3844.82
2022-12-27,4.33,3.5,298.812,3.4,2.02,21.65,101.8266,21273.1,2802.8365,3829.25
2022-12-28,4.33,3.5,298.812,3.4,2.01,22.14,101.8266,21273.1,2802.8365,3783.22
2022-12-29,4.33,3.5,298.812,3.4,2.01,21.44,101.8266,21273.1,2802.8365,3849.28
2022-12-30,4.33,3.5,298.812,3.4,1.99,21.67,101.8266,21273.1,2802.8365,3839.5
2022-12-31,4.33,3.5,298.812,3.4,1.99,21.67,101.8266,21273.1,2802.8365,3839.5
2023-01-01,4.33,3.4,300.356,2.8,1.99,21.67,102.7476,21188.2,2809.9671,3839.5
2023-01-02,4.33,3.4,300.356,2.8,1.99,21.67,102.7476,21188.2,2809.9671,3839.5
2023-01-03,4.33,3.4,300.356,2.8,2.03,22.9,102.7476,21188.2,2809.9671,3824.14
2023-01-04,4.33,3.4,300.356,2.8,2.07,22.01,102.7476,21188.2,2809.9671,3852.97
2023-01-05,4.33,3.4,300.356,2.8,2.03,22.46,102.7476,21188.2,2809.9671,3808.1
2023-01-06,4.33,3.4,300.356,2.8,2.07,21.13,102.7476,21188.2,2809.9671,3895.08
2023-01-07,4.33,3.4,300.356,2.8,2.07,21.13,102.7476,21188.2,2809.9671,3895.08
2023-01-08,4.33,3.4,300.356,2.8,2.07,21.13,102.7476,21188.2,2809.9671,3895.08
2023-01-09,4.33,3.4,300.356,2.8,2.02,21.97,102.7476,21188.2,2809.9671,3892.09
2023-01-10,4.33,3.4,300.356,2.8,2.02,20.58,102.7476,21188.2,2809.9671,3919.25
2023-01-11,4.33,3.4,300.356,2.8,1.99,21.09,102.7476,21188.2,2809.9671,3969.61
2023-01-12,4.33,3.4,300.356,2.8,1.97,18.83,102.7476,21188.2,2809.9671,3983.17
2023-01-13,4.33,3.4,300.356,2.8,1.95,18.35,102.7476,21188.2,2809.9671,3999.09
2023-01-14,4.33,3.4,300.356,2.8,1.95,18.35,102.7476,21188.2,2809.9671,3999.09
2023-01-15,4.33,3.4,300.356,2.8,1.95,18.35,102.7476,21188.2,2809.9671,3999.09
2023-01-16,4.33,3.4,300.356,2.8,1.95,19.49,102.7476,21188.2,2809.9671,3999.09
2023-01-17,4.33,3.4,300.356,2.8,1.91,19.36,102.7476,21188.2,2809.9671,3990.97
2023-01-18,4.33,3.4,300.356,2.8,1.96,20.34,102.7476,21188.2,2809.9671,3928.86
2023-01-19,4.33,3.4,300.356,2.8,1.99,20.52,102.7476,21188.2,2809.9671,3898.85
2023-01-20,4.33,3.4,300.356,2.8,1.98,19.85,102.7476,21188.2,2809.9671,3972.61
2023-01-21,4.33,3.4,300.356,2.8,1.98,19.85,102.7476,21188.2,2809.9671,3972.61
2023-01-22,4.33,3.4,300.356,2.8,1.98,19.85,102.7476,21188.2,2809.9671,3972.61
2023-01-23,4.33,3.4,300.356,2.8,1.96,19.81,102.7476,21188.2,2809.9671,4019.81
2023-01-24,4.33,3.4,300.356,2.8,1.94,19.2,102.7476,21188.2,2809.9671,4016.95
2023-01-25,4.33,3.4,300.356,2.8,1.96,19.08,102.7476,21188.2,2809.9671,4016.22
2023-01-26,4.33,3.4,300.356,2.8,1.91,18.73,102.7476,21188.2,2809.9671,4060.43
2023-01-27,4.33,3.4,300.356,2.8,1.88,18.51,102.7476,21188.2,2809.9671,4070.56
2023-01-28,4.33,3.4,300.356,2.8,1.88,18.51,102.7476,21188.2,2809.9671,4070.56
2023-01-29,4.33,3.4,300.356,2.8,1.88,18.51,102.7476,21188.2,2809.9671,4070.56
2023-01-30,4.33,3.4,300.356,2.8,1.87,19.94,102.7476,21188.2,2809.9671,4017.77
2023-01-31,4.33,3.4,300.356,2.8,1.9,19.4,102.7476,21188.2,2809.9671,4076.6
2023-02-01,4.33,3.6,301.509,2.8,1.91,17.87,102.8003,21117.7,2801.0657,4119.21
2023-02-02,4.58,3.6,301.509,2.8,1.88,18.73,102.8003,21117.7,2801.0657,4179.76
2023-02-03,4.58,3.6,301.509,2.8,1.83,18.33,102.8003,21117.7,2801.0657,4136.48
2023-02-04,4.58,3.6,301.509,2.8,1.83,18.33,102.8003,21117.7,2801.0657,4136.48
2023-02-05,4.58,3.6,301.509,2.8,1.83,18.33,102.8003,21117.7,2801.0657,4136.48
2023-02-06,4.58,3.6,301.509,2.8,1.77,19.43,102.8003,21117.7,2801.0657,4111.08
2023-02-07,4.58,3.6,301.509,2.8,1.78,18.66,102.8003,21117.7,2801.0657,4164.0
2023-02-08,4.58,3.6,301.509,2.8,1.83,19.63,102.8003,21117.7,2801.0657,4117.86
2023-02-09,4.57,3.6,301.509,2.8,1.84,20.71,102.8003,21117.7,2801.0657,4081.5
2023-02-10,4.58,3.6,301.509,2.8,1.85,20.53,102.8003,21117.7,2801.0657,4090.46
2023-02-11,4.58,3.6,301.509,2.8,1.85,20.53,102.8003,21117.7,2801.0657,4090.46
2023-02-12,4.58,3.6,301.509,2.8,1.85,20.53,102.8003,21117.7,2801.0657,4090.46
2023-02-13,4.58,3.6,301.509,2.8,1.84,20.34,102.8003,21117.7,2801.0657,4137.29
2023-02-14,4.58,3.6,301.509,2.8,1.81,18.91,102.8003,21117.7,2801.0657,4136.13
2023-02-15,4.58,3.6,301.509,2.8,1.82,18.23,102.8003,21117.7,2801.0657,4147.6
2023-02-16,4.58,3.6,301.509,2.8,1.84,20.17,102.8003,21117.7,2801.0657,4090.41
2023-02-17,4.58,3.6,301.509,2.8,1.89,20.02,102.8003,21117.7,2801.0657,4079.09
2023-02-18,4.58,3.6,301.509,2.8,1.89,20.02,102.8003,21117.7,2801.0657,4079.09
2023-02-19,4.58,3.6,301.509,2.8,1.89,20.02,102.8003,21117.7,2801.0657,4079.09
2023-02-20,4.58,3.6,301.509,2.8,1.89,21.23,102.8003,21117.7,2801.0657,4079.09
2023-02-21,4.58,3.6,301.509,2.8,1.87,22.87,102.8003,21117.7,2801.0657,3997.34
2023-02-22,4.58,3.6,301.509,2.8,1.85,22.29,102.8003,21117.7,2801.0657,3991.05
2023-02-23,4.58,3.6,301.509,2.8,1.86,21.14,102.8003,21117.7,2801.0657,4012.32
2023-02-24,4.58,3.6,301.509,2.8,1.86,21.67,102.8003,21117.7,2801.0657,3970.04
2023-02-25,4.58,3.6,301.509,2.8,1.86,21.67,102.8003,21117.7,2801.0657,3970.04
2023-02-26,4.58,3.6,301.509,2.8,1.86,21.67,102.8003,21117.7,2801.0657,3970.04
2023-02-27,4.57,3.6,301.509,2.8,1.87,20.95,102.8003,21117.7,2801.0657,3982.24
2023-02-28,4.57,3.6,301.509,2.8,1.9,20.7,102.8003,21117.7,2801.0657,3970.15
2023-03-01,4.58,3.5,301.744,2.8,1.84,20.58,102.8143,20870.6,2791.9343,3951.39
2023-03-02,4.57,3.5,301.744,2.8,1.82,19.59,102.8143,20870.6,2791.9343,3981.35
2023-03-03,4.57,3.5,301.744,2.8,1.79,18.49,102.8143,20870.6,2791.9343,4045.64
2023-03-04,4.57,3.5,301.744,2.8,1.79,18.49,102.8143,20870.6,2791.9343,4045.64
2023-03-05,4.57,3.5,301.744,2.8,1.79,18.49,102.8143,20870.6,2791.9343,4045.64
2023-03-06,4.57,3.5,301.744,2.8,1.79,18.61,102.8143,20870.6,2791.9343,4048.42
2023-03-07,4.57,3.5,301.744,2.8,1.79,19.59,102.8143,20870.6,2791.9343,3986.37
2023-03-08,4.57,3.5,301.744,2.8,1.79,19.11,102.8143,20870.6,2791.9343,3992.01
2023-03-09,4.57,3.5,301.744,2.8,1.85,22.61,102.8143,20870.6,2791.9343,3918.32
2023-03-10,4.57,3.5,301.744,2.8,1.96,24.8,102.8143,20870.6,2791.9343,3861.59
2023-03-11,4.57,3.5,301.744,2.8,1.96,24.8,102.8143,20870.6,2791.9343,3861.59
2023-03-12,4.57,3.5,301.744,2.8,1.96,24.8,102.8143,20870.6,2791.9343,3861.59
2023-03-13,4.58,3.5,301.744,2.8,2.14,26.52,102.8143,20870.6,2791.9343,3855.76
2023-03-14,4.58,3.5,301.744,2.8,2.11,23.73,102.8143,20870.6,2791.9343,3919.29
2023-03-15,4.58,3.5,301.744,2.8,2.22,26.14,102.8143,20870.6,2791.9343,3891.93
2023-03-16,4.58,3.5,301.744,2.8,2.16,22.99,102.8143,20870.6,2791.9343,3960.28
2023-03-17,4.58,3.5,301.744,2.8,2.21,25.51,102.8143,20870.6,2791.9343,3916.64
2023-03-18,4.58,3.5,301.744,2.8,2.21,25.51,102.8143,20870.6,2791.9343,3916.64
2023-03-19,4.58,3.5,301.744,2.8,2.21,25.51,102.8143,20870.6,2791.9343,3916.64
2023-03-20,4.58,3.5,301.744,2.8,2.19,24.15,102.8143,20870.6,2791.9343,3951.57
2023-03-21,4.58,3.5,301.744,2.8,2.11,21.38,102.8143,20870.6,2791.9343,4002.87
2023-03-22,4.58,3.5,301.744,2.8,2.16,22.26,102.8143,20870.6,2791.9343,3936.97
2023-03-23,4.83,3.5,301.744,2.8,2.26,22.61,102.8143,20870.6,2791.9343,3948.72
2023-03-24,4.83,3.5,301.744,2.8,2.24,21.74,102.8143,20870.6,2791.9343,3970.99
2023-03-25,4.83,3.5,301.744,2.8,2.24,21.74,102.8143,20870.6,2791.9343,3970.99
2023-03-26,4.83,3.5,301.744,2.8,2.24,21.74,102.8143,20870.6,2791.9343,3970.99
2023-03-27,4.83,3.5,301.744,2.8,2.19,20.6,102.8143,20870.6,2791.9343,3977.53
2023-03-28,4.83,3.5,301.744,2.8,2.19,19.97,102.8143,20870.6,2791.9343,3971.27
2023-03-29,4.83,3.5,301.744,2.8,2.15,19.12,102.8143,20870.6,2791.9343,4027.81
2023-03-30,4.83,3.5,301.744,2.8,2.11,19.02,102.8143,20870.6,2791.9343,4050.83
2023-03-31,4.83,3.5,301.744,2.8,2.11,18.7,102.8143,20870.6,2791.9343,4109.31
2023-04-01,4.83,3.4,303.032,2.4,2.11,18.7,103.2241,20712.2,2769.5787,4109.31
2023-04-02,4.83,3.4,303.032,2.4,2.11,18.7,103.2241,20712.2,2769.5787,4109.31
2023-04-03,4.83,3.4,303.032,2.4,2.11,18.55,103.2241,20712.2,2769.5787,4124.51
2023-04-04,4.83,3.4,303.032,2.4,2.1,19.0,103.2241,20712.2,2769.5787,4100.6
2023-04-05,4.83,3.4,303.032,2.4,2.14,19.08,103.2241,20712.2,2769.5787,4090.38
2023-04-06,4.83,3.4,303.032,2.4,2.11,18.4,103.2241,20712.2,2769.5787,4105.02
2023-04-07,4.83,3.4,303.032,2.4,2.11,18.4,103.2241,20712.2,2769.5787,4105.02
2023-04-08,4.83,3.4,303.032,2.4,2.11,18.4,103.2241,20712.2,2769.5787,4105.02
2023-04-09,4.83,3.4,303.032,2.4,2.11,18.4,103.2241,20712.2,2769.5787,4105.02
2023-04-10,4.83,3.4,303.032,2.4,2.09,18.97,103.2241,20712.2,2769.5787,4109.11
2023-04-11,4.83,3.4,303.032,2.4,2.05,19.1,103.2241,20712.2,2769.5787,4108.94
2023-04-12,4.83,3.4,303.032,2.4,2.08,19.09,103.2241,20712.2,2769.5787,4091.95
2023-04-13,4.83,3.4,303.032,2.4,2.07,17.8,103.2241,20712.2,2769.5787,4146.22
2023-04-14,4.83,3.4,303.032,2.4,2.05,17.07,103.2241,20712.2,2769.5787,4137.64
2023-04-15,4.83,3.4,303.032,2.4,2.05,17.07,103.2241,20712.2,2769.5787,4137.64
2023-04-16,4.83,3.4,303.032,2.4,2.05,17.07,103.2241,20712.2,2769.5787,4137.64
2023-04-17,4.83,3.4,303.032,2.4,2.02,16.95,103.2241,20712.2,2769.5787,4151.32
2023-04-18,4.83,3.4,303.032,2.4,2.01,16.83,103.2241,20712.2,2769.5787,4154.87
2023-04-19,4.83,3.4,303.032,2.4,2.01,16.46,103.2241,20712.2,2769.5787,4154.52
2023-04-20,4.83,3.4,303.032,2.4,2.05,17.17,103.2241,20712.2,2769.5787,4129.79
2023-04-21,4.83,3.4,303.032,2.4,2.04,16.77,103.2241,20712.2,2769.5787,4133.52
2023-04-22,4.83,3.4,303.032,2.4,2.04,16.77,103.2241,20712.2,2769.5787,4133.52
2023-04-23,4.83,3.4,303.032,2.4,2.04,16.77,103.2241,20712.2,2769.5787,4133.52
2023-04-24,4.83,3.4,303.032,2.4,2.04,16.89,103.2241,20712.2,2769.5787,4137.04
2023-04-25,4.83,3.4,303.032,2.4,2.09,18.76,103.2241,20712.2,2769.5787,4071.63
2023-04-26,4.83,3.4,303.032,2.4,2.11,18.84,103.2241,20712.2,2769.5787,4055.99
2023-04-27,4.83,3.4,303.032,2.4,2.07,17.03,103.2241,20712.2,2769.5787,4135.35
2023-04-28,4.83,3.4,303.032,2.4,2.08,15.78,103.2241,20712.2,2769.5787,4169.48
2023-04-29,4.83,3.4,303.032,2.4,2.08,15.78,103.2241,20712.2,2769.5787,4169.48
2023-04-30,4.83,3.4,303.032,2.4,2.08,15.78,103.2241,20712.2,2769.5787,4169.48
2023-05-01,4.83,3.7,303.365,2.4,2.06,16.08,102.9809,20804.8,2763.5493,4167.87
2023-05-02,4.83,3.7,303.365,2.4,2.16,17.78,102.9809,20804.8,2763.5493,4119.58
2023-05-03,4.83,3.7,303.365,2.4,2.2,18.34,102.9809,20804.8,2763.5493,4090.75
2023-05-04,5.08,3.7,303.365,2.4,2.24,20.09,102.9809,20804.8,2763.5493,4061.22
2023-05-05,5.08,3.7,303.365,2.4,2.2,17.19,102.9809,20804.8,2763.5493,4136.25
2023-05-06,5.08,3.7,303.365,2.4,2.2,17.19,102.9809,20804.8,2763.5493,4136.25
2023-05-07,5.08,3.7,303.365,2.4,2.2,17.19,102.9809,20804.8,2763.5493,4136.25
2023-05-08,5.08,3.7,303.365,2.4,2.2,16.98,102.9809,20804.8,2763.5493,4138.12
2023-05-09,5.08,3.7,303.365,2.4,2.21,17.71,102.9809,20804.8,2763.5493,4119.17
2023-05-10,5.08,3.7,303.365,2.4,2.26,16.94,102.9809,20804.8,2763.5493,4137.64
2023-05-11,5.08,3.7,303.365,2.4,2.25,16.93,102.9809,20804.8,2763.5493,4130.62
2023-05-12,5.08,3.7,303.365,2.4,2.21,17.03,102.9809,20804.8,2763.5493,4124.08
2023-05-13,5.08,3.7,303.365,2.4,2.21,17.03,102.9809,20804.8,2763.5493,4124.08
2023-05-14,5.08,3.7,303.365,2.4,2.21,17.03,102.9809,20804.8,2763.5493,4124.08
2023-05-15,5.08,3.7,303.365,2.4,2.27,17.12,102.9809,20804.8,2763.5493,4136.28
2023-05-16,5.08,3.7,303.365,2.4,2.28,17.99,102.9809,20804.8,2763.5493,4109.9
2023-05-17,5.08,3.7,303.365,2.4,2.26,16.87,102.9809,20804.8,2763.5493,4158.77
2023-05-18,5.08,3.7,303.365,2.4,2.2,16.05,102.9809,20804.8,2763.5493,4198.05
2023-05-19,5.08,3.7,303.365,2.4,2.18,16.81,102.9809,20804.8,2763.5493,4191.98
2023-05-20,5.08,3.7,303.365,2.4,2.18,16.81,102.9809,20804.8,2763.5493,4191.98
2023-05-21,5.08,3.7,303.365,2.4,2.18,16.81,102.9809,20804.8,2763.5493,4191.98
2023-05-22,5.08,3.7,303.365,2.4,2.19,17.21,102.9809,20804.8,2763.5493,4192.63
2023-05-23,5.08,3.7,303.365,2.4,2.19,18.53,102.9809,20804.8,2763.5493,4145.58
2023-05-24,5.08,3.7,303.365,2.4,2.18,20.03,102.9809,20804.8,2763.5493,4115.24
2023-05-25,5.08,3.7,303.365,2.4,2.1,19.14,102.9809,20804.8,2763.5493,4151.28
2023-05-26,5.08,3.7,303.365,2.4,2.1,17.95,102.9809,20804.8,2763.5493,4205.45
2023-05-27,5.08,3.7,303.365,2.4,2.1,17.95,102.9809,20804.8,2763.5493,4205.45
2023-05-28,5.08,3.7,303.365,2.4,2.1,17.95,102.9809,20804.8,2763.5493,4205.45
2023-05-29,5.08,3.7,303.365,2.4,2.1,17.46,102.9809,20804.8,2763.5493,4205.45
2023-05-30,5.08,3.7,303.365,2.4,2.14,17.46,102.9809,20804.8,2763.5493,4205.52
2023-05-31,5.08,3.7,303.365,2.4,2.16,17.94,102.9809,20804.8,2763.5493,4179.83
2023-06-01,5.08,3.6,304.003,2.4,2.15,15.65,102.3809,20788.5,2757.9886,4221.02
2023-06-02,5.08,3.6,304.003,2.4,2.11,14.6,102.3809,20788.5,2757.9886,4282.37
2023-06-03,5.08,3.6,304.003,2.4,2.11,14.6,102.3809,20788.5,2757.9886,4282.37
2023-06-04,5.08,3.6,304.003,2.4,2.11,14.6,102.3809,20788.5,2757.9886,4282.37
2023-06-05,5.08,3.6,304.003,2.4,2.1,14.73,102.3809,20788.5,2757.9886,4273.79
2023-06-06,5.08,3.6,304.003,2.4,2.08,13.96,102.3809,20788.5,2757.9886,4283.85
2023-06-07,5.08,3.6,304.003,2.4,2.06,13.94,102.3809,20788.5,2757.9886,4267.52
2023-06-08,5.08,3.6,304.003,2.4,2.07,13.65,102.3809,20788.5,2757.9886,4293.93
2023-06-09,5.08,3.6,304.003,2.4,2.05,13.83,102.3809,20788.5,2757.9886,4298.86
2023-06-10,5.08,3.6,304.003,2.4,2.05,13.83,102.3809,20788.5,2757.9886,4298.86
2023-06-11,5.08,3.6,304.003,2.4,2.05,13.83,102.3809,20788.5,2757.9886,4298.86
2023-06-12,5.08,3.6,304.003,2.4,2.1,15.01,102.3809,20788.5,2757.9886,4338.93
2023-06-13,5.08,3.6,304.003,2.4,2.0,14.61,102.3809,20788.5,2757.9886,4369.01
2023-06-14,5.08,3.6,304.003,2.4,1.94,13.88,102.3809,20788.5,2757.9886,4372.59
2023-06-15,5.07,3.6,304.003,2.4,2.02,14.5,102.3809,20788.5,2757.9886,4425.84
2023-06-16,5.08,3.6,304.003,2.4,1.96,13.54,102.3809,20788.5,2757.9886,4409.59
2023-06-17,5.08,3.6,304.003,2.4,1.96,13.54,102.3809,20788.5,2757.9886,4409.59
2023-06-18,5.08,3.6,304.003,2.4,1.96,13.54,102.3809,20788.5,2757.9886,4409.59
2023-06-19,5.08,3.6,304.003,2.4,1.96,14.19,102.3809,20788.5,2757.9886,4409.59
2023-06-20,5.07,3.6,304.003,2.4,1.95,13.88,102.3809,20788.5,2757.9886,4388.71
2023-06-21,5.07,3.6,304.003,2.4,1.96,13.2,102.3809,20788.5,2757.9886,4365.69
2023-06-22,5.07,3.6,304.003,2.4,1.94,12.91,102.3809,20788.5,2757.9886,4381.89
2023-06-23,5.07,3.6,304.003,2.4,1.96,13.44,102.3809,20788.5,2757.9886,4348.33
2023-06-24,5.07,3.6,304.003,2.4,1.96,13.44,102.3809,20788.5,2757.9886,4348.33
2023-06-25,5.07,3.6,304.003,2.4,1.96,13.44,102.3809,20788.5,2757.9886,4348.33
2023-06-26,5.07,3.6,304.003,2.4,1.98,14.25,102.3809,20788.5,2757.9886,4328.82
2023-06-27,5.07,3.6,304.003,2.4,1.94,13.74,102.3809,20788.5,2757.9886,4378.41
2023-06-28,5.07,3.6,304.003,2.4,1.96,13.43,102.3809,20788.5,2757.9886,4376.86
2023-06-29,5.07,3.6,304.003,2.4,1.92,13.54,102.3809,20788.5,2757.9886,4396.44
2023-06-30,5.08,3.6,304.003,2.4,1.88,13.59,102.3809,20788.5,2757.9886,4450.38
2023-07-01,5.08,3.5,304.628,4.4,1.88,13.59,103.0722,20762.6,2754.8967,4450.38
2023-07-02,5.08,3.5,304.628,4.4,1.88,13.59,103.0722,20762.6,2754.8967,4450.38
2023-07-03,5.08,3.5,304.628,4.4,1.85,13.57,103.0722,20762.6,2754.8967,4455.59
2023-07-04,5.08,3.5,304.628,4.4,1.85,13.7,103.0722,20762.6,2754.8967,4455.59
2023-07-05,5.08,3.5,304.628,4.4,1.83,14.18,103.0722,20762.6,2754.8967,4446.82
2023-07-06,5.08,3.5,304.628,4.4,1.8,15.44,103.0722,20762.6,2754.8967,4411.59
2023-07-07,5.08,3.5,304.628,4.4,1.81,14.83,103.0722,20762.6,2754.8967,4398.95
2023-07-08,5.08,3.5,304.628,4.4,1.81,14.83,103.0722,20762.6,2754.8967,4398.95
2023-07-09,5.08,3.5,304.628,4.4,1.81,14.83,103.0722,20762.6,2754.8967,4398.95
2023-07-10,5.07,3.5,304.628,4.4,1.86,15.07,103.0722,20762.6,2754.8967,4409.53
2023-07-11,5.08,3.5,304.628,4.4,1.84,14.84,103.0722,20762.6,2754.8967,4439.26
2023-07-12,5.08,3.5,304.628,4.4,1.88,13.54,103.0722,20762.6,2754.8967,4472.16
2023-07-13,5.08,3.5,304.628,4.4,1.91,13.61,103.0722,20762.6,2754.8967,4510.04
2023-07-14,5.08,3.5,304.628,4.4,1.87,13.34,103.0722,20762.6,2754.8967,4505.42
2023-07-15,5.08,3.5,304.628,4.4,1.87,13.34,103.0722,20762.6,2754.8967,4505.42
2023-07-16,5.08,3.5,304.628,4.4,1.87,13.34,103.0722,20762.6,2754.8967,4505.42
2023-07-17,5.08,3.5,304.628,4.4,1.9,13.48,103.0722,20762.6,2754.8967,4522.79
2023-07-18,5.08,3.5,304.628,4.4,1.89,13.3,103.0722,20762.6,2754.8967,4554.98
2023-07-19,5.08,3.5,304.628,4.4,1.87,13.76,103.0722,20762.6,2754.8967,4565.72
2023-07-20,5.08,3.5,304.628,4.4,1.85,13.99,103.0722,20762.6,2754.8967,4534.87
2023-07-21,5.08,3.5,304.628,4.4,1.85,13.6,103.0722,20762.6,2754.8967,4536.34
2023-07-22,5.08,3.5,304.628,4.4,1.85,13.6,103.0722,20762.6,2754.8967,4536.34
2023-07-23,5.08,3.5,304.628,4.4,1.85,13.6,103.0722,20762.6,2754.8967,4536.34
2023-07-24,5.08,3.5,304.628,4.4,1.84,13.91,103.0722,20762.6,2754.8967,4554.64
2023-07-25,5.08,3.5,304.628,4.4,1.81,13.86,103.0722,20762.6,2754.8967,4567.46
2023-07-26,5.08,3.5,304.628,4.4,1.83,13.19,103.0722,20762.6,2754.8967,4566.75
2023-07-27,5.33,3.5,304.628,4.4,1.78,14.41,103.0722,20762.6,2754.8967,4537.41
2023-07-28,5.33,3.5,304.628,4.4,1.8,13.33,103.0722,20762.6,2754.8967,4582.23
2023-07-29,5.33,3.5,304.628,4.4,1.8,13.33,103.0722,20762.6,2754.8967,4582.23
2023-07-30,5.33,3.5,304.628,4.4,1.8,13.33,103.0722,20762.6,2754.8967,4582.23
2023-07-31,5.33,3.5,304.628,4.4,1.77,13.63,103.0722,20762.6,2754.8967,4588.96
2023-08-01,5.33,3.8,306.187,4.4,1.77,13.93,103.0951,20735.0,2756.8846,4576.73
2023-08-02,5.33,3.8,306.187,4.4,1.82,16.09,103.0951,20735.0,2756.8846,4513.39
2023-08-03,5.33,3.8,306.187,4.4,1.84,15.92,103.0951,20735.0,2756.8846,4501.89
2023-08-04,5.33,3.8,306.187,4.4,1.9,17.1,103.0951,20735.0,2756.8846,4478.03
2023-08-05,5.33,3.8,306.187,4.4,1.9,17.1,103.0951,20735.0,2756.8846,4478.03
2023-08-06,5.33,3.8,306.187,4.4,1.9,17.1,103.0951,20735.0,2756.8846,4478.03
2023-08-07,5.33,3.8,306.187,4.4,1.9,15.77,103.0951,20735.0,2756.8846,4518.44
2023-08-08,5.33,3.8,306.187,4.4,1.93,15.99,103.0951,20735.0,2756.8846,4499.38
2023-08-09,5.33,3.8,306.187,4.4,1.92,15.96,103.0951,20735.0,2756.8846,4467.71
2023-08-10,5.33,3.8,306.187,4.4,1.89,15.85,103.0951,20735.0,2756.8846,4468.83
2023-08-11,5.33,3.8,306.187,4.4,1.87,14.84,103.0951,20735.0,2756.8846,4464.05
2023-08-12,5.33,3.8,306.187,4.4,1.87,14.84,103.0951,20735.0,2756.8846,4464.05
2023-08-13,5.33,3.8,306.187,4.4,1.87,14.84,103.0951,20735.0,2756.8846,4464.05
2023-08-14,5.33,3.8,306.187,4.4,1.84,14.82,103.0951,20735.0,2756.8846,4489.72
2023-08-15,5.33,3.8,306.187,4.4,1.86,16.46,103.0951,20735.0,2756.8846,4437.86
2023-08-16,5.33,3.8,306.187,4.4,1.84,16.78,103.0951,20735.0,2756.8846,4404.33
2023-08-17,5.33,3.8,306.187,4.4,1.87,17.89,103.0951,20735.0,2756.8846,4370.36
2023-08-18,5.33,3.8,306.187,4.4,1.89,17.3,103.0951,20735.0,2756.8846,4369.71
2023-08-19,5.33,3.8,306.187,4.4,1.89,17.3,103.0951,20735.0,2756.8846,4369.71
2023-08-20,5.33,3.8,306.187,4.4,1.89,17.3,103.0951,20735.0,2756.8846,4369.71
2023-08-21,5.33,3.8,306.187,4.4,1.88,17.13,103.0951,20735.0,2756.8846,4399.77
2023-08-22,5.33,3.8,306.187,4.4,1.82,16.97,103.0951,20735.0,2756.8846,4387.55
2023-08-23,5.33,3.8,306.187,4.4,1.83,15.98,103.0951,20735.0,2756.8846,4436.01
2023-08-24,5.33,3.8,306.187,4.4,1.8,17.2,103.0951,20735.0,2756.8846,4376.31
2023-08-25,5.33,3.8,306.187,4.4,1.76,15.68,103.0951,20735.0,2756.8846,4405.71
2023-08-26,5.33,3.8,306.187,4.4,1.76,15.68,103.0951,20735.0,2756.8846,4405.71
2023-08-27,5.33,3.8,306.187,4.4,1.76,15.68,103.0951,20735.0,2756.8846,4405.71
2023-08-28,5.33,3.8,306.187,4.4,1.82,15.08,103.0951,20735.0,2756.8846,4433.31
2023-08-29,5.33,3.8,306.187,4.4,1.84,14.45,103.0951,20735.0,2756.8846,4497.63
2023-08-30,5.33,3.8,306.187,4.4,1.82,13.88,103.0951,20735.0,2756.8846,4514.87
2023-08-31,5.33,3.8,306.187,4.4,1.83,13.57,103.0951,20735.0,2756.8846,4507.66
2023-09-01,5.33,3.8,307.288,4.4,1.82,13.09,103.3081,20681.4,2760.0446,4515.77
2023-09-02,5.33,3.8,307.288,4.4,1.82,13.09,103.3081,20681.4,2760.0446,4515.77
2023-09-03,5.33,3.8,307.288,4.4,1.82,13.09,103.3081,20681.4,2760.0446,4515.77
2023-09-04,5.33,3.8,307.288,4.4,1.82,13.82,103.3081,20681.4,2760.0446,4515.77
2023-09-05,5.33,3.8,307.288,4.4,1.84,14.01,103.3081,20681.4,2760.0446,4496.83
2023-09-06,5.33,3.8,307.288,4.4,1.79,14.45,103.3081,20681.4,2760.0446,4465.48
2023-09-07,5.33,3.8,307.288,4.4,1.81,14.4,103.3081,20681.4,2760.0446,4451.14
2023-09-08,5.33,3.8,307.288,4.4,1.79,13.84,103.3081,20681.4,2760.0446,4457.49
2023-09-09,5.33,3.8,307.288,4.4,1.79,13.84,103.3081,20681.4,2760.0446,4457.49
2023-09-10,5.33,3.8,307.288,4.4,1.79,13.84,103.3081,20681.4,2760.0446,4457.49
2023-09-11,5.33,3.8,307.288,4.4,1.8,13.8,103.3081,20681.4,2760.0446,4487.46
2023-09-12,5.33,3.8,307.288,4.4,1.79,14.23,103.3081,20681.4,2760.0446,4461.9
2023-09-13,5.33,3.8,307.288,4.4,1.81,13.48,103.3081,20681.4,2760.0446,4467.44
2023-09-14,5.33,3.8,307.288,4.4,1.8,12.82,103.3081,20681.4,2760.0446,4505.1
2023-09-15,5.33,3.8,307.288,4.4,1.78,13.79,103.3081,20681.4,2760.0446,4450.32
2023-09-16,5.33,3.8,307.288,4.4,1.78,13.79,103.3081,20681.4,2760.0446,4450.32
2023-09-17,5.33,3.8,307.288,4.4,1.78,13.79,103.3081,20681.4,2760.0446,4450.32
2023-09-18,5.33,3.8,307.288,4.4,1.77,14.0,103.3081,20681.4,2760.0446,4453.53
2023-09-19,5.33,3.8,307.288,4.4,1.75,14.11,103.3081,20681.4,2760.0446,4443.95
2023-09-20,5.33,3.8,307.288,4.4,1.73,15.14,103.3081,20681.4,2760.0446,4402.2
2023-09-21,5.33,3.8,307.288,4.4,1.66,17.54,103.3081,20681.4,2760.0446,4330.0
2023-09-22,5.33,3.8,307.288,4.4,1.73,17.2,103.3081,20681.4,2760.0446,4320.06
2023-09-23,5.33,3.8,307.288,4.4,1.73,17.2,103.3081,20681.4,2760.0446,4320.06
2023-09-24,5.33,3.8,307.288,4.4,1.73,17.2,103.3081,20681.4,2760.0446,4320.06
2023-09-25,5.33,3.8,307.288,4.4,1.75,16.9,103.3081,20681.4,2760.0446,4337.44
2023-09-26,5.33,3.8,307.288,4.4,1.77,18.94,103.3081,20681.4,2760.0446,4273.53
2023-09-27,5.33,3.8,307.288,4.4,1.77,18.22,103.3081,20681.4,2760.0446,4274.51
2023-09-28,5.33,3.8,307.288,4.4,1.8,17.34,103.3081,20681.4,2760.0446,4299.7
2023-09-29,5.33,3.8,307.288,4.4,1.78,17.52,103.3081,20681.4,2760.0446,4288.05
2023-09-30,5.33,3.8,307.288,4.4,1.78,17.52,103.3081,20681.4,2760.0446,4288.05
2023-10-01,5.33,3.8,307.531,3.2,1.78,17.52,102.5781,20662.5,2770.4135,4288.05
2023-10-02,5.33,3.8,307.531,3.2,1.78,17.61,102.5781,20662.5,2770.4135,4288.39
2023-10-03,5.33,3.8,307.531,3.2,1.82,19.78,102.5781,20662.5,2770.4135,4229.45
2023-10-04,5.33,3.8,307.531,3.2,1.83,18.58,102.5781,20662.5,2770.4135,4263.75
2023-10-05,5.33,3.8,307.531,3.2,1.85,18.49,102.5781,20662.5,2770.4135,4258.19
2023-10-06,5.33,3.8,307.531,3.2,1.84,17.45,102.5781,20662.5,2770.4135,4308.5
2023-10-07,5.33,3.8,307.531,3.2,1.84,17.45,102.5781,20662.5,2770.4135,4308.5
2023-10-08,5.33,3.8,307.531,3.2,1.84,17.45,102.5781,20662.5,2770.4135,4308.5
2023-10-09,5.33,3.8,307.531,3.2,1.84,17.7,102.5781,20662.5,2770.4135,4335.66
2023-10-10,5.33,3.8,307.531,3.2,1.83,17.03,102.5781,20662.5,2770.4135,4358.24
2023-10-11,5.33,3.8,307.531,3.2,1.82,16.09,102.5781,20662.5,2770.4135,4376.95
2023-10-12,5.33,3.8,307.531,3.2,1.83,16.69,102.5781,20662.5,2770.4135,4349.61
2023-10-13,5.33,3.8,307.531,3.2,1.82,19.32,102.5781,20662.5,2770.4135,4327.78
2023-10-14,5.33,3.8,307.531,3.2,1.82,19.32,102.5781,20662.5,2770.4135,4327.78
2023-10-15,5.33,3.8,307.531,3.2,1.82,19.32,102.5781,20662.5,2770.4135,4327.78
2023-10-16,5.33,3.8,307.531,3.2,1.83,17.21,102.5781,20662.5,2770.4135,4373.63
2023-10-17,5.33,3.8,307.531,3.2,1.8,17.88,102.5781,20662.5,2770.4135,4373.2
2023-10-18,5.33,3.8,307.531,3.2,1.78,19.22,102.5781,20662.5,2770.4135,4314.6
2023-10-19,5.33,3.8,307.531,3.2,1.82,21.4,102.5781,20662.5,2770.4135,4278.0
2023-10-20,5.33,3.8,307.531,3.2,1.88,21.71,102.5781,20662.5,2770.4135,4224.16
2023-10-21,5.33,3.8,307.531,3.2,1.88,21.71,102.5781,20662.5,2770.4135,4224.16
2023-10-22,5.33,3.8,307.531,3.2,1.88,21.71,102.5781,20662.5,2770.4135,4224.16
2023-10-23,5.33,3.8,307.531,3.2,1.85,20.37,102.5781,20662.5,2770.4135,4217.04
2023-10-24,5.33,3.8,307.531,3.2,1.84,18.97,102.5781,20662.5,2770.4135,4247.68
2023-10-25,5.33,3.8,307.531,3.2,1.83,20.19,102.5781,20662.5,2770.4135,4186.77
2023-10-26,5.33,3.8,307.531,3.2,1.82,20.68,102.5781,20662.5,2770.4135,4137.23
2023-10-27,5.33,3.8,307.531,3.2,1.88,21.27,102.5781,20662.5,2770.4135,4117.37
2023-10-28,5.33,3.8,307.531,3.2,1.88,21.27,102.5781,20662.5,2770.4135,4117.37
2023-10-29,5.33,3.8,307.531,3.2,1.88,21.27,102.5781,20662.5,2770.4135,4117.37
2023-10-30,5.33,3.8,307.531,3.2,1.86,19.75,102.5781,20662.5,2770.4135,4166.82
2023-10-31,5.33,3.8,307.531,3.2,1.85,18.14,102.5781,20662.5,2770.4135,4193.8
2023-11-01,5.33,3.7,308.024,3.2,1.91,16.87,102.8868,20675.7,2763.6749,4237.86
2023-11-02,5.33,3.7,308.024,3.2,1.84,15.66,102.8868,20675.7,2763.6749,4317.78
2023-11-03,5.33,3.7,308.024,3.2,1.86,14.91,102.8868,20675.7,2763.6749,4358.34
2023-11-04,5.33,3.7,308.024,3.2,1.86,14.91,102.8868,20675.7,2763.6749,4358.34
2023-11-05,5.33,3.7,308.024,3.2,1.86,14.91,102.8868,20675.7,2763.6749,4358.34
2023-11-06,5.33,3.7,308.024,3.2,1.84,14.89,102.8868,20675.7,2763.6749,4365.98
2023-11-07,5.33,3.7,308.024,3.2,1.83,14.81,102.8868,20675.7,2763.6749,4378.38
2023-11-08,5.33,3.7,308.024,3.2,1.84,14.45,102.8868,20675.7,2763.6749,4382.78
2023-11-09,5.33,3.7,308.024,3.2,1.83,15.29,102.8868,20675.7,2763.6749,4347.35
2023-11-10,5.33,3.7,308.024,3.2,1.8,14.17,102.8868,20675.7,2763.6749,4415.24
2023-11-11,5.33,3.7,308.024,3.2,1.8,14.17,102.8868,20675.7,2763.6749,4415.24
2023-11-12,5.33,3.7,308.024,3.2,1.8,14.17,102.8868,20675.7,2763.6749,4415.24
2023-11-13,5.33,3.7,308.024,3.2,1.79,14.76,102.8868,20675.7,2763.6749,4411.55
2023-11-14,5.33,3.7,308.024,3.2,1.83,14.16,102.8868,20675.7,2763.6749,4495.7
2023-11-15,5.33,3.7,308.024,3.2,1.8,14.18,102.8868,20675.7,2763.6749,4502.88
2023-11-16,5.33,3.7,308.024,3.2,1.81,14.32,102.8868,20675.7,2763.6749,4508.24
2023-11-17,5.33,3.7,308.024,3.2,1.78,13.8,102.8868,20675.7,2763.6749,4514.02
2023-11-18,5.33,3.7,308.024,3.2,1.78,13.8,102.8868,20675.7,2763.6749,4514.02
2023-11-19,5.33,3.7,308.024,3.2,1.78,13.8,102.8868,20675.7,2763.6749,4514.02
2023-11-20,5.33,3.7,308.024,3.2,1.76,13.41,102.8868,20675.7,2763.6749,4547.38
2023-11-21,5.33,3.7,308.024,3.2,1.77,13.35,102.8868,20675.7,2763.6749,4538.19
2023-11-22,5.33,3.7,308.024,3.2,1.71,12.85,102.8868,20675.7,2763.6749,4556.62
2023-11-23,5.33,3.7,308.024,3.2,1.71,12.8,102.8868,20675.7,2763.6749,4556.62
2023-11-24,5.33,3.7,308.024,3.2,1.72,12.46,102.8868,20675.7,2763.6749,4559.34
2023-11-25,5.33,3.7,308.024,3.2,1.72,12.46,102.8868,20675.7,2763.6749,4559.34
2023-11-26,5.33,3.7,308.024,3.2,1.72,12.46,102.8868,20675.7,2763.6749,4559.34
2023-11-27,5.33,3.7,308.024,3.2,1.71,12.69,102.8868,20675.7,2763.6749,4550.43
2023-11-28,5.33,3.7,308.024,3.2,1.75,12.69,102.8868,20675.7,2763.6749,4554.89
2023-11-29,5.33,3.7,308.024,3.2,1.72,12.98,102.8868,20675.7,2763.6749,4550.58
2023-11-30,5.33,3.7,308.024,3.2,1.67,12.92,102.8868,20675.7,2763.6749,4567.8
2023-12-01,5.33,3.7,308.742,3.2,1.71,12.63,102.6309,20725.4,2761.5435,4594.63
2023-12-02,5.33,3.7,308.742,3.2,1.71,12.63,102.6309,20725.4,2761.5435,4594.63
2023-12-03,5.33,3.7,308.742,3.2,1.71,12.63,102.6309,20725.4,2761.5435,4594.63
2023-12-04,5.33,3.7,308.742,3.2,1.67,13.08,102.6309,20725.4,2761.5435,4569.78
2023-12-05,5.33,3.7,308.742,3.2,1.65,12.85,102.6309,20725.4,2761.5435,4567.18
2023-12-06,5.33,3.7,308.742,3.2,1.63,12.97,102.6309,20725.4,2761.5435,4549.34
2023-12-07,5.33,3.7,308.742,3.2,1.63,13.06,102.6309,20725.4,2761.5435,4585.59
2023-12-08,5.33,3.7,308.742,3.2,1.61,12.35,102.6309,20725.4,2761.5435,4604.37
2023-12-09,5.33,3.7,308.742,3.2,1.61,12.35,102.6309,20725.4,2761.5435,4604.37
2023-12-10,5.33,3.7,308.742,3.2,1.61,12.35,102.6309,20725.4,2761.5435,4604.37
2023-12-11,5.33,3.7,308.742,3.2,1.61,12.63,102.6309,20725.4,2761.5435,4622.44
2023-12-12,5.33,3.7,308.742,3.2,1.6,12.07,102.6309,20725.4,2761.5435,4643.7
2023-12-13,5.33,3.7,308.742,3.2,1.61,12.19,102.6309,20725.4,2761.5435,4707.09
2023-12-14,5.33,3.7,308.742,3.2,1.57,12.48,102.6309,20725.4,2761.5435,4719.55
2023-12-15,5.33,3.7,308.742,3.2,1.57,12.28,102.6309,20725.4,2761.5435,4719.19
2023-12-16,5.33,3.7,308.742,3.2,1.57,12.28,102.6309,20725.4,2761.5435,4719.19
2023-12-17,5.33,3.7,308.742,3.2,1.57,12.28,102.6309,20725.4,2761.5435,4719.19
2023-12-18,5.33,3.7,308.742,3.2,1.58,12.56,102.6309,20725.4,2761.5435,4740.56
2023-12-19,5.33,3.7,308.742,3.2,1.57,12.53,102.6309,20725.4,2761.5435,4768.37
2023-12-20,5.33,3.7,308.742,3.2,1.63,13.67,102.6309,20725.4,2761.5435,4698.35
2023-12-21,5.33,3.7,308.742,3.2,1.64,13.65,102.6309,20725.4,2761.5435,4746.75
2023-12-22,5.33,3.7,308.742,3.2,1.65,13.03,102.6309,20725.4,2761.5435,4754.63
2023-12-23,5.33,3.7,308.742,3.2,1.65,13.03,102.6309,20725.4,2761.5435,4754.63
2023-12-24,5.33,3.7,308.742,3.2,1.65,13.03,102.6309,20725.4,2761.5435,4754.63
2023-12-25,5.33,3.7,308.742,3.2,1.65,13.03,102.6309,20725.4,2761.5435,4754.63
2023-12-26,5.33,3.7,308.742,3.2,1.64,12.99,102.6309,20725.4,2761.5435,4774.75
2023-12-27,5.33,3.7,308.742,3.2,1.64,12.43,102.6309,20725.4,2761.5435,4781.58
2023-12-28,5.33,3.7,308.742,3.2,1.62,12.47,102.6309,20725.4,2761.5435,4783.35
2023-12-29,5.33,3.7,308.742,3.2,1.61,12.45,102.6309,20725.4,2761.5435,4769.83
2023-12-30,5.33,3.7,308.742,3.2,1.61,12.45,102.6309,20725.4,2761.5435,4769.83
2023-12-31,5.33,3.7,308.742,3.2,1.61,12.45,102.6309,20725.4,2761.5435,4769.83
2024-01-01,5.33,3.7,309.685,1.6,1.61,12.45,101.483,20725.9,2756.4386,4769.83
2024-01-02,5.33,3.7,309.685,1.6,1.62,13.2,101.483,20725.9,2756.4386,4742.83
2024-01-03,5.33,3.7,309.685,1.6,1.66,14.04,101.483,20725.9,2756.4386,4704.81
2024-01-04,5.33,3.7,309.685,1.6,1.65,14.13,101.483,20725.9,2756.4386,4688.68
2024-01-05,5.33,3.7,309.685,1.6,1.65,13.35,101.483,20725.9,2756.4386,4697.24
2024-01-06,5.33,3.7,309.685,1.6,1.65,13.35,101.483,20725.9,2756.4386,4697.24
2024-01-07,5.33,3.7,309.685,1.6,1.65,13.35,101.483,20725.9,2756.4386,4697.24
2024-01-08,5.33,3.7,309.685,1.6,1.65,13.08,101.483,20725.9,2756.4386,4763.54
2024-01-09,5.33,3.7,309.685,1.6,1.63,12.76,101.483,20725.9,2756.4386,4756.5
2024-01-10,5.33,3.7,309.685,1.6,1.59,12.69,101.483,20725.9,2756.4386,4783.45
2024-01-11,5.33,3.7,309.685,1.6,1.63,12.44,101.483,20725.9,2756.4386,4780.24
2024-01-12,5.33,3.7,309.685,1.6,1.64,12.7,101.483,20725.9,2756.4386,4783.83
2024-01-13,5.33,3.7,309.685,1.6,1.64,12.7,101.483,20725.9,2756.4386,4783.83
2024-01-14,5.33,3.7,309.685,1.6,1.64,12.7,101.483,20725.9,2756.4386,4783.83
2024-01-15,5.33,3.7,309.685,1.6,1.64,13.25,101.483,20725.9,2756.4386,4783.83
2024-01-16,5.33,3.7,309.685,1.6,1.65,13.84,101.483,20725.9,2756.4386,4765.98
2024-01-17,5.33,3.7,309.685,1.6,1.63,14.79,101.483,20725.9,2756.4386,4739.21
2024-01-18,5.33,3.7,309.685,1.6,1.62,14.13,101.483,20725.9,2756.4386,4780.94
2024-01-19,5.33,3.7,309.685,1.6,1.59,13.3,101.483,20725.9,2756.4386,4839.81
2024-01-20,5.33,3.7,309.685,1.6,1.59,13.3,101.483,20725.9,2756.4386,4839.81
2024-01-21,5.33,3.7,309.685,1.6,1.59,13.3,101.483,20725.9,2756.4386,4839.81
2024-01-22,5.33,3.7,309.685,1.6,1.59,13.19,101.483,20725.9,2756.4386,4850.43
2024-01-23,5.33,3.7,309.685,1.6,1.62,12.55,101.483,20725.9,2756.4386,4864.6
2024-01-24,5.33,3.7,309.685,1.6,1.61,13.14,101.483,20725.9,2756.4386,4868.55
2024-01-25,5.33,3.7,309.685,1.6,1.6,13.45,101.483,20725.9,2756.4386,4894.16
2024-01-26,5.33,3.7,309.685,1.6,1.58,13.26,101.483,20725.9,2756.4386,4890.97
2024-01-27,5.33,3.7,309.685,1.6,1.58,13.26,101.483,20725.9,2756.4386,4890.97
2024-01-28,5.33,3.7,309.685,1.6,1.58,13.26,101.483,20725.9,2756.4386,4890.97
2024-01-29,5.33,3.7,309.685,1.6,1.6,13.6,101.483,20725.9,2756.4386,4927.93
2024-01-30,5.33,3.7,309.685,1.6,1.58,13.31,101.483,20725.9,2756.4386,4924.97
2024-01-31,5.33,3.7,309.685,1.6,1.61,14.35,101.483,20725.9,2756.4386,4845.65
2024-02-01,5.33,3.9,311.054,1.6,1.63,13.88,102.7267,20761.8,2763.3878,4906.19
2024-02-02,5.33,3.9,311.054,1.6,1.59,13.85,102.7267,20761.8,2763.3878,4958.61
2024-02-03,5.33,3.9,311.054,1.6,1.59,13.85,102.7267,20761.8,2763.3878,4958.61
2024-02-04,5.33,3.9,311.054,1.6,1.59,13.85,102.7267,20761.8,2763.3878,4958.61
2024-02-05,5.33,3.9,311.054,1.6,1.56,13.67,102.7267,20761.8,2763.3878,4942.81
2024-02-06,5.33,3.9,311.054,1.6,1.58,13.06,102.7267,20761.8,2763.3878,4954.23
2024-02-07,5.33,3.9,311.054,1.6,1.6,12.83,102.7267,20761.8,2763.3878,4995.06
2024-02-08,5.33,3.9,311.054,1.6,1.6,12.79,102.7267,20761.8,2763.3878,4997.91
2024-02-09,5.33,3.9,311.054,1.6,1.59,12.93,102.7267,20761.8,2763.3878,5026.61
2024-02-10,5.33,3.9,311.054,1.6,1.59,12.93,102.7267,20761.8,2763.3878,5026.61
2024-02-11,5.33,3.9,311.054,1.6,1.59,12.93,102.7267,20761.8,2763.3878,5026.61
2024-02-12,5.33,3.9,311.054,1.6,1.58,13.93,102.7267,20761.8,2763.3878,5021.84
2024-02-13,5.33,3.9,311.054,1.6,1.54,15.85,102.7267,20761.8,2763.3878,4953.17
2024-02-14,5.33,3.9,311.054,1.6,1.56,14.38,102.7267,20761.8,2763.3878,5000.62
2024-02-15,5.33,3.9,311.054,1.6,1.57,14.01,102.7267,20761.8,2763.3878,5029.73
2024-02-16,5.33,3.9,311.054,1.6,1.53,14.24,102.7267,20761.8,2763.3878,5005.57
2024-02-17,5.33,3.9,311.054,1.6,1.53,14.24,102.7267,20761.8,2763.3878,5005.57
2024-02-18,5.33,3.9,311.054,1.6,1.53,14.24,102.7267,20761.8,2763.3878,5005.57
2024-02-19,5.33,3.9,311.054,1.6,1.53,14.71,102.7267,20761.8,2763.3878,5005.57
2024-02-20,5.33,3.9,311.054,1.6,1.56,15.42,102.7267,20761.8,2763.3878,4975.51
2024-02-21,5.33,3.9,311.054,1.6,1.54,15.34,102.7267,20761.8,2763.3878,4981.8
2024-02-22,5.33,3.9,311.054,1.6,1.49,14.54,102.7267,20761.8,2763.3878,5087.03
2024-02-23,5.33,3.9,311.054,1.6,1.49,13.75,102.7267,20761.8,2763.3878,5088.8
2024-02-24,5.33,3.9,311.054,1.6,1.49,13.75,102.7267,20761.8,2763.3878,5088.8
2024-02-25,5.33,3.9,311.054,1.6,1.49,13.75,102.7267,20761.8,2763.3878,5088.8
2024-02-26,5.33,3.9,311.054,1.6,1.53,13.74,102.7267,20761.8,2763.3878,5069.53
2024-02-27,5.33,3.9,311.054,1.6,1.53,13.43,102.7267,20761.8,2763.3878,5078.18
2024-02-28,5.33,3.9,311.054,1.6,1.55,13.84,102.7267,20761.8,2763.3878,5069.76
2024-02-29,5.33,3.9,311.054,1.6,1.55,13.4,102.7267,20761.8,2763.3878,5096.27
2024-03-01,5.33,3.8,312.23,1.6,1.57,13.11,102.5186,20862.9,2748.1189,5137.08
2024-03-02,5.33,3.8,312.23,1.6,1.57,13.11,102.5186,20862.9,2748.1189,5137.08
2024-03-03,5.33,3.8,312.23,1.6,1.57,13.11,102.5186,20862.9,2748.1189,5137.08
2024-03-04,5.33,3.8,312.23,1.6,1.57,13.49,102.5186,20862.9,2748.1189,5130.95
2024-03-05,5.33,3.8,312.23,1.6,1.59,14.46,102.5186,20862.9,2748.1189,5078.65
2024-03-06,5.33,3.8,312.23,1.6,1.57,14.5,102.5186,20862.9,2748.1189,5104.76
2024-03-07,5.33,3.8,312.23,1.6,1.59,14.44,102.5186,20862.9,2748.1189,5157.36
2024-03-08,5.33,3.8,312.23,1.6,1.59,14.74,102.5186,20862.9,2748.1189,5123.69
2024-03-09,5.33,3.8,312.23,1.6,1.59,14.74,102.5186,20862.9,2748.1189,5123.69
2024-03-10,5.33,3.8,312.23,1.6,1.59,14.74,102.5186,20862.9,2748.1189,5123.69
2024-03-11,5.33,3.8,312.23,1.6,1.59,15.22,102.5186,20862.9,2748.1189,5117.94
2024-03-12,5.33,3.8,312.23,1.6,1.55,13.84,102.5186,20862.9,2748.1189,5175.27
2024-03-13,5.33,3.8,312.23,1.6,1.55,13.75,102.5186,20862.9,2748.1189,5165.31
2024-03-14,5.33,3.8,312.23,1.6,1.53,14.4,102.5186,20862.9,2748.1189,5150.48
2024-03-15,5.33,3.8,312.23,1.6,1.49,14.41,102.5186,20862.9,2748.1189,5117.09
2024-03-16,5.33,3.8,312.23,1.6,1.49,14.41,102.5186,20862.9,2748.1189,5117.09
2024-03-17,5.33,3.8,312.23,1.6,1.49,14.41,102.5186,20862.9,2748.1189,5117.09
2024-03-18,5.33,3.8,312.23,1.6,1.49,14.33,102.5186,20862.9,2748.1189,5149.42
2024-03-19,5.33,3.8,312.23,1.6,1.5,13.82,102.5186,20862.9,2748.1189,5178.51
2024-03-20,5.33,3.8,312.23,1.6,1.56,13.04,102.5186,20862.9,2748.1189,5224.62
2024-03-21,5.33,3.8,312.23,1.6,1.53,12.92,102.5186,20862.9,2748.1189,5241.53
2024-03-22,5.33,3.8,312.23,1.6,1.53,13.06,102.5186,20862.9,2748.1189,5234.18
2024-03-23,5.33,3.8,312.23,1.6,1.53,13.06,102.5186,20862.9,2748.1189,5234.18
2024-03-24,5.33,3.8,312.23,1.6,1.53,13.06,102.5186,20862.9,2748.1189,5234.18
2024-03-25,5.33,3.8,312.23,1.6,1.53,13.19,102.5186,20862.9,2748.1189,5218.19
2024-03-26,5.33,3.8,312.23,1.6,1.53,13.24,102.5186,20862.9,2748.1189,5203.58
2024-03-27,5.33,3.8,312.23,1.6,1.54,12.78,102.5186,20862.9,2748.1189,5248.49
2024-03-28,5.33,3.8,312.23,1.6,1.5,13.01,102.5186,20862.9,2748.1189,5254.35
2024-03-29,5.33,3.8,312.23,1.6,1.5,13.01,102.5186,20862.9,2748.1189,5254.35
2024-03-30,5.33,3.8,312.23,1.6,1.5,13.01,102.5186,20862.9,2748.1189,5254.35
2024-03-31,5.33,3.8,312.23,1.6,1.5,13.01,102.5186,20862.9,2748.1189,5254.35
2024-04-01,5.33,3.9,313.207,3.0,1.49,13.65,102.3568,20881.1,2750.5599,5243.77
2024-04-02,5.33,3.9,313.207,3.0,1.51,14.61,102.3568,20881.1,2750.5599,5205.81
2024-04-03,5.33,3.9,313.207,3.0,1.49,14.33,102.3568,20881.1,2750.5599,5211.49
2024-04-04,5.33,3.9,313.207,3.0,1.51,16.35,102.3568,20881.1,2750.5599,5147.21
2024-04-05,5.33,3.9,313.207,3.0,1.49,16.03,102.3568,20881.1,2750.5599,5204.34
2024-04-06,5.33,3.9,313.207,3.0,1.49,16.03,102.3568,20881.1,2750.5599,5204.34
2024-04-07,5.33,3.9,313.207,3.0,1.49,16.03,102.3568,20881.1,2750.5599,5204.34
2024-04-08,5.33,3.9,313.207,3.0,1.46,15.19,102.3568,20881.1,2750.5599,5202.39
2024-04-09,5.33,3.9,313.207,3.0,1.44,14.98,102.3568,20881.1,2750.5599,5209.91
2024-04-10,5.33,3.9,313.207,3.0,1.4,15.8,102.3568,20881.1,2750.5599,5160.64
2024-04-11,5.33,3.9,313.207,3.0,1.41,14.91,102.3568,20881.1,2750.5599,5199.06
2024-04-12,5.33,3.9,313.207,3.0,1.45,17.31,102.3568,20881.1,2750.5599,5123.41
2024-04-13,5.33,3.9,313.207,3.0,1.45,17.31,102.3568,20881.1,2750.5599,5123.41
2024-04-14,5.33,3.9,313.207,3.0,1.45,17.31,102.3568,20881.1,2750.5599,5123.41
2024-04-15,5.33,3.9,313.207,3.0,1.46,19.23,102.3568,20881.1,2750.5599,5061.82
2024-04-16,5.33,3.9,313.207,3.0,1.46,18.4,102.3568,20881.1,2750.5599,5051.41
2024-04-17,5.33,3.9,313.207,3.0,1.48,18.21,102.3568,20881.1,2750.5599,5022.21
2024-04-18,5.33,3.9,313.207,3.0,1.47,18.0,102.3568,20881.1,2750.5599,5011.12
2024-04-19,5.33,3.9,313.207,3.0,1.46,18.71,102.3568,20881.1,2750.5599,4967.23
2024-04-20,5.33,3.9,313.207,3.0,1.46,18.71,102.3568,20881.1,2750.5599,4967.23
2024-04-21,5.33,3.9,313.207,3.0,1.46,18.71,102.3568,20881.1,2750.5599,4967.23
2024-04-22,5.33,3.9,313.207,3.0,1.46,16.94,102.3568,20881.1,2750.5599,5010.6
2024-04-23,5.33,3.9,313.207,3.0,1.46,15.69,102.3568,20881.1,2750.5599,5070.55
2024-04-24,5.33,3.9,313.207,3.0,1.48,15.97,102.3568,20881.1,2750.5599,5071.63
2024-04-25,5.33,3.9,313.207,3.0,1.47,15.37,102.3568,20881.1,2750.5599,5048.42
2024-04-26,5.33,3.9,313.207,3.0,1.45,15.03,102.3568,20881.1,2750.5599,5099.96
2024-04-27,5.33,3.9,313.207,3.0,1.45,15.03,102.3568,20881.1,2750.5599,5099.96
2024-04-28,5.33,3.9,313.207,3.0,1.45,15.03,102.3568,20881.1,2750.5599,5099.96
2024-04-29,5.33,3.9,313.207,3.0,1.45,14.67,102.3568,20881.1,2750.5599,5116.17
2024-04-30,5.33,3.9,313.207,3.0,1.44,15.65,102.3568,20881.1,2750.5599,5035.69
2024-05-01,5.33,4.0,313.225,3.0,1.43,15.39,102.9797,20959.4,2755.8612,5018.39
2024-05-02,5.33,4.0,313.225,3.0,1.47,14.68,102.9797,20959.4,2755.8612,5064.2
2024-05-03,5.33,4.0,313.225,3.0,1.49,13.49,102.9797,20959.4,2755.8612,5127.79
2024-05-04,5.33,4.0,313.225,3.0,1.49,13.49,102.9797,20959.4,2755.8612,5127.79
2024-05-05,5.33,4.0,313.225,3.0,1.49,13.49,102.9797,20959.4,2755.8612,5127.79
2024-05-06,5.33,4.0,313.225,3.0,1.47,13.49,102.9797,20959.4,2755.8612,5180.74
2024-05-07,5.33,4.0,313.225,3.0,1.45,13.23,102.9797,20959.4,2755.8612,5187.7
2024-05-08,5.33,4.0,313.225,3.0,1.47,13.0,102.9797,20959.4,2755.8612,5187.67
2024-05-09,5.33,4.0,313.225,3.0,1.48,12.69,102.9797,20959.4,2755.8612,5214.08
2024-05-10,5.33,4.0,313.225,3.0,1.48,12.55,102.9797,20959.4,2755.8612,5222.68
2024-05-11,5.33,4.0,313.225,3.0,1.48,12.55,102.9797,20959.4,2755.8612,5222.68
2024-05-12,5.33,4.0,313.225,3.0,1.48,12.55,102.9797,20959.4,2755.8612,5222.68
2024-05-13,5.33,4.0,313.225,3.0,1.48,13.6,102.9797,20959.4,2755.8612,5221.42
2024-05-14,5.33,4.0,313.225,3.0,1.48,13.42,102.9797,20959.4,2755.8612,5246.68
2024-05-15,5.33,4.0,313.225,3.0,1.49,12.45,102.9797,20959.4,2755.8612,5308.15
2024-05-16,5.33,4.0,313.225,3.0,1.47,12.42,102.9797,20959.4,2755.8612,5297.1
2024-05-17,5.33,4.0,313.225,3.0,1.48,11.99,102.9797,20959.4,2755.8612,5303.27
2024-05-18,5.33,4.0,313.225,3.0,1.48,11.99,102.9797,20959.4,2755.8612,5303.27
2024-05-19,5.33,4.0,313.225,3.0,1.48,11.99,102.9797,20959.4,2755.8612,5303.27
2024-05-20,5.33,4.0,313.225,3.0,1.47,12.15,102.9797,20959.4,2755.8612,5308.13
2024-05-21,5.33,4.0,313.225,3.0,1.48,11.86,102.9797,20959.4,2755.8612,5321.41
2024-05-22,5.33,4.0,313.225,3.0,1.46,12.29,102.9797,20959.4,2755.8612,5307.01
2024-05-23,5.33,4.0,313.225,3.0,1.45,12.77,102.9797,20959.4,2755.8612,5267.84
2024-05-24,5.33,4.0,313.225,3.0,1.46,11.93,102.9797,20959.4,2755.8612,5304.72
2024-05-25,5.33,4.0,313.225,3.0,1.46,11.93,102.9797,20959.4,2755.8612,5304.72
2024-05-26,5.33,4.0,313.225,3.0,1.46,11.93,102.9797,20959.4,2755.8612,5304.72
2024-05-27,5.33,4.0,313.225,3.0,1.46,12.36,102.9797,20959.4,2755.8612,5304.72
2024-05-28,5.33,4.0,313.225,3.0,1.45,12.92,102.9797,20959.4,2755.8612,5306.04
2024-05-29,5.33,4.0,313.225,3.0,1.47,14.28,102.9797,20959.4,2755.8612,5266.95
2024-05-30,5.33,4.0,313.225,3.0,1.46,14.47,102.9797,20959.4,2755.8612,5235.48
2024-05-31,5.33,4.0,313.225,3.0,1.46,12.92,102.9797,20959.4,2755.8612,5277.51
2024-06-01,5.33,4.1,313.049,3.0,1.46,12.92,103.2768,21020.1,2768.3272,5277.51
2024-06-02,5.33,4.1,313.049,3.0,1.46,12.92,103.2768,21020.1,2768.3272,5277.51
2024-06-03,5.33,4.1,313.049,3.0,1.47,13.11,103.2768,21020.1,2768.3272,5283.4
2024-06-04,5.33,4.1,313.049,3.0,1.49,13.16,103.2768,21020.1,2768.3272,5291.34
2024-06-05,5.33,4.1,313.049,3.0,1.53,12.63,103.2768,21020.1,2768.3272,5354.03
2024-06-06,5.33,4.1,313.049,3.0,1.5,12.58,103.2768,21020.1,2768.3272,5352.96
2024-06-07,5.33,4.1,313.049,3.0,1.46,12.22,103.2768,21020.1,2768.3272,5346.99
2024-06-08,5.33,4.1,313.049,3.0,1.46,12.22,103.2768,21020.1,2768.3272,5346.99
2024-06-09,5.33,4.1,313.049,3.0,1.46,12.22,103.2768,21020.1,2768.3272,5346.99
2024-06-10,5.33,4.1,313.049,3.0,1.46,12.74,103.2768,21020.1,2768.3272,5360.79
2024-06-11,5.33,4.1,313.049,3.0,1.48,12.85,103.2768,21020.1,2768.3272,5375.32
2024-06-12,5.33,4.1,313.049,3.0,1.48,12.04,103.2768,21020.1,2768.3272,5421.03
2024-06-13,5.33,4.1,313.049,3.0,1.51,11.94,103.2768,21020.1,2768.3272,5433.74
2024-06-14,5.33,4.1,313.049,3.0,1.53,12.66,103.2768,21020.1,2768.3272,5431.6
2024-06-15,5.33,4.1,313.049,3.0,1.53,12.66,103.2768,21020.1,2768.3272,5431.6
2024-06-16,5.33,4.1,313.049,3.0,1.53,12.66,103.2768,21020.1,2768.3272,5431.6
2024-06-17,5.33,4.1,313.049,3.0,1.52,12.75,103.2768,21020.1,2768.3272,5473.23
2024-06-18,5.33,4.1,313.049,3.0,1.52,12.3,103.2768,21020.1,2768.3272,5487.03
2024-06-19,5.33,4.1,313.049,3.0,1.52,12.48,103.2768,21020.1,2768.3272,5487.03
2024-06-20,5.33,4.1,313.049,3.0,1.54,13.28,103.2768,21020.1,2768.3272,5473.17
2024-06-21,5.33,4.1,313.049,3.0,1.55,13.2,103.2768,21020.1,2768.3272,5464.62
2024-06-22,5.33,4.1,313.049,3.0,1.55,13.2,103.2768,21020.1,2768.3272,5464.62
2024-06-23,5.33,4.1,313.049,3.0,1.55,13.2,103.2768,21020.1,2768.3272,5464.62
2024-06-24,5.33,4.1,313.049,3.0,1.53,13.33,103.2768,21020.1,2768.3272,5447.87
2024-06-25,5.33,4.1,313.049,3.0,1.55,12.84,103.2768,21020.1,2768.3272,5469.3
2024-06-26,5.33,4.1,313.049,3.0,1.55,12.55,103.2768,21020.1,2768.3272,5477.9
2024-06-27,5.33,4.1,313.049,3.0,1.55,12.24,103.2768,21020.1,2768.3272,5482.87
2024-06-28,5.33,4.1,313.049,3.0,1.55,12.44,103.2768,21020.1,2768.3272,5460.48
2024-06-29,5.33,4.1,313.049,3.0,1.55,12.44,103.2768,21020.1,2768.3272,5460.48
2024-06-30,5.33,4.1,313.049,3.0,1.55,12.44,103.2768,21020.1,2768.3272,5460.48
2024-07-01,5.33,4.3,313.534,2.8,1.55,12.22,102.5381,21039.4,2763.1664,5475.09
2024-07-02,5.33,4.3,313.534,2.8,1.56,12.03,102.5381,21039.4,2763.1664,5509.01
2024-07-03,5.33,4.3,313.534,2.8,1.53,12.09,102.5381,21039.4,2763.1664,5537.02
2024-07-04,5.33,4.3,313.534,2.8,1.53,12.26,102.5381,21039.4,2763.1664,5537.02
2024-07-05,5.33,4.3,313.534,2.8,1.56,12.48,102.5381,21039.4,2763.1664,5567.19
2024-07-06,5.33,4.3,313.534,2.8,1.56,12.48,102.5381,21039.4,2763.1664,5567.19
2024-07-07,5.33,4.3,313.534,2.8,1.56,12.48,102.5381,21039.4,2763.1664,5567.19
2024-07-08,5.33,4.3,313.534,2.8,1.54,12.37,102.5381,21039.4,2763.1664,5572.85
2024-07-09,5.33,4.3,313.534,2.8,1.56,12.51,102.5381,21039.4,2763.1664,5576.98
2024-07-10,5.33,4.3,313.534,2.8,1.56,12.85,102.5381,21039.4,2763.1664,5633.91
2024-07-11,5.33,4.3,313.534,2.8,1.58,12.92,102.5381,21039.4,2763.1664,5584.54
2024-07-12,5.33,4.3,313.534,2.8,1.58,12.46,102.5381,21039.4,2763.1664,5615.35
2024-07-13,5.33,4.3,313.534,2.8,1.58,12.46,102.5381,21039.4,2763.1664,5615.35
2024-07-14,5.33,4.3,313.534,2.8,1.58,12.46,102.5381,21039.4,2763.1664,5615.35
2024-07-15,5.33,4.3,313.534,2.8,1.58,13.12,102.5381,21039.4,2763.1664,5631.22
2024-07-16,5.33,4.3,313.534,2.8,1.56,13.19,102.5381,21039.4,2763.1664,5667.2
2024-07-17,5.33,4.3,313.534,2.8,1.56,14.48,102.5381,21039.4,2763.1664,5588.27
2024-07-18,5.33,4.3,313.534,2.8,1.57,15.93,102.5381,21039.4,2763.1664,5544.59
2024-07-19,5.33,4.3,313.534,2.8,1.57,16.52,102.5381,21039.4,2763.1664,5505.0
2024-07-20,5.33,4.3,313.534,2.8,1.57,16.52,102.5381,21039.4,2763.1664,5505.0
2024-07-21,5.33,4.3,313.534,2.8,1.57,16.52,102.5381,21039.4,2763.1664,5505.0
2024-07-22,5.33,4.3,313.534,2.8,1.58,14.91,102.5381,21039.4,2763.1664,5564.41
2024-07-23,5.33,4.3,313.534,2.8,1.59,14.72,102.5381,21039.4,2763.1664,5555.74
2024-07-24,5.33,4.3,313.534,2.8,1.65,18.04,102.5381,21039.4,2763.1664,5427.13
2024-07-25,5.33,4.3,313.534,2.8,1.62,18.46,102.5381,21039.4,2763.1664,5399.22
2024-07-26,5.33,4.3,313.534,2.8,1.65,16.39,102.5381,21039.4,2763.1664,5459.1
2024-07-27,5.33,4.3,313.534,2.8,1.65,16.39,102.5381,21039.4,2763.1664,5459.1
2024-07-28,5.33,4.3,313.534,2.8,1.65,16.39,102.5381,21039.4,2763.1664,5459.1
2024-07-29,5.33,4.3,313.534,2.8,1.66,16.6,102.5381,21039.4,2763.1664,5463.54
2024-07-30,5.33,4.3,313.534,2.8,1.65,17.69,102.5381,21039.4,2763.1664,5436.44
2024-07-31,5.33,4.3,313.534,2.8,1.68,16.36,102.5381,21039.4,2763.1664,5522.3
2024-08-01,5.33,4.2,314.121,2.8,1.71,18.59,103.0449,21141.2,2767.8572,5446.68
2024-08-02,5.33,4.2,314.121,2.8,1.8,23.39,103.0449,21141.2,2767.8572,5346.56
2024-08-03,5.33,4.2,314.121,2.8,1.8,23.39,103.0449,21141.2,2767.8572,5346.56
2024-08-04,5.33,4.2,314.121,2.8,1.8,23.39,103.0449,21141.2,2767.8572,5346.56
2024-08-05,5.33,4.2,314.121,2.8,1.85,38.57,103.0449,21141.2,2767.8572,5186.33
2024-08-06,5.33,4.2,314.121,2.8,1.78,27.71,103.0449,21141.2,2767.8572,5240.03
2024-08-07,5.33,4.2,314.121,2.8,1.8,27.85,103.0449,21141.2,2767.8572,5199.5
2024-08-08,5.33,4.2,314.121,2.8,1.78,23.79,103.0449,21141.2,2767.8572,5319.31
2024-08-09,5.33,4.2,314.121,2.8,1.77,20.37,103.0449,21141.2,2767.8572,5344.16
2024-08-10,5.33,4.2,314.121,2.8,1.77,20.37,103.0449,21141.2,2767.8572,5344.16
2024-08-11,5.33,4.2,314.121,2.8,1.77,20.37,103.0449,21141.2,2767.8572,5344.16
2024-08-12,5.33,4.2,314.121,2.8,1.78,20.71,103.0449,21141.2,2767.8572,5344.39
2024-08-13,5.33,4.2,314.121,2.8,1.8,18.12,103.0449,21141.2,2767.8572,5434.43
2024-08-14,5.33,4.2,314.121,2.8,1.74,16.19,103.0449,21141.2,2767.8572,5455.21
2024-08-15,5.33,4.2,314.121,2.8,1.68,15.23,103.0449,21141.2,2767.8572,5543.22
2024-08-16,5.33,4.2,314.121,2.8,1.69,14.8,103.0449,21141.2,2767.8572,5554.25
2024-08-17,5.33,4.2,314.121,2.8,1.69,14.8,103.0449,21141.2,2767.8572,5554.25
2024-08-18,5.33,4.2,314.121,2.8,1.69,14.8,103.0449,21141.2,2767.8572,5554.25
2024-08-19,5.33,4.2,314.121,2.8,1.68,14.65,103.0449,21141.2,2767.8572,5608.25
2024-08-20,5.33,4.2,314.121,2.8,1.69,15.88,103.0449,21141.2,2767.8572,5597.12
2024-08-21,5.33,4.2,314.121,2.8,1.69,16.27,103.0449,21141.2,2767.8572,5620.85
2024-08-22,5.33,4.2,314.121,2.8,1.7,17.55,103.0449,21141.2,2767.8572,5570.64
2024-08-23,5.33,4.2,314.121,2.8,1.7,15.86,103.0449,21141.2,2767.8572,5634.61
2024-08-24,5.33,4.2,314.121,2.8,1.7,15.86,103.0449,21141.2,2767.8572,5634.61
2024-08-25,5.33,4.2,314.121,2.8,1.7,15.86,103.0449,21141.2,2767.8572,5634.61
2024-08-26,5.33,4.2,314.121,2.8,1.7,16.15,103.0449,21141.2,2767.8572,5616.84
2024-08-27,5.33,4.2,314.121,2.8,1.71,15.43,103.0449,21141.2,2767.8572,5625.8
2024-08-28,5.33,4.2,314.121,2.8,1.71,17.11,103.0449,21141.2,2767.8572,5592.18
2024-08-29,5.33,4.2,314.121,2.8,1.69,15.65,103.0449,21141.2,2767.8572,5591.96
2024-08-30,5.33,4.2,314.121,2.8,1.69,15.0,103.0449,21141.2,2767.8572,5648.4
2024-08-31,5.33,4.2,314.121,2.8,1.69,15.0,103.0449,21141.2,2767.8572,5648.4
2024-09-01,5.33,4.1,314.686,2.8,1.69,15.0,102.5497,21221.2,2779.5025,5648.4
2024-09-02,5.33,4.1,314.686,2.8,1.69,15.55,102.5497,21221.2,2779.5025,5648.4
2024-09-03,5.33,4.1,314.686,2.8,1.73,20.72,102.5497,21221.2,2779.5025,5528.93
2024-09-04,5.33,4.1,314.686,2.8,1.73,21.32,102.5497,21221.2,2779.5025,5520.07
2024-09-05,5.33,4.1,314.686,2.8,1.73,19.9,102.5497,21221.2,2779.5025,5503.41
2024-09-06,5.33,4.1,314.686,2.8,1.73,22.38,102.5497,21221.2,2779.5025,5408.42
2024-09-07,5.33,4.1,314.686,2.8,1.73,22.38,102.5497,21221.2,2779.5025,5408.42
2024-09-08,5.33,4.1,314.686,2.8,1.73,22.38,102.5497,21221.2,2779.5025,5408.42
2024-09-09,5.33,4.1,314.686,2.8,1.73,19.45,102.5497,21221.2,2779.5025,5471.05
2024-09-10,5.33,4.1,314.686,2.8,1.74,19.08,102.5497,21221.2,2779.5025,5495.52
2024-09-11,5.33,4.1,314.686,2.8,1.75,17.69,102.5497,21221.2,2779.5025,5554.13
2024-09-12,5.33,4.1,314.686,2.8,1.74,17.07,102.5497,21221.2,2779.5025,5595.76
2024-09-13,5.33,4.1,314.686,2.8,1.72,16.56,102.5497,21221.2,2779.5025,5626.02
2024-09-14,5.33,4.1,314.686,2.8,1.72,16.56,102.5497,21221.2,2779.5025,5626.02
2024-09-15,5.33,4.1,314.686,2.8,1.72,16.56,102.5497,21221.2,2779.5025,5626.02
2024-09-16,5.33,4.1,314.686,2.8,1.7,17.14,102.5497,21221.2,2779.5025,5633.09
2024-09-17,5.33,4.1,314.686,2.8,1.68,17.61,102.5497,21221.2,2779.5025,5634.58
2024-09-18,5.33,4.1,314.686,2.8,1.67,18.23,102.5497,21221.2,2779.5025,5618.26
2024-09-19,4.83,4.1,314.686,2.8,1.67,16.33,102.5497,21221.2,2779.5025,5713.64
2024-09-20,4.83,4.1,314.686,2.8,1.67,16.15,102.5497,21221.2,2779.5025,5702.55
2024-09-21,4.83,4.1,314.686,2.8,1.67,16.15,102.5497,21221.2,2779.5025,5702.55
2024-09-22,4.83,4.1,314.686,2.8,1.67,16.15,102.5497,21221.2,2779.5025,5702.55
2024-09-23,4.83,4.1,314.686,2.8,1.65,15.89,102.5497,21221.2,2779.5025,5718.57
2024-09-24,4.83,4.1,314.686,2.8,1.66,15.39,102.5497,21221.2,2779.5025,5732.93
2024-09-25,4.83,4.1,314.686,2.8,1.65,15.41,102.5497,21221.2,2779.5025,5722.26
2024-09-26,4.83,4.1,314.686,2.8,1.65,15.37,102.5497,21221.2,2779.5025,5745.37
2024-09-27,4.83,4.1,314.686,2.8,1.66,16.96,102.5497,21221.2,2779.5025,5738.17
2024-09-28,4.83,4.1,314.686,2.8,1.66,16.96,102.5497,21221.2,2779.5025,5738.17
2024-09-29,4.83,4.1,314.686,2.8,1.66,16.96,102.5497,21221.2,2779.5025,5738.17
2024-09-30,4.83,4.1,314.686,2.8,1.63,16.73,102.5497,21221.2,2779.5025,5762.48
2024-10-01,4.83,4.1,315.454,2.8,1.65,19.26,102.2805,21221.2,2787.2908,5708.75
2024-10-02,4.83,4.1,315.454,2.8,1.64,18.9,102.2805,21221.2,2787.2908,5709.54
2024-10-03,4.83,4.1,315.454,2.8,1.62,20.49,102.2805,21221.2,2787.2908,5699.94
2024-10-04,4.83,4.1,315.454,2.8,1.57,19.21,102.2805,21221.2,2787.2908,5751.07
2024-10-05,4.83,4.1,315.454,2.8,1.57,19.21,102.2805,21221.2,2787.2908,5751.07
2024-10-06,4.83,4.1,315.454,2.8,1.57,19.21,102.2805,21221.2,2787.2908,5751.07
2024-10-07,4.83,4.1,315.454,2.8,1.54,22.64,102.2805,21221.2,2787.2908,5695.94
2024-10-08,4.83,4.1,315.454,2.8,1.55,21.42,102.2805,21221.2,2787.2908,5751.13
2024-10-09,4.83,4.1,315.454,2.8,1.54,20.86,102.2805,21221.2,2787.2908,5792.04
2024-10-10,4.83,4.1,315.454,2.8,1.54,20.93,102.2805,21221.2,2787.2908,5780.05
2024-10-11,4.83,4.1,315.454,2.8,1.54,20.46,102.2805,21221.2,2787.2908,5815.03
2024-10-12,4.83,4.1,315.454,2.8,1.54,20.46,102.2805,21221.2,2787.2908,5815.03
2024-10-13,4.83,4.1,315.454,2.8,1.54,20.46,102.2805,21221.2,2787.2908,5815.03
2024-10-14,4.83,4.1,315.454,2.8,1.54,19.7,102.2805,21221.2,2787.2908,5859.85
2024-10-15,4.83,4.1,315.454,2.8,1.53,20.64,102.2805,21221.2,2787.2908,5815.26
2024-10-16,4.83,4.1,315.454,2.8,1.51,19.58,102.2805,21221.2,2787.2908,5842.47
2024-10-17,4.83,4.1,315.454,2.8,1.53,19.11,102.2805,21221.2,2787.2908,5841.47
2024-10-18,4.83,4.1,315.454,2.8,1.53,18.03,102.2805,21221.2,2787.2908,5864.67
2024-10-19,4.83,4.1,315.454,2.8,1.53,18.03,102.2805,21221.2,2787.2908,5864.67
2024-10-20,4.83,4.1,315.454,2.8,1.53,18.03,102.2805,21221.2,2787.2908,5864.67
2024-10-21,4.83,4.1,315.454,2.8,1.54,18.37,102.2805,21221.2,2787.2908,5853.98
2024-10-22,4.83,4.1,315.454,2.8,1.55,18.2,102.2805,21221.2,2787.2908,5851.2
2024-10-23,4.83,4.1,315.454,2.8,1.54,19.24,102.2805,21221.2,2787.2908,5797.42
2024-10-24,4.83,4.1,315.454,2.8,1.52,19.08,102.2805,21221.2,2787.2908,5809.86
2024-10-25,4.83,4.1,315.454,2.8,1.51,20.33,102.2805,21221.2,2787.2908,5808.12
2024-10-26,4.83,4.1,315.454,2.8,1.51,20.33,102.2805,21221.2,2787.2908,5808.12
2024-10-27,4.83,4.1,315.454,2.8,1.51,20.33,102.2805,21221.2,2787.2908,5808.12
2024-10-28,4.83,4.1,315.454,2.8,1.51,19.8,102.2805,21221.2,2787.2908,5823.52
2024-10-29,4.83,4.1,315.454,2.8,1.49,19.34,102.2805,21221.2,2787.2908,5832.92
2024-10-30,4.83,4.1,315.454,2.8,1.44,20.35,102.2805,21221.2,2787.2908,5813.67
2024-10-31,4.83,4.1,315.454,2.8,1.46,23.16,102.2805,21221.2,2787.2908,5705.45
2024-11-01,4.83,4.1,315.454,2.8,1.46,21.88,102.2805,21221.2,2787.2908,5728.8
2024-11-02,4.83,4.1,315.454,2.8,1.46,21.88,102.2805,21221.2,2787.2908,5728.8
2024-11-03,4.83,4.1,315.454,2.8,1.46,21.88,102.2805,21221.2,2787.2908,5728.8
2024-11-04,4.83,4.1,315.454,2.8,1.46,21.98,102.2805,21221.2,2787.2908,5712.69
2024-11-05,4.83,4.1,315.454,2.8,1.45,20.49,102.2805,21221.2,2787.2908,5782.76
2024-11-06,4.83,4.1,315.454,2.8,1.4,16.27,102.2805,21221.2,2787.2908,5929.04
2024-11-07,4.83,4.1,315.454,2.8,1.44,15.2,102.2805,21221.2,2787.2908,5973.1
2024-11-08,4.58,4.1,315.454,2.8,1.38,14.94,102.2805,21221.2,2787.2908,5995.54
2024-11-09,4.58,4.1,315.454,2.8,1.38,14.94,102.2805,21221.2,2787.2908,5995.54
2024-11-10,4.58,4.1,315.454,2.8,1.38,14.94,102.2805,21221.2,2787.2908,5995.54
2024-11-11,4.58,4.1,315.454,2.8,1.38,14.97,102.2805,21221.2,2787.2908,6001.35
2024-11-12,4.58,4.1,315.454,2.8,1.36,14.71,102.2805,21221.2,2787.2908,5983.99
2024-11-13,4.58,4.1,315.454,2.8,1.41,14.02,102.2805,21221.2,2787.2908,5985.38
2024-11-14,4.58,4.1,315.454,2.8,1.39,14.31,102.2805,21221.2,2787.2908,5949.17
2024-11-15,4.58,4.1,315.454,2.8,1.41,16.14,102.2805,21221.2,2787.2908,5870.62
2024-11-16,4.58,4.1,315.454,2.8,1.41,16.14,102.2805,21221.2,2787.2908,5870.62
2024-11-17,4.58,4.1,315.454,2.8,1.41,16.14,102.2805,21221.2,2787.2908,5870.62
2024-11-18,4.58,4.1,315.454,2.8,1.42,15.58,102.2805,21221.2,2787.2908,5893.62
2024-11-19,4.58,4.1,315.454,2.8,1.42,16.35,102.2805,21221.2,2787.2908,5916.98
2024-11-20,4.58,4.1,315.454,2.8,1.43,17.16,102.2805,21221.2,2787.2908,5917.11
2024-11-21,4.58,4.1,315.454,2.8,1.43,16.87,102.2805,21221.2,2787.2908,5948.71
2024-11-22,4.58,4.1,315.454,2.8,1.43,16.87,102.2805,21221.2,2787.2908,5969.34
