Date,consumer_spending,retail_sales,import_prices,unemployment_rate,consumer_sentiment,crude_oil_prices,interest_rate,global_trade_volume,gdp_growth
2022-01-01,17175.105,644034.0,140.1,4.0,67.2,75.99,0.07,11408.197854,-1.0
2022-01-02,17175.105,644034.0,140.1,4.0,67.2,75.99,0.07,11408.197854,-1.0
2022-01-03,17175.105,644034.0,140.1,4.0,67.2,75.99,0.08,11408.197854,-1.0
2022-01-04,17175.105,644034.0,140.1,4.0,67.2,77.0,0.08,11408.197854,-1.0
2022-01-05,17175.105,644034.0,140.1,4.0,67.2,77.83,0.08,11408.197854,-1.0
2022-01-06,17175.105,644034.0,140.1,4.0,67.2,79.47,0.08,11408.197854,-1.0
2022-01-07,17175.105,644034.0,140.1,4.0,67.2,79.0,0.08,11408.197854,-1.0
2022-01-08,17175.105,644034.0,140.1,4.0,67.2,79.0,0.08,11408.197854,-1.0
2022-01-09,17175.105,644034.0,140.1,4.0,67.2,79.0,0.08,11408.197854,-1.0
2022-01-10,17175.105,644034.0,140.1,4.0,67.2,78.11,0.08,11408.197854,-1.0
2022-01-11,17175.105,644034.0,140.1,4.0,67.2,81.17,0.08,11408.197854,-1.0
2022-01-12,17175.105,644034.0,140.1,4.0,67.2,82.51,0.08,11408.197854,-1.0
2022-01-13,17175.105,644034.0,140.1,4.0,67.2,81.97,0.08,11408.197854,-1.0
2022-01-14,17175.105,644034.0,140.1,4.0,67.2,83.82,0.08,11408.197854,-1.0
2022-01-15,17175.105,644034.0,140.1,4.0,67.2,83.82,0.08,11408.197854,-1.0
2022-01-16,17175.105,644034.0,140.1,4.0,67.2,83.82,0.08,11408.197854,-1.0
2022-01-17,17175.105,644034.0,140.1,4.0,67.2,83.82,0.08,11408.197854,-1.0
2022-01-18,17175.105,644034.0,140.1,4.0,67.2,85.42,0.08,11408.197854,-1.0
2022-01-19,17175.105,644034.0,140.1,4.0,67.2,86.84,0.08,11408.197854,-1.0
2022-01-20,17175.105,644034.0,140.1,4.0,67.2,86.29,0.08,11408.197854,-1.0
2022-01-21,17175.105,644034.0,140.1,4.0,67.2,85.16,0.08,11408.197854,-1.0
2022-01-22,17175.105,644034.0,140.1,4.0,67.2,85.16,0.08,11408.197854,-1.0
2022-01-23,17175.105,644034.0,140.1,4.0,67.2,85.16,0.08,11408.197854,-1.0
2022-01-24,17175.105,644034.0,140.1,4.0,67.2,84.48,0.08,11408.197854,-1.0
2022-01-25,17175.105,644034.0,140.1,4.0,67.2,86.61,0.08,11408.197854,-1.0
2022-01-26,17175.105,644034.0,140.1,4.0,67.2,88.33,0.08,11408.197854,-1.0
2022-01-27,17175.105,644034.0,140.1,4.0,67.2,87.61,0.08,11408.197854,-1.0
2022-01-28,17175.105,644034.0,140.1,4.0,67.2,87.67,0.08,11408.197854,-1.0
2022-01-29,17175.105,644034.0,140.1,4.0,67.2,87.67,0.08,11408.197854,-1.0
2022-01-30,17175.105,644034.0,140.1,4.0,67.2,87.67,0.08,11408.197854,-1.0
2022-01-31,17175.105,644034.0,140.1,4.0,67.2,89.16,0.08,11408.197854,-1.0
2022-02-01,17175.105,650522.0,142.6,3.8,62.8,88.22,0.08,11613.27512,-1.0
2022-02-02,17175.105,650522.0,142.6,3.8,62.8,88.16,0.08,11613.27512,-1.0
2022-02-03,17175.105,650522.0,142.6,3.8,62.8,90.17,0.08,11613.27512,-1.0
2022-02-04,17175.105,650522.0,142.6,3.8,62.8,92.27,0.08,11613.27512,-1.0
2022-02-05,17175.105,650522.0,142.6,3.8,62.8,92.27,0.08,11613.27512,-1.0
2022-02-06,17175.105,650522.0,142.6,3.8,62.8,92.27,0.08,11613.27512,-1.0
2022-02-07,17175.105,650522.0,142.6,3.8,62.8,91.25,0.08,11613.27512,-1.0
2022-02-08,17175.105,650522.0,142.6,3.8,62.8,89.32,0.08,11613.27512,-1.0
2022-02-09,17175.105,650522.0,142.6,3.8,62.8,89.57,0.08,11613.27512,-1.0
2022-02-10,17175.105,650522.0,142.6,3.8,62.8,89.83,0.08,11613.27512,-1.0
2022-02-11,17175.105,650522.0,142.6,3.8,62.8,93.1,0.08,11613.27512,-1.0
2022-02-12,17175.105,650522.0,142.6,3.8,62.8,93.1,0.08,11613.27512,-1.0
2022-02-13,17175.105,650522.0,142.6,3.8,62.8,93.1,0.08,11613.27512,-1.0
2022-02-14,17175.105,650522.0,142.6,3.8,62.8,95.52,0.08,11613.27512,-1.0
2022-02-15,17175.105,650522.0,142.6,3.8,62.8,92.07,0.08,11613.27512,-1.0
2022-02-16,17175.105,650522.0,142.6,3.8,62.8,93.83,0.08,11613.27512,-1.0
2022-02-17,17175.105,650522.0,142.6,3.8,62.8,91.78,0.08,11613.27512,-1.0
2022-02-18,17175.105,650522.0,142.6,3.8,62.8,91.26,0.08,11613.27512,-1.0
2022-02-19,17175.105,650522.0,142.6,3.8,62.8,91.26,0.08,11613.27512,-1.0
2022-02-20,17175.105,650522.0,142.6,3.8,62.8,91.26,0.08,11613.27512,-1.0
2022-02-21,17175.105,650522.0,142.6,3.8,62.8,91.26,0.08,11613.27512,-1.0
2022-02-22,17175.105,650522.0,142.6,3.8,62.8,92.11,0.08,11613.27512,-1.0
2022-02-23,17175.105,650522.0,142.6,3.8,62.8,92.14,0.08,11613.27512,-1.0
2022-02-24,17175.105,650522.0,142.6,3.8,62.8,92.77,0.08,11613.27512,-1.0
2022-02-25,17175.105,650522.0,142.6,3.8,62.8,91.68,0.08,11613.27512,-1.0
2022-02-26,17175.105,650522.0,142.6,3.8,62.8,91.68,0.08,11613.27512,-1.0
2022-02-27,17175.105,650522.0,142.6,3.8,62.8,91.68,0.08,11613.27512,-1.0
2022-02-28,17175.105,650522.0,142.6,3.8,62.8,96.13,0.08,11613.27512,-1.0
2022-03-01,17175.105,664167.0,146.8,3.6,59.4,103.66,0.08,13619.382074,-1.0
2022-03-02,17175.105,664167.0,146.8,3.6,59.4,110.74,0.08,13619.382074,-1.0
2022-03-03,17175.105,664167.0,146.8,3.6,59.4,107.69,0.08,13619.382074,-1.0
2022-03-04,17175.105,664167.0,146.8,3.6,59.4,115.77,0.08,13619.382074,-1.0
2022-03-05,17175.105,664167.0,146.8,3.6,59.4,115.77,0.08,13619.382074,-1.0
2022-03-06,17175.105,664167.0,146.8,3.6,59.4,115.77,0.08,13619.382074,-1.0
2022-03-07,17175.105,664167.0,146.8,3.6,59.4,119.26,0.08,13619.382074,-1.0
2022-03-08,17175.105,664167.0,146.8,3.6,59.4,123.64,0.08,13619.382074,-1.0
2022-03-09,17175.105,664167.0,146.8,3.6,59.4,108.81,0.08,13619.382074,-1.0
2022-03-10,17175.105,664167.0,146.8,3.6,59.4,105.93,0.08,13619.382074,-1.0
2022-03-11,17175.105,664167.0,146.8,3.6,59.4,109.31,0.08,13619.382074,-1.0
2022-03-12,17175.105,664167.0,146.8,3.6,59.4,109.31,0.08,13619.382074,-1.0
2022-03-13,17175.105,664167.0,146.8,3.6,59.4,109.31,0.08,13619.382074,-1.0
2022-03-14,17175.105,664167.0,146.8,3.6,59.4,103.22,0.08,13619.382074,-1.0
2022-03-15,17175.105,664167.0,146.8,3.6,59.4,96.42,0.08,13619.382074,-1.0
2022-03-16,17175.105,664167.0,146.8,3.6,59.4,94.85,0.08,13619.382074,-1.0
2022-03-17,17175.105,664167.0,146.8,3.6,59.4,102.97,0.33,13619.382074,-1.0
2022-03-18,17175.105,664167.0,146.8,3.6,59.4,104.69,0.33,13619.382074,-1.0
2022-03-19,17175.105,664167.0,146.8,3.6,59.4,104.69,0.33,13619.382074,-1.0
2022-03-20,17175.105,664167.0,146.8,3.6,59.4,104.69,0.33,13619.382074,-1.0
2022-03-21,17175.105,664167.0,146.8,3.6,59.4,112.14,0.33,13619.382074,-1.0
2022-03-22,17175.105,664167.0,146.8,3.6,59.4,111.03,0.33,13619.382074,-1.0
2022-03-23,17175.105,664167.0,146.8,3.6,59.4,114.89,0.33,13619.382074,-1.0
2022-03-24,17175.105,664167.0,146.8,3.6,59.4,114.2,0.33,13619.382074,-1.0
2022-03-25,17175.105,664167.0,146.8,3.6,59.4,116.2,0.33,13619.382074,-1.0
2022-03-26,17175.105,664167.0,146.8,3.6,59.4,116.2,0.33,13619.382074,-1.0
2022-03-27,17175.105,664167.0,146.8,3.6,59.4,116.2,0.33,13619.382074,-1.0
2022-03-28,17175.105,664167.0,146.8,3.6,59.4,107.55,0.33,13619.382074,-1.0
2022-03-29,17175.105,664167.0,146.8,3.6,59.4,104.25,0.33,13619.382074,-1.0
2022-03-30,17175.105,664167.0,146.8,3.6,59.4,107.81,0.33,13619.382074,-1.0
2022-03-31,17175.105,664167.0,146.8,3.6,59.4,100.53,0.33,13619.382074,-1.0
2022-04-01,17603.753,673245.0,147.5,3.7,65.2,99.32,0.33,11347.405351,0.3
2022-04-02,17603.753,673245.0,147.5,3.7,65.2,99.32,0.33,11347.405351,0.3
2022-04-03,17603.753,673245.0,147.5,3.7,65.2,99.32,0.33,11347.405351,0.3
2022-04-04,17603.753,673245.0,147.5,3.7,65.2,103.29,0.33,11347.405351,0.3
2022-04-05,17603.753,673245.0,147.5,3.7,65.2,101.98,0.33,11347.405351,0.3
2022-04-06,17603.753,673245.0,147.5,3.7,65.2,96.39,0.33,11347.405351,0.3
2022-04-07,17603.753,673245.0,147.5,3.7,65.2,96.05,0.33,11347.405351,0.3
2022-04-08,17603.753,673245.0,147.5,3.7,65.2,98.35,0.33,11347.405351,0.3
2022-04-09,17603.753,673245.0,147.5,3.7,65.2,98.35,0.33,11347.405351,0.3
2022-04-10,17603.753,673245.0,147.5,3.7,65.2,98.35,0.33,11347.405351,0.3
2022-04-11,17603.753,673245.0,147.5,3.7,65.2,94.22,0.33,11347.405351,0.3
2022-04-12,17603.753,673245.0,147.5,3.7,65.2,100.52,0.33,11347.405351,0.3
2022-04-13,17603.753,673245.0,147.5,3.7,65.2,104.26,0.33,11347.405351,0.3
2022-04-14,17603.753,673245.0,147.5,3.7,65.2,106.84,0.33,11347.405351,0.3
2022-04-15,17603.753,673245.0,147.5,3.7,65.2,106.84,0.33,11347.405351,0.3
2022-04-16,17603.753,673245.0,147.5,3.7,65.2,106.84,0.33,11347.405351,0.3
2022-04-17,17603.753,673245.0,147.5,3.7,65.2,106.84,0.33,11347.405351,0.3
2022-04-18,17603.753,673245.0,147.5,3.7,65.2,108.24,0.33,11347.405351,0.3
2022-04-19,17603.753,673245.0,147.5,3.7,65.2,102.54,0.33,11347.405351,0.3
2022-04-20,17603.753,673245.0,147.5,3.7,65.2,102.56,0.33,11347.405351,0.3
2022-04-21,17603.753,673245.0,147.5,3.7,65.2,103.89,0.33,11347.405351,0.3
2022-04-22,17603.753,673245.0,147.5,3.7,65.2,102.86,0.33,11347.405351,0.3
2022-04-23,17603.753,673245.0,147.5,3.7,65.2,102.86,0.33,11347.405351,0.3
2022-04-24,17603.753,673245.0,147.5,3.7,65.2,102.86,0.33,11347.405351,0.3
2022-04-25,17603.753,673245.0,147.5,3.7,65.2,99.6,0.33,11347.405351,0.3
2022-04-26,17603.753,673245.0,147.5,3.7,65.2,102.62,0.33,11347.405351,0.3
2022-04-27,17603.753,673245.0,147.5,3.7,65.2,101.96,0.33,11347.405351,0.3
2022-04-28,17603.753,673245.0,147.5,3.7,65.2,105.47,0.33,11347.405351,0.3
2022-04-29,17603.753,673245.0,147.5,3.7,65.2,104.59,0.33,11347.405351,0.3
2022-04-30,17603.753,673245.0,147.5,3.7,65.2,104.59,0.33,11347.405351,0.3
2022-05-01,17603.753,671040.0,148.2,3.6,58.4,104.59,0.33,12304.543146,0.3
2022-05-02,17603.753,671040.0,148.2,3.6,58.4,105.18,0.33,12304.543146,0.3
2022-05-03,17603.753,671040.0,148.2,3.6,58.4,102.53,0.33,12304.543146,0.3
2022-05-04,17603.753,671040.0,148.2,3.6,58.4,107.84,0.33,12304.543146,0.3
2022-05-05,17603.753,671040.0,148.2,3.6,58.4,108.17,0.83,12304.543146,0.3
2022-05-06,17603.753,671040.0,148.2,3.6,58.4,109.72,0.83,12304.543146,0.3
2022-05-07,17603.753,671040.0,148.2,3.6,58.4,109.72,0.83,12304.543146,0.3
2022-05-08,17603.753,671040.0,148.2,3.6,58.4,109.72,0.83,12304.543146,0.3
2022-05-09,17603.753,671040.0,148.2,3.6,58.4,103.08,0.83,12304.543146,0.3
2022-05-10,17603.753,671040.0,148.2,3.6,58.4,99.74,0.83,12304.543146,0.3
2022-05-11,17603.753,671040.0,148.2,3.6,58.4,105.5,0.83,12304.543146,0.3
2022-05-12,17603.753,671040.0,148.2,3.6,58.4,106.15,0.83,12304.543146,0.3
2022-05-13,17603.753,671040.0,148.2,3.6,58.4,110.52,0.83,12304.543146,0.3
2022-05-14,17603.753,671040.0,148.2,3.6,58.4,110.52,0.83,12304.543146,0.3
2022-05-15,17603.753,671040.0,148.2,3.6,58.4,110.52,0.83,12304.543146,0.3
2022-05-16,17603.753,671040.0,148.2,3.6,58.4,114.07,0.83,12304.543146,0.3
2022-05-17,17603.753,671040.0,148.2,3.6,58.4,112.31,0.83,12304.543146,0.3
2022-05-18,17603.753,671040.0,148.2,3.6,58.4,109.67,0.83,12304.543146,0.3
2022-05-19,17603.753,671040.0,148.2,3.6,58.4,112.21,0.83,12304.543146,0.3
2022-05-20,17603.753,671040.0,148.2,3.6,58.4,112.63,0.83,12304.543146,0.3
2022-05-21,17603.753,671040.0,148.2,3.6,58.4,112.63,0.83,12304.543146,0.3
2022-05-22,17603.753,671040.0,148.2,3.6,58.4,112.63,0.83,12304.543146,0.3
2022-05-23,17603.753,671040.0,148.2,3.6,58.4,110.32,0.83,12304.543146,0.3
2022-05-24,17603.753,671040.0,148.2,3.6,58.4,112.55,0.83,12304.543146,0.3
2022-05-25,17603.753,671040.0,148.2,3.6,58.4,112.88,0.83,12304.543146,0.3
2022-05-26,17603.753,671040.0,148.2,3.6,58.4,116.19,0.83,12304.543146,0.3
2022-05-27,17603.753,671040.0,148.2,3.6,58.4,114.96,0.83,12304.543146,0.3
2022-05-28,17603.753,671040.0,148.2,3.6,58.4,114.96,0.83,12304.543146,0.3
2022-05-29,17603.753,671040.0,148.2,3.6,58.4,114.96,0.83,12304.543146,0.3
2022-05-30,17603.753,671040.0,148.2,3.6,58.4,114.96,0.83,12304.543146,0.3
2022-05-31,17603.753,671040.0,148.2,3.6,58.4,114.38,0.83,12304.543146,0.3
2022-06-01,17603.753,675702.0,148.5,3.6,50.0,115.26,0.83,11590.948434,0.3
2022-06-02,17603.753,675702.0,148.5,3.6,50.0,116.88,0.83,11590.948434,0.3
2022-06-03,17603.753,675702.0,148.5,3.6,50.0,118.97,0.83,11590.948434,0.3
2022-06-04,17603.753,675702.0,148.5,3.6,50.0,118.97,0.83,11590.948434,0.3
2022-06-05,17603.753,675702.0,148.5,3.6,50.0,118.97,0.83,11590.948434,0.3
2022-06-06,17603.753,675702.0,148.5,3.6,50.0,118.41,0.83,11590.948434,0.3
2022-06-07,17603.753,675702.0,148.5,3.6,50.0,119.55,0.83,11590.948434,0.3
2022-06-08,17603.753,675702.0,148.5,3.6,50.0,121.94,0.83,11590.948434,0.3
2022-06-09,17603.753,675702.0,148.5,3.6,50.0,121.52,0.83,11590.948434,0.3
2022-06-10,17603.753,675702.0,148.5,3.6,50.0,120.73,0.83,11590.948434,0.3
2022-06-11,17603.753,675702.0,148.5,3.6,50.0,120.73,0.83,11590.948434,0.3
2022-06-12,17603.753,675702.0,148.5,3.6,50.0,120.73,0.83,11590.948434,0.3
2022-06-13,17603.753,675702.0,148.5,3.6,50.0,120.92,0.83,11590.948434,0.3
2022-06-14,17603.753,675702.0,148.5,3.6,50.0,118.92,0.83,11590.948434,0.3
2022-06-15,17603.753,675702.0,148.5,3.6,50.0,115.32,0.83,11590.948434,0.3
2022-06-16,17603.753,675702.0,148.5,3.6,50.0,117.56,1.58,11590.948434,0.3
2022-06-17,17603.753,675702.0,148.5,3.6,50.0,109.56,1.58,11590.948434,0.3
2022-06-18,17603.753,675702.0,148.5,3.6,50.0,109.56,1.58,11590.948434,0.3
2022-06-19,17603.753,675702.0,148.5,3.6,50.0,109.56,1.58,11590.948434,0.3
2022-06-20,17603.753,675702.0,148.5,3.6,50.0,109.56,1.58,11590.948434,0.3
2022-06-21,17603.753,675702.0,148.5,3.6,50.0,110.49,1.58,11590.948434,0.3
2022-06-22,17603.753,675702.0,148.5,3.6,50.0,106.22,1.58,11590.948434,0.3
2022-06-23,17603.753,675702.0,148.5,3.6,50.0,105.75,1.58,11590.948434,0.3
2022-06-24,17603.753,675702.0,148.5,3.6,50.0,109.07,1.58,11590.948434,0.3
2022-06-25,17603.753,675702.0,148.5,3.6,50.0,109.07,1.58,11590.948434,0.3
2022-06-26,17603.753,675702.0,148.5,3.6,50.0,109.07,1.58,11590.948434,0.3
2022-06-27,17603.753,675702.0,148.5,3.6,50.0,111.44,1.58,11590.948434,0.3
2022-06-28,17603.753,675702.0,148.5,3.6,50.0,113.66,1.58,11590.948434,0.3
2022-06-29,17603.753,675702.0,148.5,3.6,50.0,111.65,1.58,11590.948434,0.3
2022-06-30,17603.753,675702.0,148.5,3.6,50.0,107.76,1.58,11590.948434,0.3
2022-07-01,17876.234,671067.0,146.4,3.5,51.5,110.3,1.58,12397.670112,2.7
2022-07-02,17876.234,671067.0,146.4,3.5,51.5,110.3,1.58,12397.670112,2.7
2022-07-03,17876.234,671067.0,146.4,3.5,51.5,110.3,1.58,12397.670112,2.7
2022-07-04,17876.234,671067.0,146.4,3.5,51.5,110.3,1.58,12397.670112,2.7
2022-07-05,17876.234,671067.0,146.4,3.5,51.5,101.55,1.58,12397.670112,2.7
2022-07-06,17876.234,671067.0,146.4,3.5,51.5,100.31,1.58,12397.670112,2.7
2022-07-07,17876.234,671067.0,146.4,3.5,51.5,104.62,1.58,12397.670112,2.7
2022-07-08,17876.234,671067.0,146.4,3.5,51.5,106.78,1.58,12397.670112,2.7
2022-07-09,17876.234,671067.0,146.4,3.5,51.5,106.78,1.58,12397.670112,2.7
2022-07-10,17876.234,671067.0,146.4,3.5,51.5,106.78,1.58,12397.670112,2.7
2022-07-11,17876.234,671067.0,146.4,3.5,51.5,106.09,1.58,12397.670112,2.7
2022-07-12,17876.234,671067.0,146.4,3.5,51.5,97.69,1.58,12397.670112,2.7
2022-07-13,17876.234,671067.0,146.4,3.5,51.5,98.44,1.58,12397.670112,2.7
2022-07-14,17876.234,671067.0,146.4,3.5,51.5,97.79,1.58,12397.670112,2.7
2022-07-15,17876.234,671067.0,146.4,3.5,51.5,99.59,1.58,12397.670112,2.7
2022-07-16,17876.234,671067.0,146.4,3.5,51.5,99.59,1.58,12397.670112,2.7
2022-07-17,17876.234,671067.0,146.4,3.5,51.5,99.59,1.58,12397.670112,2.7
2022-07-18,17876.234,671067.0,146.4,3.5,51.5,104.48,1.58,12397.670112,2.7
2022-07-19,17876.234,671067.0,146.4,3.5,51.5,106.12,1.58,12397.670112,2.7
2022-07-20,17876.234,671067.0,146.4,3.5,51.5,104.45,1.58,12397.670112,2.7
2022-07-21,17876.234,671067.0,146.4,3.5,51.5,98.44,1.58,12397.670112,2.7
2022-07-22,17876.234,671067.0,146.4,3.5,51.5,97.71,1.58,12397.670112,2.7
2022-07-23,17876.234,671067.0,146.4,3.5,51.5,97.71,1.58,12397.670112,2.7
2022-07-24,17876.234,671067.0,146.4,3.5,51.5,97.71,1.58,12397.670112,2.7
2022-07-25,17876.234,671067.0,146.4,3.5,51.5,99.83,1.58,12397.670112,2.7
2022-07-26,17876.234,671067.0,146.4,3.5,51.5,97.74,1.58,12397.670112,2.7
2022-07-27,17876.234,671067.0,146.4,3.5,51.5,100.03,1.58,12397.670112,2.7
2022-07-28,17876.234,671067.0,146.4,3.5,51.5,99.11,2.33,12397.670112,2.7
2022-07-29,17876.234,671067.0,146.4,3.5,51.5,101.31,2.32,12397.670112,2.7
2022-07-30,17876.234,671067.0,146.4,3.5,51.5,101.31,2.32,12397.670112,2.7
2022-07-31,17876.234,671067.0,146.4,3.5,51.5,101.31,2.32,12397.670112,2.7
2022-08-01,17876.234,675107.0,144.6,3.6,58.2,96.59,2.33,12875.39317,2.7
2022-08-02,17876.234,675107.0,144.6,3.6,58.2,97.14,2.33,12875.39317,2.7
2022-08-03,17876.234,675107.0,144.6,3.6,58.2,93.25,2.33,12875.39317,2.7
2022-08-04,17876.234,675107.0,144.6,3.6,58.2,91.29,2.33,12875.39317,2.7
2022-08-05,17876.234,675107.0,144.6,3.6,58.2,91.77,2.33,12875.39317,2.7
2022-08-06,17876.234,675107.0,144.6,3.6,58.2,91.77,2.33,12875.39317,2.7
2022-08-07,17876.234,675107.0,144.6,3.6,58.2,91.77,2.33,12875.39317,2.7
2022-08-08,17876.234,675107.0,144.6,3.6,58.2,93.52,2.33,12875.39317,2.7
2022-08-09,17876.234,675107.0,144.6,3.6,58.2,93.18,2.33,12875.39317,2.7
2022-08-10,17876.234,675107.0,144.6,3.6,58.2,94.68,2.33,12875.39317,2.7
2022-08-11,17876.234,675107.0,144.6,3.6,58.2,97.02,2.33,12875.39317,2.7
2022-08-12,17876.234,675107.0,144.6,3.6,58.2,94.86,2.33,12875.39317,2.7
2022-08-13,17876.234,675107.0,144.6,3.6,58.2,94.86,2.33,12875.39317,2.7
2022-08-14,17876.234,675107.0,144.6,3.6,58.2,94.86,2.33,12875.39317,2.7
2022-08-15,17876.234,675107.0,144.6,3.6,58.2,92.24,2.33,12875.39317,2.7
2022-08-16,17876.234,675107.0,144.6,3.6,58.2,89.23,2.33,12875.39317,2.7
2022-08-17,17876.234,675107.0,144.6,3.6,58.2,90.85,2.33,12875.39317,2.7
2022-08-18,17876.234,675107.0,144.6,3.6,58.2,93.2,2.33,12875.39317,2.7
2022-08-19,17876.234,675107.0,144.6,3.6,58.2,93.55,2.33,12875.39317,2.7
2022-08-20,17876.234,675107.0,144.6,3.6,58.2,93.55,2.33,12875.39317,2.7
2022-08-21,17876.234,675107.0,144.6,3.6,58.2,93.55,2.33,12875.39317,2.7
2022-08-22,17876.234,675107.0,144.6,3.6,58.2,93.42,2.33,12875.39317,2.7
2022-08-23,17876.234,675107.0,144.6,3.6,58.2,96.46,2.33,12875.39317,2.7
2022-08-24,17876.234,675107.0,144.6,3.6,58.2,95.52,2.33,12875.39317,2.7
2022-08-25,17876.234,675107.0,144.6,3.6,58.2,93.33,2.33,12875.39317,2.7
2022-08-26,17876.234,675107.0,144.6,3.6,58.2,93.63,2.33,12875.39317,2.7
2022-08-27,17876.234,675107.0,144.6,3.6,58.2,93.63,2.33,12875.39317,2.7
2022-08-28,17876.234,675107.0,144.6,3.6,58.2,93.63,2.33,12875.39317,2.7
2022-08-29,17876.234,675107.0,144.6,3.6,58.2,97.4,2.33,12875.39317,2.7
2022-08-30,17876.234,675107.0,144.6,3.6,58.2,92.08,2.33,12875.39317,2.7
2022-08-31,17876.234,675107.0,144.6,3.6,58.2,90.09,2.33,12875.39317,2.7
2022-09-01,17876.234,673312.0,143.1,3.5,58.6,87.09,2.33,11870.389024,2.7
2022-09-02,17876.234,673312.0,143.1,3.5,58.6,87.29,2.33,11870.389024,2.7
2022-09-03,17876.234,673312.0,143.1,3.5,58.6,87.29,2.33,11870.389024,2.7
2022-09-04,17876.234,673312.0,143.1,3.5,58.6,87.29,2.33,11870.389024,2.7
2022-09-05,17876.234,673312.0,143.1,3.5,58.6,87.29,2.33,11870.389024,2.7
2022-09-06,17876.234,673312.0,143.1,3.5,58.6,87.35,2.33,11870.389024,2.7
2022-09-07,17876.234,673312.0,143.1,3.5,58.6,82.5,2.33,11870.389024,2.7
2022-09-08,17876.234,673312.0,143.1,3.5,58.6,84.04,2.33,11870.389024,2.7
2022-09-09,17876.234,673312.0,143.1,3.5,58.6,87.27,2.33,11870.389024,2.7
2022-09-10,17876.234,673312.0,143.1,3.5,58.6,87.27,2.33,11870.389024,2.7
2022-09-11,17876.234,673312.0,143.1,3.5,58.6,87.27,2.33,11870.389024,2.7
2022-09-12,17876.234,673312.0,143.1,3.5,58.6,88.18,2.33,11870.389024,2.7
2022-09-13,17876.234,673312.0,143.1,3.5,58.6,87.84,2.33,11870.389024,2.7
2022-09-14,17876.234,673312.0,143.1,3.5,58.6,88.88,2.33,11870.389024,2.7
2022-09-15,17876.234,673312.0,143.1,3.5,58.6,85.72,2.33,11870.389024,2.7
2022-09-16,17876.234,673312.0,143.1,3.5,58.6,85.57,2.33,11870.389024,2.7
2022-09-17,17876.234,673312.0,143.1,3.5,58.6,85.57,2.33,11870.389024,2.7
2022-09-18,17876.234,673312.0,143.1,3.5,58.6,85.57,2.33,11870.389024,2.7
2022-09-19,17876.234,673312.0,143.1,3.5,58.6,86.15,2.33,11870.389024,2.7
2022-09-20,17876.234,673312.0,143.1,3.5,58.6,84.69,2.33,11870.389024,2.7
2022-09-21,17876.234,673312.0,143.1,3.5,58.6,83.38,2.33,11870.389024,2.7
2022-09-22,17876.234,673312.0,143.1,3.5,58.6,84.02,3.08,11870.389024,2.7
2022-09-23,17876.234,673312.0,143.1,3.5,58.6,79.07,3.08,11870.389024,2.7
2022-09-24,17876.234,673312.0,143.1,3.5,58.6,79.07,3.08,11870.389024,2.7
2022-09-25,17876.234,673312.0,143.1,3.5,58.6,79.07,3.08,11870.389024,2.7
2022-09-26,17876.234,673312.0,143.1,3.5,58.6,77.17,3.08,11870.389024,2.7
2022-09-27,17876.234,673312.0,143.1,3.5,58.6,78.91,3.08,11870.389024,2.7
2022-09-28,17876.234,673312.0,143.1,3.5,58.6,82.61,3.08,11870.389024,2.7
2022-09-29,17876.234,673312.0,143.1,3.5,58.6,81.78,3.08,11870.389024,2.7
2022-09-30,17876.234,673312.0,143.1,3.5,58.6,79.91,3.08,11870.389024,2.7
2022-10-01,18108.27,681748.0,142.7,3.6,59.9,79.91,3.08,15700.29175,3.4
2022-10-02,18108.27,681748.0,142.7,3.6,59.9,79.91,3.08,15700.29175,3.4
2022-10-03,18108.27,681748.0,142.7,3.6,59.9,84.05,3.08,15700.29175,3.4
2022-10-04,18108.27,681748.0,142.7,3.6,59.9,86.87,3.08,15700.29175,3.4
2022-10-05,18108.27,681748.0,142.7,3.6,59.9,88.22,3.08,15700.29175,3.4
2022-10-06,18108.27,681748.0,142.7,3.6,59.9,88.9,3.08,15700.29175,3.4
2022-10-07,18108.27,681748.0,142.7,3.6,59.9,93.07,3.08,15700.29175,3.4
2022-10-08,18108.27,681748.0,142.7,3.6,59.9,93.07,3.08,15700.29175,3.4
2022-10-09,18108.27,681748.0,142.7,3.6,59.9,93.07,3.08,15700.29175,3.4
2022-10-10,18108.27,681748.0,142.7,3.6,59.9,91.6,3.08,15700.29175,3.4
2022-10-11,18108.27,681748.0,142.7,3.6,59.9,89.75,3.08,15700.29175,3.4
2022-10-12,18108.27,681748.0,142.7,3.6,59.9,87.83,3.08,15700.29175,3.4
2022-10-13,18108.27,681748.0,142.7,3.6,59.9,89.59,3.08,15700.29175,3.4
2022-10-14,18108.27,681748.0,142.7,3.6,59.9,86.1,3.08,15700.29175,3.4
2022-10-15,18108.27,681748.0,142.7,3.6,59.9,86.1,3.08,15700.29175,3.4
2022-10-16,18108.27,681748.0,142.7,3.6,59.9,86.1,3.08,15700.29175,3.4
2022-10-17,18108.27,681748.0,142.7,3.6,59.9,86.0,3.08,15700.29175,3.4
2022-10-18,18108.27,681748.0,142.7,3.6,59.9,83.29,3.08,15700.29175,3.4
2022-10-19,18108.27,681748.0,142.7,3.6,59.9,86.0,3.08,15700.29175,3.4
2022-10-20,18108.27,681748.0,142.7,3.6,59.9,86.02,3.08,15700.29175,3.4
2022-10-21,18108.27,681748.0,142.7,3.6,59.9,85.47,3.08,15700.29175,3.4
2022-10-22,18108.27,681748.0,142.7,3.6,59.9,85.47,3.08,15700.29175,3.4
2022-10-23,18108.27,681748.0,142.7,3.6,59.9,85.47,3.08,15700.29175,3.4
2022-10-24,18108.27,681748.0,142.7,3.6,59.9,86.12,3.08,15700.29175,3.4
2022-10-25,18108.27,681748.0,142.7,3.6,59.9,86.93,3.08,15700.29175,3.4
2022-10-26,18108.27,681748.0,142.7,3.6,59.9,89.39,3.08,15700.29175,3.4
2022-10-27,18108.27,681748.0,142.7,3.6,59.9,89.06,3.08,15700.29175,3.4
2022-10-28,18108.27,681748.0,142.7,3.6,59.9,87.85,3.08,15700.29175,3.4
2022-10-29,18108.27,681748.0,142.7,3.6,59.9,87.85,3.08,15700.29175,3.4
2022-10-30,18108.27,681748.0,142.7,3.6,59.9,87.85,3.08,15700.29175,3.4
2022-10-31,18108.27,681748.0,142.7,3.6,59.9,86.54,3.08,15700.29175,3.4
2022-11-01,18108.27,673674.0,141.6,3.6,56.7,88.36,3.08,15785.77438,3.4
2022-11-02,18108.27,673674.0,141.6,3.6,56.7,90.06,3.08,15785.77438,3.4
2022-11-03,18108.27,673674.0,141.6,3.6,56.7,88.14,3.83,15785.77438,3.4
2022-11-04,18108.27,673674.0,141.6,3.6,56.7,92.58,3.83,15785.77438,3.4
2022-11-05,18108.27,673674.0,141.6,3.6,56.7,92.58,3.83,15785.77438,3.4
2022-11-06,18108.27,673674.0,141.6,3.6,56.7,92.58,3.83,15785.77438,3.4
2022-11-07,18108.27,673674.0,141.6,3.6,56.7,91.8,3.83,15785.77438,3.4
2022-11-08,18108.27,673674.0,141.6,3.6,56.7,88.8,3.83,15785.77438,3.4
2022-11-09,18108.27,673674.0,141.6,3.6,56.7,85.79,3.83,15785.77438,3.4
2022-11-10,18108.27,673674.0,141.6,3.6,56.7,86.52,3.83,15785.77438,3.4
2022-11-11,18108.27,673674.0,141.6,3.6,56.7,89.14,3.83,15785.77438,3.4
2022-11-12,18108.27,673674.0,141.6,3.6,56.7,89.14,3.83,15785.77438,3.4
2022-11-13,18108.27,673674.0,141.6,3.6,56.7,89.14,3.83,15785.77438,3.4
2022-11-14,18108.27,673674.0,141.6,3.6,56.7,85.85,3.83,15785.77438,3.4
2022-11-15,18108.27,673674.0,141.6,3.6,56.7,86.87,3.83,15785.77438,3.4
2022-11-16,18108.27,673674.0,141.6,3.6,56.7,85.62,3.83,15785.77438,3.4
2022-11-17,18108.27,673674.0,141.6,3.6,56.7,81.69,3.83,15785.77438,3.4
2022-11-18,18108.27,673674.0,141.6,3.6,56.7,80.07,3.83,15785.77438,3.4
2022-11-19,18108.27,673674.0,141.6,3.6,56.7,80.07,3.83,15785.77438,3.4
2022-11-20,18108.27,673674.0,141.6,3.6,56.7,80.07,3.83,15785.77438,3.4
2022-11-21,18108.27,673674.0,141.6,3.6,56.7,79.74,3.83,15785.77438,3.4
2022-11-22,18108.27,673674.0,141.6,3.6,56.7,80.83,3.83,15785.77438,3.4
2022-11-23,18108.27,673674.0,141.6,3.6,56.7,77.93,3.83,15785.77438,3.4
2022-11-24,18108.27,673674.0,141.6,3.6,56.7,77.93,3.83,15785.77438,3.4
2022-11-25,18108.27,673674.0,141.6,3.6,56.7,76.45,3.83,15785.77438,3.4
2022-11-26,18108.27,673674.0,141.6,3.6,56.7,76.45,3.83,15785.77438,3.4
2022-11-27,18108.27,673674.0,141.6,3.6,56.7,76.45,3.83,15785.77438,3.4
2022-11-28,18108.27,673674.0,141.6,3.6,56.7,77.1,3.83,15785.77438,3.4
2022-11-29,18108.27,673674.0,141.6,3.6,56.7,77.96,3.83,15785.77438,3.4
2022-11-30,18108.27,673674.0,141.6,3.6,56.7,80.48,3.83,15785.77438,3.4
2022-12-01,18108.27,666734.0,141.8,3.5,59.8,81.06,3.83,13612.177365,3.4
2022-12-02,18108.27,666734.0,141.8,3.5,59.8,79.86,3.83,13612.177365,3.4
2022-12-03,18108.27,666734.0,141.8,3.5,59.8,79.86,3.83,13612.177365,3.4
2022-12-04,18108.27,666734.0,141.8,3.5,59.8,79.86,3.83,13612.177365,3.4
2022-12-05,18108.27,666734.0,141.8,3.5,59.8,76.83,3.83,13612.177365,3.4
2022-12-06,18108.27,666734.0,141.8,3.5,59.8,74.21,3.83,13612.177365,3.4
2022-12-07,18108.27,666734.0,141.8,3.5,59.8,71.93,3.83,13612.177365,3.4
2022-12-08,18108.27,666734.0,141.8,3.5,59.8,71.3,3.83,13612.177365,3.4
2022-12-09,18108.27,666734.0,141.8,3.5,59.8,71.05,3.83,13612.177365,3.4
2022-12-10,18108.27,666734.0,141.8,3.5,59.8,71.05,3.83,13612.177365,3.4
2022-12-11,18108.27,666734.0,141.8,3.5,59.8,71.05,3.83,13612.177365,3.4
2022-12-12,18108.27,666734.0,141.8,3.5,59.8,72.96,3.83,13612.177365,3.4
2022-12-13,18108.27,666734.0,141.8,3.5,59.8,75.44,3.83,13612.177365,3.4
2022-12-14,18108.27,666734.0,141.8,3.5,59.8,77.14,3.83,13612.177365,3.4
2022-12-15,18108.27,666734.0,141.8,3.5,59.8,75.89,4.33,13612.177365,3.4
2022-12-16,18108.27,666734.0,141.8,3.5,59.8,74.19,4.33,13612.177365,3.4
2022-12-17,18108.27,666734.0,141.8,3.5,59.8,74.19,4.33,13612.177365,3.4
2022-12-18,18108.27,666734.0,141.8,3.5,59.8,74.19,4.33,13612.177365,3.4
2022-12-19,18108.27,666734.0,141.8,3.5,59.8,75.05,4.33,13612.177365,3.4
2022-12-20,18108.27,666734.0,141.8,3.5,59.8,75.92,4.33,13612.177365,3.4
2022-12-21,18108.27,666734.0,141.8,3.5,59.8,78.17,4.33,13612.177365,3.4
2022-12-22,18108.27,666734.0,141.8,3.5,59.8,77.68,4.33,13612.177365,3.4
2022-12-23,18108.27,666734.0,141.8,3.5,59.8,79.57,4.33,13612.177365,3.4
2022-12-24,18108.27,666734.0,141.8,3.5,59.8,79.57,4.33,13612.177365,3.4
2022-12-25,18108.27,666734.0,141.8,3.5,59.8,79.57,4.33,13612.177365,3.4
2022-12-26,18108.27,666734.0,141.8,3.5,59.8,79.57,4.33,13612.177365,3.4
2022-12-27,18108.27,666734.0,141.8,3.5,59.8,79.45,4.33,13612.177365,3.4
2022-12-28,18108.27,666734.0,141.8,3.5,59.8,78.89,4.33,13612.177365,3.4
2022-12-29,18108.27,666734.0,141.8,3.5,59.8,78.43,4.33,13612.177365,3.4
2022-12-30,18108.27,666734.0,141.8,3.5,59.8,80.16,4.33,13612.177365,3.4
2022-12-31,18108.27,666734.0,141.8,3.5,59.8,80.16,4.33,13612.177365,3.4
2023-01-01,18506.211,693826.0,141.3,3.4,64.9,80.16,4.33,13042.49124,2.8
2023-01-02,18506.211,693826.0,141.3,3.4,64.9,80.16,4.33,13042.49124,2.8
2023-01-03,18506.211,693826.0,141.3,3.4,64.9,76.87,4.33,13042.49124,2.8
2023-01-04,18506.211,693826.0,141.3,3.4,64.9,72.82,4.33,13042.49124,2.8
2023-01-05,18506.211,693826.0,141.3,3.4,64.9,73.61,4.33,13042.49124,2.8
2023-01-06,18506.211,693826.0,141.3,3.4,64.9,73.77,4.33,13042.49124,2.8
2023-01-07,18506.211,693826.0,141.3,3.4,64.9,73.77,4.33,13042.49124,2.8
2023-01-08,18506.211,693826.0,141.3,3.4,64.9,73.77,4.33,13042.49124,2.8
2023-01-09,18506.211,693826.0,141.3,3.4,64.9,74.69,4.33,13042.49124,2.8
2023-01-10,18506.211,693826.0,141.3,3.4,64.9,75.11,4.33,13042.49124,2.8
2023-01-11,18506.211,693826.0,141.3,3.4,64.9,77.46,4.33,13042.49124,2.8
2023-01-12,18506.211,693826.0,141.3,3.4,64.9,78.32,4.33,13042.49124,2.8
2023-01-13,18506.211,693826.0,141.3,3.4,64.9,79.9,4.33,13042.49124,2.8
2023-01-14,18506.211,693826.0,141.3,3.4,64.9,79.9,4.33,13042.49124,2.8
2023-01-15,18506.211,693826.0,141.3,3.4,64.9,79.9,4.33,13042.49124,2.8
2023-01-16,18506.211,693826.0,141.3,3.4,64.9,79.9,4.33,13042.49124,2.8
2023-01-17,18506.211,693826.0,141.3,3.4,64.9,80.25,4.33,13042.49124,2.8
2023-01-18,18506.211,693826.0,141.3,3.4,64.9,79.53,4.33,13042.49124,2.8
2023-01-19,18506.211,693826.0,141.3,3.4,64.9,80.31,4.33,13042.49124,2.8
2023-01-20,18506.211,693826.0,141.3,3.4,64.9,81.27,4.33,13042.49124,2.8
2023-01-21,18506.211,693826.0,141.3,3.4,64.9,81.27,4.33,13042.49124,2.8
2023-01-22,18506.211,693826.0,141.3,3.4,64.9,81.27,4.33,13042.49124,2.8
2023-01-23,18506.211,693826.0,141.3,3.4,64.9,81.62,4.33,13042.49124,2.8
2023-01-24,18506.211,693826.0,141.3,3.4,64.9,79.86,4.33,13042.49124,2.8
2023-01-25,18506.211,693826.0,141.3,3.4,64.9,79.78,4.33,13042.49124,2.8
2023-01-26,18506.211,693826.0,141.3,3.4,64.9,80.64,4.33,13042.49124,2.8
2023-01-27,18506.211,693826.0,141.3,3.4,64.9,79.73,4.33,13042.49124,2.8
2023-01-28,18506.211,693826.0,141.3,3.4,64.9,79.73,4.33,13042.49124,2.8
2023-01-29,18506.211,693826.0,141.3,3.4,64.9,79.73,4.33,13042.49124,2.8
2023-01-30,18506.211,693826.0,141.3,3.4,64.9,77.97,4.33,13042.49124,2.8
2023-01-31,18506.211,693826.0,141.3,3.4,64.9,78.95,4.33,13042.49124,2.8
2023-02-01,18506.211,686434.0,141.0,3.6,66.9,76.34,4.33,11791.056613,2.8
2023-02-02,18506.211,686434.0,141.0,3.6,66.9,75.87,4.58,11791.056613,2.8
2023-02-03,18506.211,686434.0,141.0,3.6,66.9,73.4,4.58,11791.056613,2.8
2023-02-04,18506.211,686434.0,141.0,3.6,66.9,73.4,4.58,11791.056613,2.8
2023-02-05,18506.211,686434.0,141.0,3.6,66.9,73.4,4.58,11791.056613,2.8
2023-02-06,18506.211,686434.0,141.0,3.6,66.9,74.11,4.58,11791.056613,2.8
2023-02-07,18506.211,686434.0,141.0,3.6,66.9,77.17,4.58,11791.056613,2.8
2023-02-08,18506.211,686434.0,141.0,3.6,66.9,78.47,4.58,11791.056613,2.8
2023-02-09,18506.211,686434.0,141.0,3.6,66.9,78.04,4.57,11791.056613,2.8
2023-02-10,18506.211,686434.0,141.0,3.6,66.9,79.74,4.58,11791.056613,2.8
2023-02-11,18506.211,686434.0,141.0,3.6,66.9,79.74,4.58,11791.056613,2.8
2023-02-12,18506.211,686434.0,141.0,3.6,66.9,79.74,4.58,11791.056613,2.8
2023-02-13,18506.211,686434.0,141.0,3.6,66.9,80.14,4.58,11791.056613,2.8
2023-02-14,18506.211,686434.0,141.0,3.6,66.9,79.08,4.58,11791.056613,2.8
2023-02-15,18506.211,686434.0,141.0,3.6,66.9,78.57,4.58,11791.056613,2.8
2023-02-16,18506.211,686434.0,141.0,3.6,66.9,78.45,4.58,11791.056613,2.8
2023-02-17,18506.211,686434.0,141.0,3.6,66.9,76.31,4.58,11791.056613,2.8
2023-02-18,18506.211,686434.0,141.0,3.6,66.9,76.31,4.58,11791.056613,2.8
2023-02-19,18506.211,686434.0,141.0,3.6,66.9,76.31,4.58,11791.056613,2.8
2023-02-20,18506.211,686434.0,141.0,3.6,66.9,76.31,4.58,11791.056613,2.8
2023-02-21,18506.211,686434.0,141.0,3.6,66.9,76.28,4.58,11791.056613,2.8
2023-02-22,18506.211,686434.0,141.0,3.6,66.9,73.95,4.58,11791.056613,2.8
2023-02-23,18506.211,686434.0,141.0,3.6,66.9,75.26,4.58,11791.056613,2.8
2023-02-24,18506.211,686434.0,141.0,3.6,66.9,76.19,4.58,11791.056613,2.8
2023-02-25,18506.211,686434.0,141.0,3.6,66.9,76.19,4.58,11791.056613,2.8
2023-02-26,18506.211,686434.0,141.0,3.6,66.9,76.19,4.58,11791.056613,2.8
2023-02-27,18506.211,686434.0,141.0,3.6,66.9,75.57,4.57,11791.056613,2.8
2023-02-28,18506.211,686434.0,141.0,3.6,66.9,76.88,4.57,11791.056613,2.8
2023-03-01,18506.211,679067.0,139.9,3.5,62.0,77.57,4.58,13911.74047,2.8
2023-03-02,18506.211,679067.0,139.9,3.5,62.0,78.05,4.57,13911.74047,2.8
2023-03-03,18506.211,679067.0,139.9,3.5,62.0,79.62,4.57,13911.74047,2.8
2023-03-04,18506.211,679067.0,139.9,3.5,62.0,79.62,4.57,13911.74047,2.8
2023-03-05,18506.211,679067.0,139.9,3.5,62.0,79.62,4.57,13911.74047,2.8
2023-03-06,18506.211,679067.0,139.9,3.5,62.0,80.39,4.57,13911.74047,2.8
2023-03-07,18506.211,679067.0,139.9,3.5,62.0,77.45,4.57,13911.74047,2.8
2023-03-08,18506.211,679067.0,139.9,3.5,62.0,76.56,4.57,13911.74047,2.8
2023-03-09,18506.211,679067.0,139.9,3.5,62.0,75.6,4.57,13911.74047,2.8
2023-03-10,18506.211,679067.0,139.9,3.5,62.0,76.55,4.57,13911.74047,2.8
2023-03-11,18506.211,679067.0,139.9,3.5,62.0,76.55,4.57,13911.74047,2.8
2023-03-12,18506.211,679067.0,139.9,3.5,62.0,76.55,4.57,13911.74047,2.8
2023-03-13,18506.211,679067.0,139.9,3.5,62.0,74.68,4.58,13911.74047,2.8
2023-03-14,18506.211,679067.0,139.9,3.5,62.0,71.18,4.58,13911.74047,2.8
2023-03-15,18506.211,679067.0,139.9,3.5,62.0,67.38,4.58,13911.74047,2.8
2023-03-16,18506.211,679067.0,139.9,3.5,62.0,68.15,4.58,13911.74047,2.8
2023-03-17,18506.211,679067.0,139.9,3.5,62.0,66.61,4.58,13911.74047,2.8
2023-03-18,18506.211,679067.0,139.9,3.5,62.0,66.61,4.58,13911.74047,2.8
2023-03-19,18506.211,679067.0,139.9,3.5,62.0,66.61,4.58,13911.74047,2.8
2023-03-20,18506.211,679067.0,139.9,3.5,62.0,67.56,4.58,13911.74047,2.8
2023-03-21,18506.211,679067.0,139.9,3.5,62.0,69.4,4.58,13911.74047,2.8
2023-03-22,18506.211,679067.0,139.9,3.5,62.0,70.71,4.58,13911.74047,2.8
2023-03-23,18506.211,679067.0,139.9,3.5,62.0,69.77,4.83,13911.74047,2.8
2023-03-24,18506.211,679067.0,139.9,3.5,62.0,69.22,4.83,13911.74047,2.8
2023-03-25,18506.211,679067.0,139.9,3.5,62.0,69.22,4.83,13911.74047,2.8
2023-03-26,18506.211,679067.0,139.9,3.5,62.0,69.22,4.83,13911.74047,2.8
2023-03-27,18506.211,679067.0,139.9,3.5,62.0,72.87,4.83,13911.74047,2.8
2023-03-28,18506.211,679067.0,139.9,3.5,62.0,73.12,4.83,13911.74047,2.8
2023-03-29,18506.211,679067.0,139.9,3.5,62.0,72.95,4.83,13911.74047,2.8
2023-03-30,18506.211,679067.0,139.9,3.5,62.0,74.32,4.83,13911.74047,2.8
2023-03-31,18506.211,679067.0,139.9,3.5,62.0,75.68,4.83,13911.74047,2.8
2023-04-01,18685.724,683698.0,140.3,3.4,63.7,75.68,4.83,13060.722188,2.4
2023-04-02,18685.724,683698.0,140.3,3.4,63.7,75.68,4.83,13060.722188,2.4
2023-04-03,18685.724,683698.0,140.3,3.4,63.7,80.4,4.83,13060.722188,2.4
2023-04-04,18685.724,683698.0,140.3,3.4,63.7,80.7,4.83,13060.722188,2.4
2023-04-05,18685.724,683698.0,140.3,3.4,63.7,80.69,4.83,13060.722188,2.4
2023-04-06,18685.724,683698.0,140.3,3.4,63.7,80.7,4.83,13060.722188,2.4
2023-04-07,18685.724,683698.0,140.3,3.4,63.7,80.7,4.83,13060.722188,2.4
2023-04-08,18685.724,683698.0,140.3,3.4,63.7,80.7,4.83,13060.722188,2.4
2023-04-09,18685.724,683698.0,140.3,3.4,63.7,80.7,4.83,13060.722188,2.4
2023-04-10,18685.724,683698.0,140.3,3.4,63.7,79.79,4.83,13060.722188,2.4
2023-04-11,18685.724,683698.0,140.3,3.4,63.7,81.54,4.83,13060.722188,2.4
2023-04-12,18685.724,683698.0,140.3,3.4,63.7,83.26,4.83,13060.722188,2.4
2023-04-13,18685.724,683698.0,140.3,3.4,63.7,82.16,4.83,13060.722188,2.4
2023-04-14,18685.724,683698.0,140.3,3.4,63.7,82.58,4.83,13060.722188,2.4
2023-04-15,18685.724,683698.0,140.3,3.4,63.7,82.58,4.83,13060.722188,2.4
2023-04-16,18685.724,683698.0,140.3,3.4,63.7,82.58,4.83,13060.722188,2.4
2023-04-17,18685.724,683698.0,140.3,3.4,63.7,80.93,4.83,13060.722188,2.4
2023-04-18,18685.724,683698.0,140.3,3.4,63.7,80.85,4.83,13060.722188,2.4
2023-04-19,18685.724,683698.0,140.3,3.4,63.7,79.18,4.83,13060.722188,2.4
2023-04-20,18685.724,683698.0,140.3,3.4,63.7,77.27,4.83,13060.722188,2.4
2023-04-21,18685.724,683698.0,140.3,3.4,63.7,77.86,4.83,13060.722188,2.4
2023-04-22,18685.724,683698.0,140.3,3.4,63.7,77.86,4.83,13060.722188,2.4
2023-04-23,18685.724,683698.0,140.3,3.4,63.7,77.86,4.83,13060.722188,2.4
2023-04-24,18685.724,683698.0,140.3,3.4,63.7,78.64,4.83,13060.722188,2.4
2023-04-25,18685.724,683698.0,140.3,3.4,63.7,77.05,4.83,13060.722188,2.4
2023-04-26,18685.724,683698.0,140.3,3.4,63.7,74.33,4.83,13060.722188,2.4
2023-04-27,18685.724,683698.0,140.3,3.4,63.7,74.77,4.83,13060.722188,2.4
2023-04-28,18685.724,683698.0,140.3,3.4,63.7,76.78,4.83,13060.722188,2.4
2023-04-29,18685.724,683698.0,140.3,3.4,63.7,76.78,4.83,13060.722188,2.4
2023-04-30,18685.724,683698.0,140.3,3.4,63.7,76.78,4.83,13060.722188,2.4
2023-05-01,18685.724,686672.0,139.7,3.7,59.0,75.65,4.83,10699.595345,2.4
2023-05-02,18685.724,686672.0,139.7,3.7,59.0,71.71,4.83,10699.595345,2.4
2023-05-03,18685.724,686672.0,139.7,3.7,59.0,68.62,4.83,10699.595345,2.4
2023-05-04,18685.724,686672.0,139.7,3.7,59.0,68.52,5.08,10699.595345,2.4
2023-05-05,18685.724,686672.0,139.7,3.7,59.0,71.32,5.08,10699.595345,2.4
2023-05-06,18685.724,686672.0,139.7,3.7,59.0,71.32,5.08,10699.595345,2.4
2023-05-07,18685.724,686672.0,139.7,3.7,59.0,71.32,5.08,10699.595345,2.4
2023-05-08,18685.724,686672.0,139.7,3.7,59.0,73.13,5.08,10699.595345,2.4
2023-05-09,18685.724,686672.0,139.7,3.7,59.0,73.68,5.08,10699.595345,2.4
2023-05-10,18685.724,686672.0,139.7,3.7,59.0,72.53,5.08,10699.595345,2.4
2023-05-11,18685.724,686672.0,139.7,3.7,59.0,70.81,5.08,10699.595345,2.4
2023-05-12,18685.724,686672.0,139.7,3.7,59.0,70.02,5.08,10699.595345,2.4
2023-05-13,18685.724,686672.0,139.7,3.7,59.0,70.02,5.08,10699.595345,2.4
2023-05-14,18685.724,686672.0,139.7,3.7,59.0,70.02,5.08,10699.595345,2.4
2023-05-15,18685.724,686672.0,139.7,3.7,59.0,71.07,5.08,10699.595345,2.4
2023-05-16,18685.724,686672.0,139.7,3.7,59.0,70.85,5.08,10699.595345,2.4
2023-05-17,18685.724,686672.0,139.7,3.7,59.0,72.78,5.08,10699.595345,2.4
2023-05-18,18685.724,686672.0,139.7,3.7,59.0,71.82,5.08,10699.595345,2.4
2023-05-19,18685.724,686672.0,139.7,3.7,59.0,71.57,5.08,10699.595345,2.4
2023-05-20,18685.724,686672.0,139.7,3.7,59.0,71.57,5.08,10699.595345,2.4
2023-05-21,18685.724,686672.0,139.7,3.7,59.0,71.57,5.08,10699.595345,2.4
2023-05-22,18685.724,686672.0,139.7,3.7,59.0,71.81,5.08,10699.595345,2.4
2023-05-23,18685.724,686672.0,139.7,3.7,59.0,72.87,5.08,10699.595345,2.4
2023-05-24,18685.724,686672.0,139.7,3.7,59.0,74.37,5.08,10699.595345,2.4
2023-05-25,18685.724,686672.0,139.7,3.7,59.0,71.68,5.08,10699.595345,2.4
2023-05-26,18685.724,686672.0,139.7,3.7,59.0,72.35,5.08,10699.595345,2.4
2023-05-27,18685.724,686672.0,139.7,3.7,59.0,72.35,5.08,10699.595345,2.4
2023-05-28,18685.724,686672.0,139.7,3.7,59.0,72.35,5.08,10699.595345,2.4
2023-05-29,18685.724,686672.0,139.7,3.7,59.0,72.35,5.08,10699.595345,2.4
2023-05-30,18685.724,686672.0,139.7,3.7,59.0,69.45,5.08,10699.595345,2.4
2023-05-31,18685.724,686672.0,139.7,3.7,59.0,68.11,5.08,10699.595345,2.4
2023-06-01,18685.724,688810.0,139.4,3.6,64.2,70.09,5.08,10149.544065,2.4
2023-06-02,18685.724,688810.0,139.4,3.6,64.2,71.76,5.08,10149.544065,2.4
2023-06-03,18685.724,688810.0,139.4,3.6,64.2,71.76,5.08,10149.544065,2.4
2023-06-04,18685.724,688810.0,139.4,3.6,64.2,71.76,5.08,10149.544065,2.4
2023-06-05,18685.724,688810.0,139.4,3.6,64.2,72.14,5.08,10149.544065,2.4
2023-06-06,18685.724,688810.0,139.4,3.6,64.2,71.71,5.08,10149.544065,2.4
2023-06-07,18685.724,688810.0,139.4,3.6,64.2,72.52,5.08,10149.544065,2.4
2023-06-08,18685.724,688810.0,139.4,3.6,64.2,71.28,5.08,10149.544065,2.4
2023-06-09,18685.724,688810.0,139.4,3.6,64.2,70.16,5.08,10149.544065,2.4
2023-06-10,18685.724,688810.0,139.4,3.6,64.2,70.16,5.08,10149.544065,2.4
2023-06-11,18685.724,688810.0,139.4,3.6,64.2,70.16,5.08,10149.544065,2.4
2023-06-12,18685.724,688810.0,139.4,3.6,64.2,67.08,5.08,10149.544065,2.4
2023-06-13,18685.724,688810.0,139.4,3.6,64.2,69.39,5.08,10149.544065,2.4
2023-06-14,18685.724,688810.0,139.4,3.6,64.2,68.22,5.08,10149.544065,2.4
2023-06-15,18685.724,688810.0,139.4,3.6,64.2,70.61,5.07,10149.544065,2.4
2023-06-16,18685.724,688810.0,139.4,3.6,64.2,71.81,5.08,10149.544065,2.4
2023-06-17,18685.724,688810.0,139.4,3.6,64.2,71.81,5.08,10149.544065,2.4
2023-06-18,18685.724,688810.0,139.4,3.6,64.2,71.81,5.08,10149.544065,2.4
2023-06-19,18685.724,688810.0,139.4,3.6,64.2,71.81,5.08,10149.544065,2.4
2023-06-20,18685.724,688810.0,139.4,3.6,64.2,70.94,5.07,10149.544065,2.4
2023-06-21,18685.724,688810.0,139.4,3.6,64.2,72.55,5.07,10149.544065,2.4
2023-06-22,18685.724,688810.0,139.4,3.6,64.2,69.22,5.07,10149.544065,2.4
2023-06-23,18685.724,688810.0,139.4,3.6,64.2,68.91,5.07,10149.544065,2.4
2023-06-24,18685.724,688810.0,139.4,3.6,64.2,68.91,5.07,10149.544065,2.4
2023-06-25,18685.724,688810.0,139.4,3.6,64.2,68.91,5.07,10149.544065,2.4
2023-06-26,18685.724,688810.0,139.4,3.6,64.2,69.09,5.07,10149.544065,2.4
2023-06-27,18685.724,688810.0,139.4,3.6,64.2,67.68,5.07,10149.544065,2.4
2023-06-28,18685.724,688810.0,139.4,3.6,64.2,69.54,5.07,10149.544065,2.4
2023-06-29,18685.724,688810.0,139.4,3.6,64.2,69.85,5.07,10149.544065,2.4
2023-06-30,18685.724,688810.0,139.4,3.6,64.2,70.66,5.08,10149.544065,2.4
2023-07-01,18928.987,690641.0,139.4,3.5,71.5,70.66,5.08,10784.354153,4.4
2023-07-02,18928.987,690641.0,139.4,3.5,71.5,70.66,5.08,10784.354153,4.4
2023-07-03,18928.987,690641.0,139.4,3.5,71.5,69.71,5.08,10784.354153,4.4
2023-07-04,18928.987,690641.0,139.4,3.5,71.5,69.71,5.08,10784.354153,4.4
2023-07-05,18928.987,690641.0,139.4,3.5,71.5,71.78,5.08,10784.354153,4.4
2023-07-06,18928.987,690641.0,139.4,3.5,71.5,71.76,5.08,10784.354153,4.4
2023-07-07,18928.987,690641.0,139.4,3.5,71.5,73.91,5.08,10784.354153,4.4
2023-07-08,18928.987,690641.0,139.4,3.5,71.5,73.91,5.08,10784.354153,4.4
2023-07-09,18928.987,690641.0,139.4,3.5,71.5,73.91,5.08,10784.354153,4.4
2023-07-10,18928.987,690641.0,139.4,3.5,71.5,73.05,5.07,10784.354153,4.4
2023-07-11,18928.987,690641.0,139.4,3.5,71.5,74.87,5.08,10784.354153,4.4
2023-07-12,18928.987,690641.0,139.4,3.5,71.5,75.77,5.08,10784.354153,4.4
2023-07-13,18928.987,690641.0,139.4,3.5,71.5,76.86,5.08,10784.354153,4.4
2023-07-14,18928.987,690641.0,139.4,3.5,71.5,75.44,5.08,10784.354153,4.4
2023-07-15,18928.987,690641.0,139.4,3.5,71.5,75.44,5.08,10784.354153,4.4
2023-07-16,18928.987,690641.0,139.4,3.5,71.5,75.44,5.08,10784.354153,4.4
2023-07-17,18928.987,690641.0,139.4,3.5,71.5,74.17,5.08,10784.354153,4.4
2023-07-18,18928.987,690641.0,139.4,3.5,71.5,75.76,5.08,10784.354153,4.4
2023-07-19,18928.987,690641.0,139.4,3.5,71.5,75.4,5.08,10784.354153,4.4
2023-07-20,18928.987,690641.0,139.4,3.5,71.5,75.65,5.08,10784.354153,4.4
2023-07-21,18928.987,690641.0,139.4,3.5,71.5,77.06,5.08,10784.354153,4.4
2023-07-22,18928.987,690641.0,139.4,3.5,71.5,77.06,5.08,10784.354153,4.4
2023-07-23,18928.987,690641.0,139.4,3.5,71.5,77.06,5.08,10784.354153,4.4
2023-07-24,18928.987,690641.0,139.4,3.5,71.5,78.81,5.08,10784.354153,4.4
2023-07-25,18928.987,690641.0,139.4,3.5,71.5,79.76,5.08,10784.354153,4.4
2023-07-26,18928.987,690641.0,139.4,3.5,71.5,79.11,5.08,10784.354153,4.4
2023-07-27,18928.987,690641.0,139.4,3.5,71.5,80.17,5.33,10784.354153,4.4
2023-07-28,18928.987,690641.0,139.4,3.5,71.5,80.55,5.33,10784.354153,4.4
2023-07-29,18928.987,690641.0,139.4,3.5,71.5,80.55,5.33,10784.354153,4.4
2023-07-30,18928.987,690641.0,139.4,3.5,71.5,80.55,5.33,10784.354153,4.4
2023-07-31,18928.987,690641.0,139.4,3.5,71.5,81.8,5.33,10784.354153,4.4
2023-08-01,18928.987,696238.0,140.3,3.8,69.4,81.37,5.33,10764.79564,4.4
2023-08-02,18928.987,696238.0,140.3,3.8,69.4,79.5,5.33,10764.79564,4.4
2023-08-03,18928.987,696238.0,140.3,3.8,69.4,81.56,5.33,10764.79564,4.4
2023-08-04,18928.987,696238.0,140.3,3.8,69.4,82.76,5.33,10764.79564,4.4
2023-08-05,18928.987,696238.0,140.3,3.8,69.4,82.76,5.33,10764.79564,4.4
2023-08-06,18928.987,696238.0,140.3,3.8,69.4,82.76,5.33,10764.79564,4.4
2023-08-07,18928.987,696238.0,140.3,3.8,69.4,81.94,5.33,10764.79564,4.4
2023-08-08,18928.987,696238.0,140.3,3.8,69.4,82.94,5.33,10764.79564,4.4
2023-08-09,18928.987,696238.0,140.3,3.8,69.4,84.35,5.33,10764.79564,4.4
2023-08-10,18928.987,696238.0,140.3,3.8,69.4,82.81,5.33,10764.79564,4.4
2023-08-11,18928.987,696238.0,140.3,3.8,69.4,83.17,5.33,10764.79564,4.4
2023-08-12,18928.987,696238.0,140.3,3.8,69.4,83.17,5.33,10764.79564,4.4
2023-08-13,18928.987,696238.0,140.3,3.8,69.4,83.17,5.33,10764.79564,4.4
2023-08-14,18928.987,696238.0,140.3,3.8,69.4,82.5,5.33,10764.79564,4.4
2023-08-15,18928.987,696238.0,140.3,3.8,69.4,81.06,5.33,10764.79564,4.4
2023-08-16,18928.987,696238.0,140.3,3.8,69.4,79.4,5.33,10764.79564,4.4
2023-08-17,18928.987,696238.0,140.3,3.8,69.4,80.43,5.33,10764.79564,4.4
2023-08-18,18928.987,696238.0,140.3,3.8,69.4,81.25,5.33,10764.79564,4.4
2023-08-19,18928.987,696238.0,140.3,3.8,69.4,81.25,5.33,10764.79564,4.4
2023-08-20,18928.987,696238.0,140.3,3.8,69.4,81.25,5.33,10764.79564,4.4
2023-08-21,18928.987,696238.0,140.3,3.8,69.4,80.71,5.33,10764.79564,4.4
2023-08-22,18928.987,696238.0,140.3,3.8,69.4,80.25,5.33,10764.79564,4.4
2023-08-23,18928.987,696238.0,140.3,3.8,69.4,78.91,5.33,10764.79564,4.4
2023-08-24,18928.987,696238.0,140.3,3.8,69.4,79.52,5.33,10764.79564,4.4
2023-08-25,18928.987,696238.0,140.3,3.8,69.4,80.47,5.33,10764.79564,4.4
2023-08-26,18928.987,696238.0,140.3,3.8,69.4,80.47,5.33,10764.79564,4.4
2023-08-27,18928.987,696238.0,140.3,3.8,69.4,80.47,5.33,10764.79564,4.4
2023-08-28,18928.987,696238.0,140.3,3.8,69.4,80.65,5.33,10764.79564,4.4
2023-08-29,18928.987,696238.0,140.3,3.8,69.4,81.14,5.33,10764.79564,4.4
2023-08-30,18928.987,696238.0,140.3,3.8,69.4,81.64,5.33,10764.79564,4.4
2023-08-31,18928.987,696238.0,140.3,3.8,69.4,83.55,5.33,10764.79564,4.4
2023-09-01,18928.987,702109.0,141.0,3.8,67.8,85.52,5.33,11795.553527,4.4
2023-09-02,18928.987,702109.0,141.0,3.8,67.8,85.52,5.33,11795.553527,4.4
2023-09-03,18928.987,702109.0,141.0,3.8,67.8,85.52,5.33,11795.553527,4.4
2023-09-04,18928.987,702109.0,141.0,3.8,67.8,85.52,5.33,11795.553527,4.4
2023-09-05,18928.987,702109.0,141.0,3.8,67.8,86.74,5.33,11795.553527,4.4
2023-09-06,18928.987,702109.0,141.0,3.8,67.8,87.55,5.33,11795.553527,4.4
2023-09-07,18928.987,702109.0,141.0,3.8,67.8,86.87,5.33,11795.553527,4.4
2023-09-08,18928.987,702109.0,141.0,3.8,67.8,87.51,5.33,11795.553527,4.4
2023-09-09,18928.987,702109.0,141.0,3.8,67.8,87.51,5.33,11795.553527,4.4
2023-09-10,18928.987,702109.0,141.0,3.8,67.8,87.51,5.33,11795.553527,4.4
2023-09-11,18928.987,702109.0,141.0,3.8,67.8,87.3,5.33,11795.553527,4.4
2023-09-12,18928.987,702109.0,141.0,3.8,67.8,88.87,5.33,11795.553527,4.4
2023-09-13,18928.987,702109.0,141.0,3.8,67.8,88.59,5.33,11795.553527,4.4
2023-09-14,18928.987,702109.0,141.0,3.8,67.8,90.13,5.33,11795.553527,4.4
2023-09-15,18928.987,702109.0,141.0,3.8,67.8,90.83,5.33,11795.553527,4.4
2023-09-16,18928.987,702109.0,141.0,3.8,67.8,90.83,5.33,11795.553527,4.4
2023-09-17,18928.987,702109.0,141.0,3.8,67.8,90.83,5.33,11795.553527,4.4
2023-09-18,18928.987,702109.0,141.0,3.8,67.8,91.47,5.33,11795.553527,4.4
2023-09-19,18928.987,702109.0,141.0,3.8,67.8,91.16,5.33,11795.553527,4.4
2023-09-20,18928.987,702109.0,141.0,3.8,67.8,89.2,5.33,11795.553527,4.4
2023-09-21,18928.987,702109.0,141.0,3.8,67.8,89.56,5.33,11795.553527,4.4
2023-09-22,18928.987,702109.0,141.0,3.8,67.8,90.0,5.33,11795.553527,4.4
2023-09-23,18928.987,702109.0,141.0,3.8,67.8,90.0,5.33,11795.553527,4.4
2023-09-24,18928.987,702109.0,141.0,3.8,67.8,90.0,5.33,11795.553527,4.4
2023-09-25,18928.987,702109.0,141.0,3.8,67.8,89.68,5.33,11795.553527,4.4
2023-09-26,18928.987,702109.0,141.0,3.8,67.8,91.43,5.33,11795.553527,4.4
2023-09-27,18928.987,702109.0,141.0,3.8,67.8,93.67,5.33,11795.553527,4.4
2023-09-28,18928.987,702109.0,141.0,3.8,67.8,91.65,5.33,11795.553527,4.4
2023-09-29,18928.987,702109.0,141.0,3.8,67.8,90.77,5.33,11795.553527,4.4
2023-09-30,18928.987,702109.0,141.0,3.8,67.8,90.77,5.33,11795.553527,4.4
2023-10-01,19170.154,698956.0,140.1,3.8,63.8,90.77,5.33,15815.097225,3.2
2023-10-02,19170.154,698956.0,140.1,3.8,63.8,88.81,5.33,15815.097225,3.2
2023-10-03,19170.154,698956.0,140.1,3.8,63.8,89.26,5.33,15815.097225,3.2
2023-10-04,19170.154,698956.0,140.1,3.8,63.8,84.32,5.33,15815.097225,3.2
2023-10-05,19170.154,698956.0,140.1,3.8,63.8,82.3,5.33,15815.097225,3.2
2023-10-06,19170.154,698956.0,140.1,3.8,63.8,82.83,5.33,15815.097225,3.2
2023-10-07,19170.154,698956.0,140.1,3.8,63.8,82.83,5.33,15815.097225,3.2
2023-10-08,19170.154,698956.0,140.1,3.8,63.8,82.83,5.33,15815.097225,3.2
2023-10-09,19170.154,698956.0,140.1,3.8,63.8,82.83,5.33,15815.097225,3.2
2023-10-10,19170.154,698956.0,140.1,3.8,63.8,85.89,5.33,15815.097225,3.2
2023-10-11,19170.154,698956.0,140.1,3.8,63.8,83.7,5.33,15815.097225,3.2
2023-10-12,19170.154,698956.0,140.1,3.8,63.8,82.87,5.33,15815.097225,3.2
2023-10-13,19170.154,698956.0,140.1,3.8,63.8,87.67,5.33,15815.097225,3.2
2023-10-14,19170.154,698956.0,140.1,3.8,63.8,87.67,5.33,15815.097225,3.2
2023-10-15,19170.154,698956.0,140.1,3.8,63.8,87.67,5.33,15815.097225,3.2
2023-10-16,19170.154,698956.0,140.1,3.8,63.8,86.65,5.33,15815.097225,3.2
2023-10-17,19170.154,698956.0,140.1,3.8,63.8,86.66,5.33,15815.097225,3.2
2023-10-18,19170.154,698956.0,140.1,3.8,63.8,88.35,5.33,15815.097225,3.2
2023-10-19,19170.154,698956.0,140.1,3.8,63.8,89.35,5.33,15815.097225,3.2
2023-10-20,19170.154,698956.0,140.1,3.8,63.8,89.12,5.33,15815.097225,3.2
2023-10-21,19170.154,698956.0,140.1,3.8,63.8,89.12,5.33,15815.097225,3.2
2023-10-22,19170.154,698956.0,140.1,3.8,63.8,89.12,5.33,15815.097225,3.2
2023-10-23,19170.154,698956.0,140.1,3.8,63.8,85.49,5.33,15815.097225,3.2
2023-10-24,19170.154,698956.0,140.1,3.8,63.8,84.58,5.33,15815.097225,3.2
2023-10-25,19170.154,698956.0,140.1,3.8,63.8,86.07,5.33,15815.097225,3.2
2023-10-26,19170.154,698956.0,140.1,3.8,63.8,83.8,5.33,15815.097225,3.2
2023-10-27,19170.154,698956.0,140.1,3.8,63.8,86.04,5.33,15815.097225,3.2
2023-10-28,19170.154,698956.0,140.1,3.8,63.8,86.04,5.33,15815.097225,3.2
2023-10-29,19170.154,698956.0,140.1,3.8,63.8,86.04,5.33,15815.097225,3.2
2023-10-30,19170.154,698956.0,140.1,3.8,63.8,83.03,5.33,15815.097225,3.2
2023-10-31,19170.154,698956.0,140.1,3.8,63.8,81.64,5.33,15815.097225,3.2
2023-11-01,19170.154,700707.0,139.4,3.7,61.3,81.05,5.33,13883.413228,3.2
2023-11-02,19170.154,700707.0,139.4,3.7,61.3,83.04,5.33,13883.413228,3.2
2023-11-03,19170.154,700707.0,139.4,3.7,61.3,81.19,5.33,13883.413228,3.2
2023-11-04,19170.154,700707.0,139.4,3.7,61.3,81.19,5.33,13883.413228,3.2
2023-11-05,19170.154,700707.0,139.4,3.7,61.3,81.19,5.33,13883.413228,3.2
2023-11-06,19170.154,700707.0,139.4,3.7,61.3,81.54,5.33,13883.413228,3.2
2023-11-07,19170.154,700707.0,139.4,3.7,61.3,77.96,5.33,13883.413228,3.2
2023-11-08,19170.154,700707.0,139.4,3.7,61.3,75.85,5.33,13883.413228,3.2
2023-11-09,19170.154,700707.0,139.4,3.7,61.3,76.34,5.33,13883.413228,3.2
2023-11-10,19170.154,700707.0,139.4,3.7,61.3,76.34,5.33,13883.413228,3.2
2023-11-11,19170.154,700707.0,139.4,3.7,61.3,76.34,5.33,13883.413228,3.2
2023-11-12,19170.154,700707.0,139.4,3.7,61.3,76.34,5.33,13883.413228,3.2
2023-11-13,19170.154,700707.0,139.4,3.7,61.3,78.86,5.33,13883.413228,3.2
2023-11-14,19170.154,700707.0,139.4,3.7,61.3,78.9,5.33,13883.413228,3.2
2023-11-15,19170.154,700707.0,139.4,3.7,61.3,77.15,5.33,13883.413228,3.2
2023-11-16,19170.154,700707.0,139.4,3.7,61.3,73.5,5.33,13883.413228,3.2
2023-11-17,19170.154,700707.0,139.4,3.7,61.3,76.47,5.33,13883.413228,3.2
2023-11-18,19170.154,700707.0,139.4,3.7,61.3,76.47,5.33,13883.413228,3.2
2023-11-19,19170.154,700707.0,139.4,3.7,61.3,76.47,5.33,13883.413228,3.2
2023-11-20,19170.154,700707.0,139.4,3.7,61.3,78.1,5.33,13883.413228,3.2
2023-11-21,19170.154,700707.0,139.4,3.7,61.3,78.35,5.33,13883.413228,3.2
2023-11-22,19170.154,700707.0,139.4,3.7,61.3,76.8,5.33,13883.413228,3.2
2023-11-23,19170.154,700707.0,139.4,3.7,61.3,76.8,5.33,13883.413228,3.2
2023-11-24,19170.154,700707.0,139.4,3.7,61.3,74.83,5.33,13883.413228,3.2
2023-11-25,19170.154,700707.0,139.4,3.7,61.3,74.83,5.33,13883.413228,3.2
2023-11-26,19170.154,700707.0,139.4,3.7,61.3,74.83,5.33,13883.413228,3.2
2023-11-27,19170.154,700707.0,139.4,3.7,61.3,74.46,5.33,13883.413228,3.2
2023-11-28,19170.154,700707.0,139.4,3.7,61.3,76.09,5.33,13883.413228,3.2
2023-11-29,19170.154,700707.0,139.4,3.7,61.3,77.56,5.33,13883.413228,3.2
2023-11-30,19170.154,700707.0,139.4,3.7,61.3,75.66,5.33,13883.413228,3.2
2023-12-01,19170.154,703256.0,138.4,3.7,69.7,73.7,5.33,12079.403799,3.2
2023-12-02,19170.154,703256.0,138.4,3.7,69.7,73.7,5.33,12079.403799,3.2
2023-12-03,19170.154,703256.0,138.4,3.7,69.7,73.7,5.33,12079.403799,3.2
2023-12-04,19170.154,703256.0,138.4,3.7,69.7,72.73,5.33,12079.403799,3.2
2023-12-05,19170.154,703256.0,138.4,3.7,69.7,71.95,5.33,12079.403799,3.2
2023-12-06,19170.154,703256.0,138.4,3.7,69.7,68.98,5.33,12079.403799,3.2
2023-12-07,19170.154,703256.0,138.4,3.7,69.7,69.0,5.33,12079.403799,3.2
2023-12-08,19170.154,703256.0,138.4,3.7,69.7,70.87,5.33,12079.403799,3.2
2023-12-09,19170.154,703256.0,138.4,3.7,69.7,70.87,5.33,12079.403799,3.2
2023-12-10,19170.154,703256.0,138.4,3.7,69.7,70.87,5.33,12079.403799,3.2
2023-12-11,19170.154,703256.0,138.4,3.7,69.7,70.95,5.33,12079.403799,3.2
2023-12-12,19170.154,703256.0,138.4,3.7,69.7,68.27,5.33,12079.403799,3.2
2023-12-13,19170.154,703256.0,138.4,3.7,69.7,69.09,5.33,12079.403799,3.2
2023-12-14,19170.154,703256.0,138.4,3.7,69.7,71.21,5.33,12079.403799,3.2
2023-12-15,19170.154,703256.0,138.4,3.7,69.7,71.05,5.33,12079.403799,3.2
2023-12-16,19170.154,703256.0,138.4,3.7,69.7,71.05,5.33,12079.403799,3.2
2023-12-17,19170.154,703256.0,138.4,3.7,69.7,71.05,5.33,12079.403799,3.2
2023-12-18,19170.154,703256.0,138.4,3.7,69.7,72.16,5.33,12079.403799,3.2
2023-12-19,19170.154,703256.0,138.4,3.7,69.7,73.23,5.33,12079.403799,3.2
2023-12-20,19170.154,703256.0,138.4,3.7,69.7,73.87,5.33,12079.403799,3.2
2023-12-21,19170.154,703256.0,138.4,3.7,69.7,73.59,5.33,12079.403799,3.2
2023-12-22,19170.154,703256.0,138.4,3.7,69.7,73.29,5.33,12079.403799,3.2
2023-12-23,19170.154,703256.0,138.4,3.7,69.7,73.29,5.33,12079.403799,3.2
2023-12-24,19170.154,703256.0,138.4,3.7,69.7,73.29,5.33,12079.403799,3.2
2023-12-25,19170.154,703256.0,138.4,3.7,69.7,73.29,5.33,12079.403799,3.2
2023-12-26,19170.154,703256.0,138.4,3.7,69.7,75.84,5.33,12079.403799,3.2
2023-12-27,19170.154,703256.0,138.4,3.7,69.7,74.31,5.33,12079.403799,3.2
2023-12-28,19170.154,703256.0,138.4,3.7,69.7,72.02,5.33,12079.403799,3.2
2023-12-29,19170.154,703256.0,138.4,3.7,69.7,71.89,5.33,12079.403799,3.2
2023-12-30,19170.154,703256.0,138.4,3.7,69.7,71.89,5.33,12079.403799,3.2
2023-12-31,19170.154,703256.0,138.4,3.7,69.7,71.89,5.33,12079.403799,3.2
2024-01-01,19424.775,695631.0,139.4,3.7,79.0,71.89,5.33,12073.074103,1.6
2024-01-02,19424.775,695631.0,139.4,3.7,79.0,70.62,5.33,12073.074103,1.6
2024-01-03,19424.775,695631.0,139.4,3.7,79.0,72.97,5.33,12073.074103,1.6
2024-01-04,19424.775,695631.0,139.4,3.7,79.0,72.38,5.33,12073.074103,1.6
2024-01-05,19424.775,695631.0,139.4,3.7,79.0,74.0,5.33,12073.074103,1.6
2024-01-06,19424.775,695631.0,139.4,3.7,79.0,74.0,5.33,12073.074103,1.6
2024-01-07,19424.775,695631.0,139.4,3.7,79.0,74.0,5.33,12073.074103,1.6
2024-01-08,19424.775,695631.0,139.4,3.7,79.0,71.06,5.33,12073.074103,1.6
2024-01-09,19424.775,695631.0,139.4,3.7,79.0,72.43,5.33,12073.074103,1.6
2024-01-10,19424.775,695631.0,139.4,3.7,79.0,71.57,5.33,12073.074103,1.6
2024-01-11,19424.775,695631.0,139.4,3.7,79.0,72.15,5.33,12073.074103,1.6
2024-01-12,19424.775,695631.0,139.4,3.7,79.0,72.94,5.33,12073.074103,1.6
2024-01-13,19424.775,695631.0,139.4,3.7,79.0,72.94,5.33,12073.074103,1.6
2024-01-14,19424.775,695631.0,139.4,3.7,79.0,72.94,5.33,12073.074103,1.6
2024-01-15,19424.775,695631.0,139.4,3.7,79.0,72.94,5.33,12073.074103,1.6
2024-01-16,19424.775,695631.0,139.4,3.7,79.0,72.63,5.33,12073.074103,1.6
2024-01-17,19424.775,695631.0,139.4,3.7,79.0,72.79,5.33,12073.074103,1.6
2024-01-18,19424.775,695631.0,139.4,3.7,79.0,74.32,5.33,12073.074103,1.6
2024-01-19,19424.775,695631.0,139.4,3.7,79.0,73.69,5.33,12073.074103,1.6
2024-01-20,19424.775,695631.0,139.4,3.7,79.0,73.69,5.33,12073.074103,1.6
2024-01-21,19424.775,695631.0,139.4,3.7,79.0,73.69,5.33,12073.074103,1.6
2024-01-22,19424.775,695631.0,139.4,3.7,79.0,75.26,5.33,12073.074103,1.6
2024-01-23,19424.775,695631.0,139.4,3.7,79.0,74.72,5.33,12073.074103,1.6
2024-01-24,19424.775,695631.0,139.4,3.7,79.0,75.48,5.33,12073.074103,1.6
2024-01-25,19424.775,695631.0,139.4,3.7,79.0,77.91,5.33,12073.074103,1.6
2024-01-26,19424.775,695631.0,139.4,3.7,79.0,78.45,5.33,12073.074103,1.6
2024-01-27,19424.775,695631.0,139.4,3.7,79.0,78.45,5.33,12073.074103,1.6
2024-01-28,19424.775,695631.0,139.4,3.7,79.0,78.45,5.33,12073.074103,1.6
2024-01-29,19424.775,695631.0,139.4,3.7,79.0,77.25,5.33,12073.074103,1.6
2024-01-30,19424.775,695631.0,139.4,3.7,79.0,78.3,5.33,12073.074103,1.6
2024-01-31,19424.775,695631.0,139.4,3.7,79.0,76.28,5.33,12073.074103,1.6
2024-02-01,19424.775,700519.0,139.7,3.9,76.9,74.36,5.33,12010.927364,1.6
2024-02-02,19424.775,700519.0,139.7,3.9,76.9,72.72,5.33,12010.927364,1.6
2024-02-03,19424.775,700519.0,139.7,3.9,76.9,72.72,5.33,12010.927364,1.6
2024-02-04,19424.775,700519.0,139.7,3.9,76.9,72.72,5.33,12010.927364,1.6
2024-02-05,19424.775,700519.0,139.7,3.9,76.9,73.21,5.33,12010.927364,1.6
2024-02-06,19424.775,700519.0,139.7,3.9,76.9,73.83,5.33,12010.927364,1.6
2024-02-07,19424.775,700519.0,139.7,3.9,76.9,74.26,5.33,12010.927364,1.6
2024-02-08,19424.775,700519.0,139.7,3.9,76.9,76.67,5.33,12010.927364,1.6
2024-02-09,19424.775,700519.0,139.7,3.9,76.9,77.26,5.33,12010.927364,1.6
2024-02-10,19424.775,700519.0,139.7,3.9,76.9,77.26,5.33,12010.927364,1.6
2024-02-11,19424.775,700519.0,139.7,3.9,76.9,77.26,5.33,12010.927364,1.6
2024-02-12,19424.775,700519.0,139.7,3.9,76.9,77.34,5.33,12010.927364,1.6
2024-02-13,19424.775,700519.0,139.7,3.9,76.9,78.28,5.33,12010.927364,1.6
2024-02-14,19424.775,700519.0,139.7,3.9,76.9,77.09,5.33,12010.927364,1.6
2024-02-15,19424.775,700519.0,139.7,3.9,76.9,78.47,5.33,12010.927364,1.6
2024-02-16,19424.775,700519.0,139.7,3.9,76.9,79.65,5.33,12010.927364,1.6
2024-02-17,19424.775,700519.0,139.7,3.9,76.9,79.65,5.33,12010.927364,1.6
2024-02-18,19424.775,700519.0,139.7,3.9,76.9,79.65,5.33,12010.927364,1.6
2024-02-19,19424.775,700519.0,139.7,3.9,76.9,79.65,5.33,12010.927364,1.6
2024-02-20,19424.775,700519.0,139.7,3.9,76.9,78.72,5.33,12010.927364,1.6
2024-02-21,19424.775,700519.0,139.7,3.9,76.9,78.89,5.33,12010.927364,1.6
2024-02-22,19424.775,700519.0,139.7,3.9,76.9,79.64,5.33,12010.927364,1.6
2024-02-23,19424.775,700519.0,139.7,3.9,76.9,77.6,5.33,12010.927364,1.6
2024-02-24,19424.775,700519.0,139.7,3.9,76.9,77.6,5.33,12010.927364,1.6
2024-02-25,19424.775,700519.0,139.7,3.9,76.9,77.6,5.33,12010.927364,1.6
2024-02-26,19424.775,700519.0,139.7,3.9,76.9,78.53,5.33,12010.927364,1.6
2024-02-27,19424.775,700519.0,139.7,3.9,76.9,79.8,5.33,12010.927364,1.6
2024-02-28,19424.775,700519.0,139.7,3.9,76.9,79.44,5.33,12010.927364,1.6
2024-02-29,19424.775,700519.0,139.7,3.9,76.9,79.22,5.33,12010.927364,1.6
2024-03-01,19424.775,703738.0,140.5,3.8,79.4,80.9,5.33,12771.737271,1.6
2024-03-02,19424.775,703738.0,140.5,3.8,79.4,80.9,5.33,12771.737271,1.6
2024-03-03,19424.775,703738.0,140.5,3.8,79.4,80.9,5.33,12771.737271,1.6
2024-03-04,19424.775,703738.0,140.5,3.8,79.4,79.67,5.33,12771.737271,1.6
2024-03-05,19424.775,703738.0,140.5,3.8,79.4,79.11,5.33,12771.737271,1.6
2024-03-06,19424.775,703738.0,140.5,3.8,79.4,80.08,5.33,12771.737271,1.6
2024-03-07,19424.775,703738.0,140.5,3.8,79.4,79.81,5.33,12771.737271,1.6
2024-03-08,19424.775,703738.0,140.5,3.8,79.4,78.96,5.33,12771.737271,1.6
2024-03-09,19424.775,703738.0,140.5,3.8,79.4,78.96,5.33,12771.737271,1.6
2024-03-10,19424.775,703738.0,140.5,3.8,79.4,78.96,5.33,12771.737271,1.6
2024-03-11,19424.775,703738.0,140.5,3.8,79.4,78.87,5.33,12771.737271,1.6
2024-03-12,19424.775,703738.0,140.5,3.8,79.4,78.51,5.33,12771.737271,1.6
2024-03-13,19424.775,703738.0,140.5,3.8,79.4,80.67,5.33,12771.737271,1.6
2024-03-14,19424.775,703738.0,140.5,3.8,79.4,82.16,5.33,12771.737271,1.6
2024-03-15,19424.775,703738.0,140.5,3.8,79.4,81.94,5.33,12771.737271,1.6
2024-03-16,19424.775,703738.0,140.5,3.8,79.4,81.94,5.33,12771.737271,1.6
2024-03-17,19424.775,703738.0,140.5,3.8,79.4,81.94,5.33,12771.737271,1.6
2024-03-18,19424.775,703738.0,140.5,3.8,79.4,83.68,5.33,12771.737271,1.6
2024-03-19,19424.775,703738.0,140.5,3.8,79.4,84.39,5.33,12771.737271,1.6
2024-03-20,19424.775,703738.0,140.5,3.8,79.4,82.79,5.33,12771.737271,1.6
2024-03-21,19424.775,703738.0,140.5,3.8,79.4,81.99,5.33,12771.737271,1.6
2024-03-22,19424.775,703738.0,140.5,3.8,79.4,81.1,5.33,12771.737271,1.6
2024-03-23,19424.775,703738.0,140.5,3.8,79.4,81.1,5.33,12771.737271,1.6
2024-03-24,19424.775,703738.0,140.5,3.8,79.4,81.1,5.33,12771.737271,1.6
2024-03-25,19424.775,703738.0,140.5,3.8,79.4,82.41,5.33,12771.737271,1.6
2024-03-26,19424.775,703738.0,140.5,3.8,79.4,82.41,5.33,12771.737271,1.6
2024-03-27,19424.775,703738.0,140.5,3.8,79.4,82.15,5.33,12771.737271,1.6
2024-03-28,19424.775,703738.0,140.5,3.8,79.4,83.96,5.33,12771.737271,1.6
2024-03-29,19424.775,703738.0,140.5,3.8,79.4,83.96,5.33,12771.737271,1.6
2024-03-30,19424.775,703738.0,140.5,3.8,79.4,83.96,5.33,12771.737271,1.6
2024-03-31,19424.775,703738.0,140.5,3.8,79.4,83.96,5.33,12771.737271,1.6
2024-04-01,19682.699,702681.0,141.7,3.9,77.2,84.54,5.33,11520.657819,3.0
2024-04-02,19682.699,702681.0,141.7,3.9,77.2,85.95,5.33,11520.657819,3.0
2024-04-03,19682.699,702681.0,141.7,3.9,77.2,86.22,5.33,11520.657819,3.0
2024-04-04,19682.699,702681.0,141.7,3.9,77.2,87.37,5.33,11520.657819,3.0
2024-04-05,19682.699,702681.0,141.7,3.9,77.2,87.69,5.33,11520.657819,3.0
2024-04-06,19682.699,702681.0,141.7,3.9,77.2,87.69,5.33,11520.657819,3.0
2024-04-07,19682.699,702681.0,141.7,3.9,77.2,87.69,5.33,11520.657819,3.0
2024-04-08,19682.699,702681.0,141.7,3.9,77.2,87.24,5.33,11520.657819,3.0
2024-04-09,19682.699,702681.0,141.7,3.9,77.2,86.04,5.33,11520.657819,3.0
2024-04-10,19682.699,702681.0,141.7,3.9,77.2,86.98,5.33,11520.657819,3.0
2024-04-11,19682.699,702681.0,141.7,3.9,77.2,85.79,5.33,11520.657819,3.0
2024-04-12,19682.699,702681.0,141.7,3.9,77.2,86.46,5.33,11520.657819,3.0
2024-04-13,19682.699,702681.0,141.7,3.9,77.2,86.46,5.33,11520.657819,3.0
2024-04-14,19682.699,702681.0,141.7,3.9,77.2,86.46,5.33,11520.657819,3.0
2024-04-15,19682.699,702681.0,141.7,3.9,77.2,86.21,5.33,11520.657819,3.0
2024-04-16,19682.699,702681.0,141.7,3.9,77.2,86.15,5.33,11520.657819,3.0
2024-04-17,19682.699,702681.0,141.7,3.9,77.2,83.58,5.33,11520.657819,3.0
2024-04-18,19682.699,702681.0,141.7,3.9,77.2,83.5,5.33,11520.657819,3.0
2024-04-19,19682.699,702681.0,141.7,3.9,77.2,83.79,5.33,11520.657819,3.0
2024-04-20,19682.699,702681.0,141.7,3.9,77.2,83.79,5.33,11520.657819,3.0
2024-04-21,19682.699,702681.0,141.7,3.9,77.2,83.79,5.33,11520.657819,3.0
2024-04-22,19682.699,702681.0,141.7,3.9,77.2,83.82,5.33,11520.657819,3.0
2024-04-23,19682.699,702681.0,141.7,3.9,77.2,84.17,5.33,11520.657819,3.0
2024-04-24,19682.699,702681.0,141.7,3.9,77.2,84.09,5.33,11520.657819,3.0
2024-04-25,19682.699,702681.0,141.7,3.9,77.2,84.92,5.33,11520.657819,3.0
2024-04-26,19682.699,702681.0,141.7,3.9,77.2,85.38,5.33,11520.657819,3.0
2024-04-27,19682.699,702681.0,141.7,3.9,77.2,85.38,5.33,11520.657819,3.0
2024-04-28,19682.699,702681.0,141.7,3.9,77.2,85.38,5.33,11520.657819,3.0
2024-04-29,19682.699,702681.0,141.7,3.9,77.2,84.26,5.33,11520.657819,3.0
2024-04-30,19682.699,702681.0,141.7,3.9,77.2,83.49,5.33,11520.657819,3.0
2024-05-01,19682.699,704309.0,141.5,4.0,69.1,80.7,5.33,11061.430495,3.0
2024-05-02,19682.699,704309.0,141.5,4.0,69.1,80.59,5.33,11061.430495,3.0
2024-05-03,19682.699,704309.0,141.5,4.0,69.1,79.65,5.33,11061.430495,3.0
2024-05-04,19682.699,704309.0,141.5,4.0,69.1,79.65,5.33,11061.430495,3.0
2024-05-05,19682.699,704309.0,141.5,4.0,69.1,79.65,5.33,11061.430495,3.0
2024-05-06,19682.699,704309.0,141.5,4.0,69.1,80.1,5.33,11061.430495,3.0
2024-05-07,19682.699,704309.0,141.5,4.0,69.1,79.97,5.33,11061.430495,3.0
2024-05-08,19682.699,704309.0,141.5,4.0,69.1,80.57,5.33,11061.430495,3.0
2024-05-09,19682.699,704309.0,141.5,4.0,69.1,80.86,5.33,11061.430495,3.0
2024-05-10,19682.699,704309.0,141.5,4.0,69.1,79.81,5.33,11061.430495,3.0
2024-05-11,19682.699,704309.0,141.5,4.0,69.1,79.81,5.33,11061.430495,3.0
2024-05-12,19682.699,704309.0,141.5,4.0,69.1,79.81,5.33,11061.430495,3.0
2024-05-13,19682.699,704309.0,141.5,4.0,69.1,80.71,5.33,11061.430495,3.0
2024-05-14,19682.699,704309.0,141.5,4.0,69.1,79.62,5.33,11061.430495,3.0
2024-05-15,19682.699,704309.0,141.5,4.0,69.1,80.23,5.33,11061.430495,3.0
2024-05-16,19682.699,704309.0,141.5,4.0,69.1,80.85,5.33,11061.430495,3.0
2024-05-17,19682.699,704309.0,141.5,4.0,69.1,81.66,5.33,11061.430495,3.0
2024-05-18,19682.699,704309.0,141.5,4.0,69.1,81.66,5.33,11061.430495,3.0
2024-05-19,19682.699,704309.0,141.5,4.0,69.1,81.66,5.33,11061.430495,3.0
2024-05-20,19682.699,704309.0,141.5,4.0,69.1,81.39,5.33,11061.430495,3.0
2024-05-21,19682.699,704309.0,141.5,4.0,69.1,80.66,5.33,11061.430495,3.0
2024-05-22,19682.699,704309.0,141.5,4.0,69.1,79.15,5.33,11061.430495,3.0
2024-05-23,19682.699,704309.0,141.5,4.0,69.1,77.47,5.33,11061.430495,3.0
2024-05-24,19682.699,704309.0,141.5,4.0,69.1,78.48,5.33,11061.430495,3.0
2024-05-25,19682.699,704309.0,141.5,4.0,69.1,78.48,5.33,11061.430495,3.0
2024-05-26,19682.699,704309.0,141.5,4.0,69.1,78.48,5.33,11061.430495,3.0
2024-05-27,19682.699,704309.0,141.5,4.0,69.1,78.48,5.33,11061.430495,3.0
2024-05-28,19682.699,704309.0,141.5,4.0,69.1,80.9,5.33,11061.430495,3.0
2024-05-29,19682.699,704309.0,141.5,4.0,69.1,80.24,5.33,11061.430495,3.0
2024-05-30,19682.699,704309.0,141.5,4.0,69.1,78.96,5.33,11061.430495,3.0
2024-05-31,19682.699,704309.0,141.5,4.0,69.1,77.97,5.33,11061.430495,3.0
2024-06-01,19682.699,702350.0,141.6,4.1,68.2,77.97,5.33,11319.032104,3.0
2024-06-02,19682.699,702350.0,141.6,4.1,68.2,77.97,5.33,11319.032104,3.0
2024-06-03,19682.699,702350.0,141.6,4.1,68.2,75.26,5.33,11319.032104,3.0
2024-06-04,19682.699,702350.0,141.6,4.1,68.2,74.27,5.33,11319.032104,3.0
2024-06-05,19682.699,702350.0,141.6,4.1,68.2,75.08,5.33,11319.032104,3.0
2024-06-06,19682.699,702350.0,141.6,4.1,68.2,76.52,5.33,11319.032104,3.0
2024-06-07,19682.699,702350.0,141.6,4.1,68.2,76.53,5.33,11319.032104,3.0
2024-06-08,19682.699,702350.0,141.6,4.1,68.2,76.53,5.33,11319.032104,3.0
2024-06-09,19682.699,702350.0,141.6,4.1,68.2,76.53,5.33,11319.032104,3.0
2024-06-10,19682.699,702350.0,141.6,4.1,68.2,78.75,5.33,11319.032104,3.0
2024-06-11,19682.699,702350.0,141.6,4.1,68.2,78.88,5.33,11319.032104,3.0
2024-06-12,19682.699,702350.0,141.6,4.1,68.2,79.56,5.33,11319.032104,3.0
2024-06-13,19682.699,702350.0,141.6,4.1,68.2,79.61,5.33,11319.032104,3.0
2024-06-14,19682.699,702350.0,141.6,4.1,68.2,79.41,5.33,11319.032104,3.0
2024-06-15,19682.699,702350.0,141.6,4.1,68.2,79.41,5.33,11319.032104,3.0
2024-06-16,19682.699,702350.0,141.6,4.1,68.2,79.41,5.33,11319.032104,3.0
2024-06-17,19682.699,702350.0,141.6,4.1,68.2,81.33,5.33,11319.032104,3.0
2024-06-18,19682.699,702350.0,141.6,4.1,68.2,82.67,5.33,11319.032104,3.0
2024-06-19,19682.699,702350.0,141.6,4.1,68.2,82.67,5.33,11319.032104,3.0
2024-06-20,19682.699,702350.0,141.6,4.1,68.2,83.34,5.33,11319.032104,3.0
2024-06-21,19682.699,702350.0,141.6,4.1,68.2,81.71,5.33,11319.032104,3.0
2024-06-22,19682.699,702350.0,141.6,4.1,68.2,81.71,5.33,11319.032104,3.0
2024-06-23,19682.699,702350.0,141.6,4.1,68.2,81.71,5.33,11319.032104,3.0
2024-06-24,19682.699,702350.0,141.6,4.1,68.2,82.63,5.33,11319.032104,3.0
2024-06-25,19682.699,702350.0,141.6,4.1,68.2,81.97,5.33,11319.032104,3.0
2024-06-26,19682.699,702350.0,141.6,4.1,68.2,82.19,5.33,11319.032104,3.0
2024-06-27,19682.699,702350.0,141.6,4.1,68.2,83.04,5.33,11319.032104,3.0
2024-06-28,19682.699,702350.0,141.6,4.1,68.2,82.83,5.33,11319.032104,3.0
2024-06-29,19682.699,702350.0,141.6,4.1,68.2,82.83,5.33,11319.032104,3.0
2024-06-30,19682.699,702350.0,141.6,4.1,68.2,82.83,5.33,11319.032104,3.0
2024-07-01,19928.167,710851.0,141.8,4.3,66.4,84.7,5.33,10712.927833,2.8
2024-07-02,19928.167,710851.0,141.8,4.3,66.4,84.09,5.33,10712.927833,2.8
2024-07-03,19928.167,710851.0,141.8,4.3,66.4,85.19,5.33,10712.927833,2.8
2024-07-04,19928.167,710851.0,141.8,4.3,66.4,85.19,5.33,10712.927833,2.8
2024-07-05,19928.167,710851.0,141.8,4.3,66.4,84.44,5.33,10712.927833,2.8
2024-07-06,19928.167,710851.0,141.8,4.3,66.4,84.44,5.33,10712.927833,2.8
2024-07-07,19928.167,710851.0,141.8,4.3,66.4,84.44,5.33,10712.927833,2.8
2024-07-08,19928.167,710851.0,141.8,4.3,66.4,83.63,5.33,10712.927833,2.8
2024-07-09,19928.167,710851.0,141.8,4.3,66.4,82.78,5.33,10712.927833,2.8
2024-07-10,19928.167,710851.0,141.8,4.3,66.4,83.39,5.33,10712.927833,2.8
2024-07-11,19928.167,710851.0,141.8,4.3,66.4,83.92,5.33,10712.927833,2.8
2024-07-12,19928.167,710851.0,141.8,4.3,66.4,83.49,5.33,10712.927833,2.8
2024-07-13,19928.167,710851.0,141.8,4.3,66.4,83.49,5.33,10712.927833,2.8
2024-07-14,19928.167,710851.0,141.8,4.3,66.4,83.49,5.33,10712.927833,2.8
2024-07-15,19928.167,710851.0,141.8,4.3,66.4,83.22,5.33,10712.927833,2.8
2024-07-16,19928.167,710851.0,141.8,4.3,66.4,81.92,5.33,10712.927833,2.8
2024-07-17,19928.167,710851.0,141.8,4.3,66.4,84.16,5.33,10712.927833,2.8
2024-07-18,19928.167,710851.0,141.8,4.3,66.4,84.17,5.33,10712.927833,2.8
2024-07-19,19928.167,710851.0,141.8,4.3,66.4,81.43,5.33,10712.927833,2.8
2024-07-20,19928.167,710851.0,141.8,4.3,66.4,81.43,5.33,10712.927833,2.8
2024-07-21,19928.167,710851.0,141.8,4.3,66.4,81.43,5.33,10712.927833,2.8
2024-07-22,19928.167,710851.0,141.8,4.3,66.4,81.25,5.33,10712.927833,2.8
2024-07-23,19928.167,710851.0,141.8,4.3,66.4,78.24,5.33,10712.927833,2.8
2024-07-24,19928.167,710851.0,141.8,4.3,66.4,78.78,5.33,10712.927833,2.8
2024-07-25,19928.167,710851.0,141.8,4.3,66.4,79.43,5.33,10712.927833,2.8
2024-07-26,19928.167,710851.0,141.8,4.3,66.4,78.58,5.33,10712.927833,2.8
2024-07-27,19928.167,710851.0,141.8,4.3,66.4,78.58,5.33,10712.927833,2.8
2024-07-28,19928.167,710851.0,141.8,4.3,66.4,78.58,5.33,10712.927833,2.8
2024-07-29,19928.167,710851.0,141.8,4.3,66.4,77.27,5.33,10712.927833,2.8
2024-07-30,19928.167,710851.0,141.8,4.3,66.4,76.17,5.33,10712.927833,2.8
2024-07-31,19928.167,710851.0,141.8,4.3,66.4,79.36,5.33,10712.927833,2.8
2024-08-01,19928.167,710038.0,141.4,4.2,67.9,77.74,5.33,11974.652433,2.8
2024-08-02,19928.167,710038.0,141.4,4.2,67.9,74.99,5.33,11974.652433,2.8
2024-08-03,19928.167,710038.0,141.4,4.2,67.9,74.99,5.33,11974.652433,2.8
2024-08-04,19928.167,710038.0,141.4,4.2,67.9,74.99,5.33,11974.652433,2.8
2024-08-05,19928.167,710038.0,141.4,4.2,67.9,74.46,5.33,11974.652433,2.8
2024-08-06,19928.167,710038.0,141.4,4.2,67.9,74.6,5.33,11974.652433,2.8
2024-08-07,19928.167,710038.0,141.4,4.2,67.9,76.68,5.33,11974.652433,2.8
2024-08-08,19928.167,710038.0,141.4,4.2,67.9,77.64,5.33,11974.652433,2.8
2024-08-09,19928.167,710038.0,141.4,4.2,67.9,78.28,5.33,11974.652433,2.8
2024-08-10,19928.167,710038.0,141.4,4.2,67.9,78.28,5.33,11974.652433,2.8
2024-08-11,19928.167,710038.0,141.4,4.2,67.9,78.28,5.33,11974.652433,2.8
2024-08-12,19928.167,710038.0,141.4,4.2,67.9,81.45,5.33,11974.652433,2.8
2024-08-13,19928.167,710038.0,141.4,4.2,67.9,79.81,5.33,11974.652433,2.8
2024-08-14,19928.167,710038.0,141.4,4.2,67.9,78.47,5.33,11974.652433,2.8
2024-08-15,19928.167,710038.0,141.4,4.2,67.9,79.66,5.33,11974.652433,2.8
2024-08-16,19928.167,710038.0,141.4,4.2,67.9,78.05,5.33,11974.652433,2.8
2024-08-17,19928.167,710038.0,141.4,4.2,67.9,78.05,5.33,11974.652433,2.8
2024-08-18,19928.167,710038.0,141.4,4.2,67.9,78.05,5.33,11974.652433,2.8
2024-08-19,19928.167,710038.0,141.4,4.2,67.9,75.82,5.33,11974.652433,2.8
2024-08-20,19928.167,710038.0,141.4,4.2,67.9,75.27,5.33,11974.652433,2.8
2024-08-21,19928.167,710038.0,141.4,4.2,67.9,72.76,5.33,11974.652433,2.8
2024-08-22,19928.167,710038.0,141.4,4.2,67.9,73.72,5.33,11974.652433,2.8
2024-08-23,19928.167,710038.0,141.4,4.2,67.9,75.82,5.33,11974.652433,2.8
2024-08-24,19928.167,710038.0,141.4,4.2,67.9,75.82,5.33,11974.652433,2.8
2024-08-25,19928.167,710038.0,141.4,4.2,67.9,75.82,5.33,11974.652433,2.8
2024-08-26,19928.167,710038.0,141.4,4.2,67.9,78.4,5.33,11974.652433,2.8
2024-08-27,19928.167,710038.0,141.4,4.2,67.9,76.5,5.33,11974.652433,2.8
2024-08-28,19928.167,710038.0,141.4,4.2,67.9,75.49,5.33,11974.652433,2.8
2024-08-29,19928.167,710038.0,141.4,4.2,67.9,76.9,5.33,11974.652433,2.8
2024-08-30,19928.167,710038.0,141.4,4.2,67.9,74.52,5.33,11974.652433,2.8
2024-08-31,19928.167,710038.0,141.4,4.2,67.9,74.52,5.33,11974.652433,2.8
2024-09-01,19928.167,716026.0,140.8,4.1,70.1,74.52,5.33,11263.243289,2.8
2024-09-02,19928.167,716026.0,140.8,4.1,70.1,74.52,5.33,11263.243289,2.8
2024-09-03,19928.167,716026.0,140.8,4.1,70.1,71.28,5.33,11263.243289,2.8
2024-09-04,19928.167,716026.0,140.8,4.1,70.1,70.11,5.33,11263.243289,2.8
2024-09-05,19928.167,716026.0,140.8,4.1,70.1,70.09,5.33,11263.243289,2.8
2024-09-06,19928.167,716026.0,140.8,4.1,70.1,68.58,5.33,11263.243289,2.8
2024-09-07,19928.167,716026.0,140.8,4.1,70.1,68.58,5.33,11263.243289,2.8
2024-09-08,19928.167,716026.0,140.8,4.1,70.1,68.58,5.33,11263.243289,2.8
2024-09-09,19928.167,716026.0,140.8,4.1,70.1,69.65,5.33,11263.243289,2.8
2024-09-10,19928.167,716026.0,140.8,4.1,70.1,66.73,5.33,11263.243289,2.8
2024-09-11,19928.167,716026.0,140.8,4.1,70.1,68.25,5.33,11263.243289,2.8
2024-09-12,19928.167,716026.0,140.8,4.1,70.1,69.89,5.33,11263.243289,2.8
2024-09-13,19928.167,716026.0,140.8,4.1,70.1,69.59,5.33,11263.243289,2.8
2024-09-14,19928.167,716026.0,140.8,4.1,70.1,69.59,5.33,11263.243289,2.8
2024-09-15,19928.167,716026.0,140.8,4.1,70.1,69.59,5.33,11263.243289,2.8
2024-09-16,19928.167,716026.0,140.8,4.1,70.1,71.1,5.33,11263.243289,2.8
2024-09-17,19928.167,716026.0,140.8,4.1,70.1,72.16,5.33,11263.243289,2.8
2024-09-18,19928.167,716026.0,140.8,4.1,70.1,71.87,5.33,11263.243289,2.8
2024-09-19,19928.167,716026.0,140.8,4.1,70.1,72.86,4.83,11263.243289,2.8
2024-09-20,19928.167,716026.0,140.8,4.1,70.1,72.72,4.83,11263.243289,2.8
2024-09-21,19928.167,716026.0,140.8,4.1,70.1,72.72,4.83,11263.243289,2.8
2024-09-22,19928.167,716026.0,140.8,4.1,70.1,72.72,4.83,11263.243289,2.8
2024-09-23,19928.167,716026.0,140.8,4.1,70.1,71.33,4.83,11263.243289,2.8
2024-09-24,19928.167,716026.0,140.8,4.1,70.1,72.34,4.83,11263.243289,2.8
2024-09-25,19928.167,716026.0,140.8,4.1,70.1,70.42,4.83,11263.243289,2.8
2024-09-26,19928.167,716026.0,140.8,4.1,70.1,68.28,4.83,11263.243289,2.8
2024-09-27,19928.167,716026.0,140.8,4.1,70.1,68.72,4.83,11263.243289,2.8
2024-09-28,19928.167,716026.0,140.8,4.1,70.1,68.72,4.83,11263.243289,2.8
2024-09-29,19928.167,716026.0,140.8,4.1,70.1,68.72,4.83,11263.243289,2.8
2024-09-30,19928.167,716026.0,140.8,4.1,70.1,68.75,4.83,11263.243289,2.8
2024-10-01,19928.167,718867.0,141.2,4.1,70.5,70.41,4.83,11263.243289,2.8
2024-10-02,19928.167,718867.0,141.2,4.1,70.5,70.74,4.83,11263.243289,2.8
2024-10-03,19928.167,718867.0,141.2,4.1,70.5,74.33,4.83,11263.243289,2.8
2024-10-04,19928.167,718867.0,141.2,4.1,70.5,74.93,4.83,11263.243289,2.8
2024-10-05,19928.167,718867.0,141.2,4.1,70.5,74.93,4.83,11263.243289,2.8
2024-10-06,19928.167,718867.0,141.2,4.1,70.5,74.93,4.83,11263.243289,2.8
2024-10-07,19928.167,718867.0,141.2,4.1,70.5,77.76,4.83,11263.243289,2.8
2024-10-08,19928.167,718867.0,141.2,4.1,70.5,74.26,4.83,11263.243289,2.8
2024-10-09,19928.167,718867.0,141.2,4.1,70.5,73.85,4.83,11263.243289,2.8
2024-10-10,19928.167,718867.0,141.2,4.1,70.5,76.46,4.83,11263.243289,2.8
2024-10-11,19928.167,718867.0,141.2,4.1,70.5,76.11,4.83,11263.243289,2.8
2024-10-12,19928.167,718867.0,141.2,4.1,70.5,76.11,4.83,11263.243289,2.8
2024-10-13,19928.167,718867.0,141.2,4.1,70.5,76.11,4.83,11263.243289,2.8
2024-10-14,19928.167,718867.0,141.2,4.1,70.5,76.11,4.83,11263.243289,2.8
2024-10-15,19928.167,718867.0,141.2,4.1,70.5,71.22,4.83,11263.243289,2.8
2024-10-16,19928.167,718867.0,141.2,4.1,70.5,70.97,4.83,11263.243289,2.8
2024-10-17,19928.167,718867.0,141.2,4.1,70.5,71.26,4.83,11263.243289,2.8
2024-10-18,19928.167,718867.0,141.2,4.1,70.5,69.78,4.83,11263.243289,2.8
2024-10-19,19928.167,718867.0,141.2,4.1,70.5,69.78,4.83,11263.243289,2.8
2024-10-20,19928.167,718867.0,141.2,4.1,70.5,69.78,4.83,11263.243289,2.8
2024-10-21,19928.167,718867.0,141.2,4.1,70.5,71.16,4.83,11263.243289,2.8
2024-10-22,19928.167,718867.0,141.2,4.1,70.5,72.84,4.83,11263.243289,2.8
2024-10-23,19928.167,718867.0,141.2,4.1,70.5,71.37,4.83,11263.243289,2.8
2024-10-24,19928.167,718867.0,141.2,4.1,70.5,70.58,4.83,11263.243289,2.8
2024-10-25,19928.167,718867.0,141.2,4.1,70.5,72.02,4.83,11263.243289,2.8
2024-10-26,19928.167,718867.0,141.2,4.1,70.5,72.02,4.83,11263.243289,2.8
2024-10-27,19928.167,718867.0,141.2,4.1,70.5,72.02,4.83,11263.243289,2.8
2024-10-28,19928.167,718867.0,141.2,4.1,70.5,67.65,4.83,11263.243289,2.8
2024-10-29,19928.167,718867.0,141.2,4.1,70.5,67.48,4.83,11263.243289,2.8
2024-10-30,19928.167,718867.0,141.2,4.1,70.5,68.91,4.83,11263.243289,2.8
2024-10-31,19928.167,718867.0,141.2,4.1,70.5,69.58,4.83,11263.243289,2.8
2024-11-01,19928.167,718867.0,141.2,4.1,70.5,69.81,4.83,11263.243289,2.8
2024-11-02,19928.167,718867.0,141.2,4.1,70.5,69.81,4.83,11263.243289,2.8
2024-11-03,19928.167,718867.0,141.2,4.1,70.5,69.81,4.83,11263.243289,2.8
2024-11-04,19928.167,718867.0,141.2,4.1,70.5,71.83,4.83,11263.243289,2.8
2024-11-05,19928.167,718867.0,141.2,4.1,70.5,72.26,4.83,11263.243289,2.8
2024-11-06,19928.167,718867.0,141.2,4.1,70.5,71.98,4.83,11263.243289,2.8
2024-11-07,19928.167,718867.0,141.2,4.1,70.5,72.69,4.83,11263.243289,2.8
2024-11-08,19928.167,718867.0,141.2,4.1,70.5,70.69,4.58,11263.243289,2.8
2024-11-09,19928.167,718867.0,141.2,4.1,70.5,70.69,4.58,11263.243289,2.8
2024-11-10,19928.167,718867.0,141.2,4.1,70.5,70.69,4.58,11263.243289,2.8
2024-11-11,19928.167,718867.0,141.2,4.1,70.5,70.69,4.58,11263.243289,2.8
2024-11-12,19928.167,718867.0,141.2,4.1,70.5,68.43,4.58,11263.243289,2.8
2024-11-13,19928.167,718867.0,141.2,4.1,70.5,68.76,4.58,11263.243289,2.8
2024-11-14,19928.167,718867.0,141.2,4.1,70.5,68.99,4.58,11263.243289,2.8
2024-11-15,19928.167,718867.0,141.2,4.1,70.5,67.33,4.58,11263.243289,2.8
2024-11-16,19928.167,718867.0,141.2,4.1,70.5,67.33,4.58,11263.243289,2.8
2024-11-17,19928.167,718867.0,141.2,4.1,70.5,67.33,4.58,11263.243289,2.8
2024-11-18,19928.167,718867.0,141.2,4.1,70.5,69.46,4.58,11263.243289,2.8
2024-11-19,19928.167,718867.0,141.2,4.1,70.5,69.75,4.58,11263.243289,2.8
2024-11-20,19928.167,718867.0,141.2,4.1,70.5,69.25,4.58,11263.243289,2.8
2024-11-21,19928.167,718867.0,141.2,4.1,70.5,70.39,4.58,11263.243289,2.8
2024-11-22,19928.167,718867.0,141.2,4.1,70.5,71.68,4.58,11263.243289,2.8
