Date,pharmaceutical_prices,unemployment_rate,interest_rate,gdp_growth,consumer_sentiment,m2_money_supply
2022-01-01,290.416,4.0,0.07,-1.0,67.2,21566.1
2022-01-02,290.416,4.0,0.07,-1.0,67.2,21566.1
2022-01-03,290.416,4.0,0.08,-1.0,67.2,21566.1
2022-01-04,290.416,4.0,0.08,-1.0,67.2,21566.1
2022-01-05,290.416,4.0,0.08,-1.0,67.2,21566.1
2022-01-06,290.416,4.0,0.08,-1.0,67.2,21566.1
2022-01-07,290.416,4.0,0.08,-1.0,67.2,21566.1
2022-01-08,290.416,4.0,0.08,-1.0,67.2,21566.1
2022-01-09,290.416,4.0,0.08,-1.0,67.2,21566.1
2022-01-10,290.416,4.0,0.08,-1.0,67.2,21566.1
2022-01-11,290.416,4.0,0.08,-1.0,67.2,21566.1
2022-01-12,290.416,4.0,0.08,-1.0,67.2,21566.1
2022-01-13,290.416,4.0,0.08,-1.0,67.2,21566.1
2022-01-14,290.416,4.0,0.08,-1.0,67.2,21566.1
2022-01-15,290.416,4.0,0.08,-1.0,67.2,21566.1
2022-01-16,290.416,4.0,0.08,-1.0,67.2,21566.1
2022-01-17,290.416,4.0,0.08,-1.0,67.2,21566.1
2022-01-18,290.416,4.0,0.08,-1.0,67.2,21566.1
2022-01-19,290.416,4.0,0.08,-1.0,67.2,21566.1
2022-01-20,290.416,4.0,0.08,-1.0,67.2,21566.1
2022-01-21,290.416,4.0,0.08,-1.0,67.2,21566.1
2022-01-22,290.416,4.0,0.08,-1.0,67.2,21566.1
2022-01-23,290.416,4.0,0.08,-1.0,67.2,21566.1
2022-01-24,290.416,4.0,0.08,-1.0,67.2,21566.1
2022-01-25,290.416,4.0,0.08,-1.0,67.2,21566.1
2022-01-26,290.416,4.0,0.08,-1.0,67.2,21566.1
2022-01-27,290.416,4.0,0.08,-1.0,67.2,21566.1
2022-01-28,290.416,4.0,0.08,-1.0,67.2,21566.1
2022-01-29,290.416,4.0,0.08,-1.0,67.2,21566.1
2022-01-30,290.416,4.0,0.08,-1.0,67.2,21566.1
2022-01-31,290.416,4.0,0.08,-1.0,67.2,21566.1
2022-02-01,305.959,3.8,0.08,-1.0,62.8,21621.0
2022-02-02,305.959,3.8,0.08,-1.0,62.8,21621.0
2022-02-03,305.959,3.8,0.08,-1.0,62.8,21621.0
2022-02-04,305.959,3.8,0.08,-1.0,62.8,21621.0
2022-02-05,305.959,3.8,0.08,-1.0,62.8,21621.0
2022-02-06,305.959,3.8,0.08,-1.0,62.8,21621.0
2022-02-07,305.959,3.8,0.08,-1.0,62.8,21621.0
2022-02-08,305.959,3.8,0.08,-1.0,62.8,21621.0
2022-02-09,305.959,3.8,0.08,-1.0,62.8,21621.0
2022-02-10,305.959,3.8,0.08,-1.0,62.8,21621.0
2022-02-11,305.959,3.8,0.08,-1.0,62.8,21621.0
2022-02-12,305.959,3.8,0.08,-1.0,62.8,21621.0
2022-02-13,305.959,3.8,0.08,-1.0,62.8,21621.0
2022-02-14,305.959,3.8,0.08,-1.0,62.8,21621.0
2022-02-15,305.959,3.8,0.08,-1.0,62.8,21621.0
2022-02-16,305.959,3.8,0.08,-1.0,62.8,21621.0
2022-02-17,305.959,3.8,0.08,-1.0,62.8,21621.0
2022-02-18,305.959,3.8,0.08,-1.0,62.8,21621.0
2022-02-19,305.959,3.8,0.08,-1.0,62.8,21621.0
2022-02-20,305.959,3.8,0.08,-1.0,62.8,21621.0
2022-02-21,305.959,3.8,0.08,-1.0,62.8,21621.0
2022-02-22,305.959,3.8,0.08,-1.0,62.8,21621.0
2022-02-23,305.959,3.8,0.08,-1.0,62.8,21621.0
2022-02-24,305.959,3.8,0.08,-1.0,62.8,21621.0
2022-02-25,305.959,3.8,0.08,-1.0,62.8,21621.0
2022-02-26,305.959,3.8,0.08,-1.0,62.8,21621.0
2022-02-27,305.959,3.8,0.08,-1.0,62.8,21621.0
2022-02-28,305.959,3.8,0.08,-1.0,62.8,21621.0
2022-03-01,366.499,3.6,0.08,-1.0,59.4,21722.8
2022-03-02,366.499,3.6,0.08,-1.0,59.4,21722.8
2022-03-03,366.499,3.6,0.08,-1.0,59.4,21722.8
2022-03-04,366.499,3.6,0.08,-1.0,59.4,21722.8
2022-03-05,366.499,3.6,0.08,-1.0,59.4,21722.8
2022-03-06,366.499,3.6,0.08,-1.0,59.4,21722.8
2022-03-07,366.499,3.6,0.08,-1.0,59.4,21722.8
2022-03-08,366.499,3.6,0.08,-1.0,59.4,21722.8
2022-03-09,366.499,3.6,0.08,-1.0,59.4,21722.8
2022-03-10,366.499,3.6,0.08,-1.0,59.4,21722.8
2022-03-11,366.499,3.6,0.08,-1.0,59.4,21722.8
2022-03-12,366.499,3.6,0.08,-1.0,59.4,21722.8
2022-03-13,366.499,3.6,0.08,-1.0,59.4,21722.8
2022-03-14,366.499,3.6,0.08,-1.0,59.4,21722.8
2022-03-15,366.499,3.6,0.08,-1.0,59.4,21722.8
2022-03-16,366.499,3.6,0.08,-1.0,59.4,21722.8
2022-03-17,366.499,3.6,0.33,-1.0,59.4,21722.8
2022-03-18,366.499,3.6,0.33,-1.0,59.4,21722.8
2022-03-19,366.499,3.6,0.33,-1.0,59.4,21722.8
2022-03-20,366.499,3.6,0.33,-1.0,59.4,21722.8
2022-03-21,366.499,3.6,0.33,-1.0,59.4,21722.8
2022-03-22,366.499,3.6,0.33,-1.0,59.4,21722.8
2022-03-23,366.499,3.6,0.33,-1.0,59.4,21722.8
2022-03-24,366.499,3.6,0.33,-1.0,59.4,21722.8
2022-03-25,366.499,3.6,0.33,-1.0,59.4,21722.8
2022-03-26,366.499,3.6,0.33,-1.0,59.4,21722.8
2022-03-27,366.499,3.6,0.33,-1.0,59.4,21722.8
2022-03-28,366.499,3.6,0.33,-1.0,59.4,21722.8
2022-03-29,366.499,3.6,0.33,-1.0,59.4,21722.8
2022-03-30,366.499,3.6,0.33,-1.0,59.4,21722.8
2022-03-31,366.499,3.6,0.33,-1.0,59.4,21722.8
2022-04-01,362.802,3.7,0.33,0.3,65.2,21723.2
2022-04-02,362.802,3.7,0.33,0.3,65.2,21723.2
2022-04-03,362.802,3.7,0.33,0.3,65.2,21723.2
2022-04-04,362.802,3.7,0.33,0.3,65.2,21723.2
2022-04-05,362.802,3.7,0.33,0.3,65.2,21723.2
2022-04-06,362.802,3.7,0.33,0.3,65.2,21723.2
2022-04-07,362.802,3.7,0.33,0.3,65.2,21723.2
2022-04-08,362.802,3.7,0.33,0.3,65.2,21723.2
2022-04-09,362.802,3.7,0.33,0.3,65.2,21723.2
2022-04-10,362.802,3.7,0.33,0.3,65.2,21723.2
2022-04-11,362.802,3.7,0.33,0.3,65.2,21723.2
2022-04-12,362.802,3.7,0.33,0.3,65.2,21723.2
2022-04-13,362.802,3.7,0.33,0.3,65.2,21723.2
2022-04-14,362.802,3.7,0.33,0.3,65.2,21723.2
2022-04-15,362.802,3.7,0.33,0.3,65.2,21723.2
2022-04-16,362.802,3.7,0.33,0.3,65.2,21723.2
2022-04-17,362.802,3.7,0.33,0.3,65.2,21723.2
2022-04-18,362.802,3.7,0.33,0.3,65.2,21723.2
2022-04-19,362.802,3.7,0.33,0.3,65.2,21723.2
2022-04-20,362.802,3.7,0.33,0.3,65.2,21723.2
2022-04-21,362.802,3.7,0.33,0.3,65.2,21723.2
2022-04-22,362.802,3.7,0.33,0.3,65.2,21723.2
2022-04-23,362.802,3.7,0.33,0.3,65.2,21723.2
2022-04-24,362.802,3.7,0.33,0.3,65.2,21723.2
2022-04-25,362.802,3.7,0.33,0.3,65.2,21723.2
2022-04-26,362.802,3.7,0.33,0.3,65.2,21723.2
2022-04-27,362.802,3.7,0.33,0.3,65.2,21723.2
2022-04-28,362.802,3.7,0.33,0.3,65.2,21723.2
2022-04-29,362.802,3.7,0.33,0.3,65.2,21723.2
2022-04-30,362.802,3.7,0.33,0.3,65.2,21723.2
2022-05-01,391.262,3.6,0.33,0.3,58.4,21696.6
2022-05-02,391.262,3.6,0.33,0.3,58.4,21696.6
2022-05-03,391.262,3.6,0.33,0.3,58.4,21696.6
2022-05-04,391.262,3.6,0.33,0.3,58.4,21696.6
2022-05-05,391.262,3.6,0.83,0.3,58.4,21696.6
2022-05-06,391.262,3.6,0.83,0.3,58.4,21696.6
2022-05-07,391.262,3.6,0.83,0.3,58.4,21696.6
2022-05-08,391.262,3.6,0.83,0.3,58.4,21696.6
2022-05-09,391.262,3.6,0.83,0.3,58.4,21696.6
2022-05-10,391.262,3.6,0.83,0.3,58.4,21696.6
2022-05-11,391.262,3.6,0.83,0.3,58.4,21696.6
2022-05-12,391.262,3.6,0.83,0.3,58.4,21696.6
2022-05-13,391.262,3.6,0.83,0.3,58.4,21696.6
2022-05-14,391.262,3.6,0.83,0.3,58.4,21696.6
2022-05-15,391.262,3.6,0.83,0.3,58.4,21696.6
2022-05-16,391.262,3.6,0.83,0.3,58.4,21696.6
2022-05-17,391.262,3.6,0.83,0.3,58.4,21696.6
2022-05-18,391.262,3.6,0.83,0.3,58.4,21696.6
2022-05-19,391.262,3.6,0.83,0.3,58.4,21696.6
2022-05-20,391.262,3.6,0.83,0.3,58.4,21696.6
2022-05-21,391.262,3.6,0.83,0.3,58.4,21696.6
2022-05-22,391.262,3.6,0.83,0.3,58.4,21696.6
2022-05-23,391.262,3.6,0.83,0.3,58.4,21696.6
2022-05-24,391.262,3.6,0.83,0.3,58.4,21696.6
2022-05-25,391.262,3.6,0.83,0.3,58.4,21696.6
2022-05-26,391.262,3.6,0.83,0.3,58.4,21696.6
2022-05-27,391.262,3.6,0.83,0.3,58.4,21696.6
2022-05-28,391.262,3.6,0.83,0.3,58.4,21696.6
2022-05-29,391.262,3.6,0.83,0.3,58.4,21696.6
2022-05-30,391.262,3.6,0.83,0.3,58.4,21696.6
2022-05-31,391.262,3.6,0.83,0.3,58.4,21696.6
2022-06-01,430.142,3.6,0.83,0.3,50.0,21652.4
2022-06-02,430.142,3.6,0.83,0.3,50.0,21652.4
2022-06-03,430.142,3.6,0.83,0.3,50.0,21652.4
2022-06-04,430.142,3.6,0.83,0.3,50.0,21652.4
2022-06-05,430.142,3.6,0.83,0.3,50.0,21652.4
2022-06-06,430.142,3.6,0.83,0.3,50.0,21652.4
2022-06-07,430.142,3.6,0.83,0.3,50.0,21652.4
2022-06-08,430.142,3.6,0.83,0.3,50.0,21652.4
2022-06-09,430.142,3.6,0.83,0.3,50.0,21652.4
2022-06-10,430.142,3.6,0.83,0.3,50.0,21652.4
2022-06-11,430.142,3.6,0.83,0.3,50.0,21652.4
2022-06-12,430.142,3.6,0.83,0.3,50.0,21652.4
2022-06-13,430.142,3.6,0.83,0.3,50.0,21652.4
2022-06-14,430.142,3.6,0.83,0.3,50.0,21652.4
2022-06-15,430.142,3.6,0.83,0.3,50.0,21652.4
2022-06-16,430.142,3.6,1.58,0.3,50.0,21652.4
2022-06-17,430.142,3.6,1.58,0.3,50.0,21652.4
2022-06-18,430.142,3.6,1.58,0.3,50.0,21652.4
2022-06-19,430.142,3.6,1.58,0.3,50.0,21652.4
2022-06-20,430.142,3.6,1.58,0.3,50.0,21652.4
2022-06-21,430.142,3.6,1.58,0.3,50.0,21652.4
2022-06-22,430.142,3.6,1.58,0.3,50.0,21652.4
2022-06-23,430.142,3.6,1.58,0.3,50.0,21652.4
2022-06-24,430.142,3.6,1.58,0.3,50.0,21652.4
2022-06-25,430.142,3.6,1.58,0.3,50.0,21652.4
2022-06-26,430.142,3.6,1.58,0.3,50.0,21652.4
2022-06-27,430.142,3.6,1.58,0.3,50.0,21652.4
2022-06-28,430.142,3.6,1.58,0.3,50.0,21652.4
2022-06-29,430.142,3.6,1.58,0.3,50.0,21652.4
2022-06-30,430.142,3.6,1.58,0.3,50.0,21652.4
2022-07-01,396.952,3.5,1.58,2.7,51.5,21644.5
2022-07-02,396.952,3.5,1.58,2.7,51.5,21644.5
2022-07-03,396.952,3.5,1.58,2.7,51.5,21644.5
2022-07-04,396.952,3.5,1.58,2.7,51.5,21644.5
2022-07-05,396.952,3.5,1.58,2.7,51.5,21644.5
2022-07-06,396.952,3.5,1.58,2.7,51.5,21644.5
2022-07-07,396.952,3.5,1.58,2.7,51.5,21644.5
2022-07-08,396.952,3.5,1.58,2.7,51.5,21644.5
2022-07-09,396.952,3.5,1.58,2.7,51.5,21644.5
2022-07-10,396.952,3.5,1.58,2.7,51.5,21644.5
2022-07-11,396.952,3.5,1.58,2.7,51.5,21644.5
2022-07-12,396.952,3.5,1.58,2.7,51.5,21644.5
2022-07-13,396.952,3.5,1.58,2.7,51.5,21644.5
2022-07-14,396.952,3.5,1.58,2.7,51.5,21644.5
2022-07-15,396.952,3.5,1.58,2.7,51.5,21644.5
2022-07-16,396.952,3.5,1.58,2.7,51.5,21644.5
2022-07-17,396.952,3.5,1.58,2.7,51.5,21644.5
2022-07-18,396.952,3.5,1.58,2.7,51.5,21644.5
2022-07-19,396.952,3.5,1.58,2.7,51.5,21644.5
2022-07-20,396.952,3.5,1.58,2.7,51.5,21644.5
2022-07-21,396.952,3.5,1.58,2.7,51.5,21644.5
2022-07-22,396.952,3.5,1.58,2.7,51.5,21644.5
2022-07-23,396.952,3.5,1.58,2.7,51.5,21644.5
2022-07-24,396.952,3.5,1.58,2.7,51.5,21644.5
2022-07-25,396.952,3.5,1.58,2.7,51.5,21644.5
2022-07-26,396.952,3.5,1.58,2.7,51.5,21644.5
2022-07-27,396.952,3.5,1.58,2.7,51.5,21644.5
2022-07-28,396.952,3.5,2.33,2.7,51.5,21644.5
2022-07-29,396.952,3.5,2.32,2.7,51.5,21644.5
2022-07-30,396.952,3.5,2.32,2.7,51.5,21644.5
2022-07-31,396.952,3.5,2.32,2.7,51.5,21644.5
2022-08-01,348.593,3.6,2.33,2.7,58.2,21626.7
2022-08-02,348.593,3.6,2.33,2.7,58.2,21626.7
2022-08-03,348.593,3.6,2.33,2.7,58.2,21626.7
2022-08-04,348.593,3.6,2.33,2.7,58.2,21626.7
2022-08-05,348.593,3.6,2.33,2.7,58.2,21626.7
2022-08-06,348.593,3.6,2.33,2.7,58.2,21626.7
2022-08-07,348.593,3.6,2.33,2.7,58.2,21626.7
2022-08-08,348.593,3.6,2.33,2.7,58.2,21626.7
2022-08-09,348.593,3.6,2.33,2.7,58.2,21626.7
2022-08-10,348.593,3.6,2.33,2.7,58.2,21626.7
2022-08-11,348.593,3.6,2.33,2.7,58.2,21626.7
2022-08-12,348.593,3.6,2.33,2.7,58.2,21626.7
2022-08-13,348.593,3.6,2.33,2.7,58.2,21626.7
2022-08-14,348.593,3.6,2.33,2.7,58.2,21626.7
2022-08-15,348.593,3.6,2.33,2.7,58.2,21626.7
2022-08-16,348.593,3.6,2.33,2.7,58.2,21626.7
2022-08-17,348.593,3.6,2.33,2.7,58.2,21626.7
2022-08-18,348.593,3.6,2.33,2.7,58.2,21626.7
2022-08-19,348.593,3.6,2.33,2.7,58.2,21626.7
2022-08-20,348.593,3.6,2.33,2.7,58.2,21626.7
2022-08-21,348.593,3.6,2.33,2.7,58.2,21626.7
2022-08-22,348.593,3.6,2.33,2.7,58.2,21626.7
2022-08-23,348.593,3.6,2.33,2.7,58.2,21626.7
2022-08-24,348.593,3.6,2.33,2.7,58.2,21626.7
2022-08-25,348.593,3.6,2.33,2.7,58.2,21626.7
2022-08-26,348.593,3.6,2.33,2.7,58.2,21626.7
2022-08-27,348.593,3.6,2.33,2.7,58.2,21626.7
2022-08-28,348.593,3.6,2.33,2.7,58.2,21626.7
2022-08-29,348.593,3.6,2.33,2.7,58.2,21626.7
2022-08-30,348.593,3.6,2.33,2.7,58.2,21626.7
2022-08-31,348.593,3.6,2.33,2.7,58.2,21626.7
2022-09-01,328.918,3.5,2.33,2.7,58.6,21507.7
2022-09-02,328.918,3.5,2.33,2.7,58.6,21507.7
2022-09-03,328.918,3.5,2.33,2.7,58.6,21507.7
2022-09-04,328.918,3.5,2.33,2.7,58.6,21507.7
2022-09-05,328.918,3.5,2.33,2.7,58.6,21507.7
2022-09-06,328.918,3.5,2.33,2.7,58.6,21507.7
2022-09-07,328.918,3.5,2.33,2.7,58.6,21507.7
2022-09-08,328.918,3.5,2.33,2.7,58.6,21507.7
2022-09-09,328.918,3.5,2.33,2.7,58.6,21507.7
2022-09-10,328.918,3.5,2.33,2.7,58.6,21507.7
2022-09-11,328.918,3.5,2.33,2.7,58.6,21507.7
2022-09-12,328.918,3.5,2.33,2.7,58.6,21507.7
2022-09-13,328.918,3.5,2.33,2.7,58.6,21507.7
2022-09-14,328.918,3.5,2.33,2.7,58.6,21507.7
2022-09-15,328.918,3.5,2.33,2.7,58.6,21507.7
2022-09-16,328.918,3.5,2.33,2.7,58.6,21507.7
2022-09-17,328.918,3.5,2.33,2.7,58.6,21507.7
2022-09-18,328.918,3.5,2.33,2.7,58.6,21507.7
2022-09-19,328.918,3.5,2.33,2.7,58.6,21507.7
2022-09-20,328.918,3.5,2.33,2.7,58.6,21507.7
2022-09-21,328.918,3.5,2.33,2.7,58.6,21507.7
2022-09-22,328.918,3.5,3.08,2.7,58.6,21507.7
2022-09-23,328.918,3.5,3.08,2.7,58.6,21507.7
2022-09-24,328.918,3.5,3.08,2.7,58.6,21507.7
2022-09-25,328.918,3.5,3.08,2.7,58.6,21507.7
2022-09-26,328.918,3.5,3.08,2.7,58.6,21507.7
2022-09-27,328.918,3.5,3.08,2.7,58.6,21507.7
2022-09-28,328.918,3.5,3.08,2.7,58.6,21507.7
2022-09-29,328.918,3.5,3.08,2.7,58.6,21507.7
2022-09-30,328.918,3.5,3.08,2.7,58.6,21507.7
2022-10-01,339.017,3.6,3.08,3.4,59.9,21433.4
2022-10-02,339.017,3.6,3.08,3.4,59.9,21433.4
2022-10-03,339.017,3.6,3.08,3.4,59.9,21433.4
2022-10-04,339.017,3.6,3.08,3.4,59.9,21433.4
2022-10-05,339.017,3.6,3.08,3.4,59.9,21433.4
2022-10-06,339.017,3.6,3.08,3.4,59.9,21433.4
2022-10-07,339.017,3.6,3.08,3.4,59.9,21433.4
2022-10-08,339.017,3.6,3.08,3.4,59.9,21433.4
2022-10-09,339.017,3.6,3.08,3.4,59.9,21433.4
2022-10-10,339.017,3.6,3.08,3.4,59.9,21433.4
2022-10-11,339.017,3.6,3.08,3.4,59.9,21433.4
2022-10-12,339.017,3.6,3.08,3.4,59.9,21433.4
2022-10-13,339.017,3.6,3.08,3.4,59.9,21433.4
2022-10-14,339.017,3.6,3.08,3.4,59.9,21433.4
2022-10-15,339.017,3.6,3.08,3.4,59.9,21433.4
2022-10-16,339.017,3.6,3.08,3.4,59.9,21433.4
2022-10-17,339.017,3.6,3.08,3.4,59.9,21433.4
2022-10-18,339.017,3.6,3.08,3.4,59.9,21433.4
2022-10-19,339.017,3.6,3.08,3.4,59.9,21433.4
2022-10-20,339.017,3.6,3.08,3.4,59.9,21433.4
2022-10-21,339.017,3.6,3.08,3.4,59.9,21433.4
2022-10-22,339.017,3.6,3.08,3.4,59.9,21433.4
2022-10-23,339.017,3.6,3.08,3.4,59.9,21433.4
2022-10-24,339.017,3.6,3.08,3.4,59.9,21433.4
2022-10-25,339.017,3.6,3.08,3.4,59.9,21433.4
2022-10-26,339.017,3.6,3.08,3.4,59.9,21433.4
2022-10-27,339.017,3.6,3.08,3.4,59.9,21433.4
2022-10-28,339.017,3.6,3.08,3.4,59.9,21433.4
2022-10-29,339.017,3.6,3.08,3.4,59.9,21433.4
2022-10-30,339.017,3.6,3.08,3.4,59.9,21433.4
2022-10-31,339.017,3.6,3.08,3.4,59.9,21433.4
2022-11-01,326.649,3.6,3.08,3.4,56.7,21367.1
2022-11-02,326.649,3.6,3.08,3.4,56.7,21367.1
2022-11-03,326.649,3.6,3.83,3.4,56.7,21367.1
2022-11-04,326.649,3.6,3.83,3.4,56.7,21367.1
2022-11-05,326.649,3.6,3.83,3.4,56.7,21367.1
2022-11-06,326.649,3.6,3.83,3.4,56.7,21367.1
2022-11-07,326.649,3.6,3.83,3.4,56.7,21367.1
2022-11-08,326.649,3.6,3.83,3.4,56.7,21367.1
2022-11-09,326.649,3.6,3.83,3.4,56.7,21367.1
2022-11-10,326.649,3.6,3.83,3.4,56.7,21367.1
2022-11-11,326.649,3.6,3.83,3.4,56.7,21367.1
2022-11-12,326.649,3.6,3.83,3.4,56.7,21367.1
2022-11-13,326.649,3.6,3.83,3.4,56.7,21367.1
2022-11-14,326.649,3.6,3.83,3.4,56.7,21367.1
2022-11-15,326.649,3.6,3.83,3.4,56.7,21367.1
2022-11-16,326.649,3.6,3.83,3.4,56.7,21367.1
2022-11-17,326.649,3.6,3.83,3.4,56.7,21367.1
2022-11-18,326.649,3.6,3.83,3.4,56.7,21367.1
2022-11-19,326.649,3.6,3.83,3.4,56.7,21367.1
2022-11-20,326.649,3.6,3.83,3.4,56.7,21367.1
2022-11-21,326.649,3.6,3.83,3.4,56.7,21367.1
2022-11-22,326.649,3.6,3.83,3.4,56.7,21367.1
2022-11-23,326.649,3.6,3.83,3.4,56.7,21367.1
2022-11-24,326.649,3.6,3.83,3.4,56.7,21367.1
2022-11-25,326.649,3.6,3.83,3.4,56.7,21367.1
2022-11-26,326.649,3.6,3.83,3.4,56.7,21367.1
2022-11-27,326.649,3.6,3.83,3.4,56.7,21367.1
2022-11-28,326.649,3.6,3.83,3.4,56.7,21367.1
2022-11-29,326.649,3.6,3.83,3.4,56.7,21367.1
2022-11-30,326.649,3.6,3.83,3.4,56.7,21367.1
2022-12-01,285.757,3.5,3.83,3.4,59.8,21273.2
2022-12-02,285.757,3.5,3.83,3.4,59.8,21273.2
2022-12-03,285.757,3.5,3.83,3.4,59.8,21273.2
2022-12-04,285.757,3.5,3.83,3.4,59.8,21273.2
2022-12-05,285.757,3.5,3.83,3.4,59.8,21273.2
2022-12-06,285.757,3.5,3.83,3.4,59.8,21273.2
2022-12-07,285.757,3.5,3.83,3.4,59.8,21273.2
2022-12-08,285.757,3.5,3.83,3.4,59.8,21273.2
2022-12-09,285.757,3.5,3.83,3.4,59.8,21273.2
2022-12-10,285.757,3.5,3.83,3.4,59.8,21273.2
2022-12-11,285.757,3.5,3.83,3.4,59.8,21273.2
2022-12-12,285.757,3.5,3.83,3.4,59.8,21273.2
2022-12-13,285.757,3.5,3.83,3.4,59.8,21273.2
2022-12-14,285.757,3.5,3.83,3.4,59.8,21273.2
2022-12-15,285.757,3.5,4.33,3.4,59.8,21273.2
2022-12-16,285.757,3.5,4.33,3.4,59.8,21273.2
2022-12-17,285.757,3.5,4.33,3.4,59.8,21273.2
2022-12-18,285.757,3.5,4.33,3.4,59.8,21273.2
2022-12-19,285.757,3.5,4.33,3.4,59.8,21273.2
2022-12-20,285.757,3.5,4.33,3.4,59.8,21273.2
2022-12-21,285.757,3.5,4.33,3.4,59.8,21273.2
2022-12-22,285.757,3.5,4.33,3.4,59.8,21273.2
2022-12-23,285.757,3.5,4.33,3.4,59.8,21273.2
2022-12-24,285.757,3.5,4.33,3.4,59.8,21273.2
2022-12-25,285.757,3.5,4.33,3.4,59.8,21273.2
2022-12-26,285.757,3.5,4.33,3.4,59.8,21273.2
2022-12-27,285.757,3.5,4.33,3.4,59.8,21273.2
2022-12-28,285.757,3.5,4.33,3.4,59.8,21273.2
2022-12-29,285.757,3.5,4.33,3.4,59.8,21273.2
2022-12-30,285.757,3.5,4.33,3.4,59.8,21273.2
2022-12-31,285.757,3.5,4.33,3.4,59.8,21273.2
2023-01-01,294.759,3.4,4.33,2.8,64.9,21188.1
2023-01-02,294.759,3.4,4.33,2.8,64.9,21188.1
2023-01-03,294.759,3.4,4.33,2.8,64.9,21188.1
2023-01-04,294.759,3.4,4.33,2.8,64.9,21188.1
2023-01-05,294.759,3.4,4.33,2.8,64.9,21188.1
2023-01-06,294.759,3.4,4.33,2.8,64.9,21188.1
2023-01-07,294.759,3.4,4.33,2.8,64.9,21188.1
2023-01-08,294.759,3.4,4.33,2.8,64.9,21188.1
2023-01-09,294.759,3.4,4.33,2.8,64.9,21188.1
2023-01-10,294.759,3.4,4.33,2.8,64.9,21188.1
2023-01-11,294.759,3.4,4.33,2.8,64.9,21188.1
2023-01-12,294.759,3.4,4.33,2.8,64.9,21188.1
2023-01-13,294.759,3.4,4.33,2.8,64.9,21188.1
2023-01-14,294.759,3.4,4.33,2.8,64.9,21188.1
2023-01-15,294.759,3.4,4.33,2.8,64.9,21188.1
2023-01-16,294.759,3.4,4.33,2.8,64.9,21188.1
2023-01-17,294.759,3.4,4.33,2.8,64.9,21188.1
2023-01-18,294.759,3.4,4.33,2.8,64.9,21188.1
2023-01-19,294.759,3.4,4.33,2.8,64.9,21188.1
2023-01-20,294.759,3.4,4.33,2.8,64.9,21188.1
2023-01-21,294.759,3.4,4.33,2.8,64.9,21188.1
2023-01-22,294.759,3.4,4.33,2.8,64.9,21188.1
2023-01-23,294.759,3.4,4.33,2.8,64.9,21188.1
2023-01-24,294.759,3.4,4.33,2.8,64.9,21188.1
2023-01-25,294.759,3.4,4.33,2.8,64.9,21188.1
2023-01-26,294.759,3.4,4.33,2.8,64.9,21188.1
2023-01-27,294.759,3.4,4.33,2.8,64.9,21188.1
2023-01-28,294.759,3.4,4.33,2.8,64.9,21188.1
2023-01-29,294.759,3.4,4.33,2.8,64.9,21188.1
2023-01-30,294.759,3.4,4.33,2.8,64.9,21188.1
2023-01-31,294.759,3.4,4.33,2.8,64.9,21188.1
2023-02-01,299.774,3.6,4.33,2.8,66.9,21117.6
2023-02-02,299.774,3.6,4.58,2.8,66.9,21117.6
2023-02-03,299.774,3.6,4.58,2.8,66.9,21117.6
2023-02-04,299.774,3.6,4.58,2.8,66.9,21117.6
2023-02-05,299.774,3.6,4.58,2.8,66.9,21117.6
2023-02-06,299.774,3.6,4.58,2.8,66.9,21117.6
2023-02-07,299.774,3.6,4.58,2.8,66.9,21117.6
2023-02-08,299.774,3.6,4.58,2.8,66.9,21117.6
2023-02-09,299.774,3.6,4.57,2.8,66.9,21117.6
2023-02-10,299.774,3.6,4.58,2.8,66.9,21117.6
2023-02-11,299.774,3.6,4.58,2.8,66.9,21117.6
2023-02-12,299.774,3.6,4.58,2.8,66.9,21117.6
2023-02-13,299.774,3.6,4.58,2.8,66.9,21117.6
2023-02-14,299.774,3.6,4.58,2.8,66.9,21117.6
2023-02-15,299.774,3.6,4.58,2.8,66.9,21117.6
2023-02-16,299.774,3.6,4.58,2.8,66.9,21117.6
2023-02-17,299.774,3.6,4.58,2.8,66.9,21117.6
2023-02-18,299.774,3.6,4.58,2.8,66.9,21117.6
2023-02-19,299.774,3.6,4.58,2.8,66.9,21117.6
2023-02-20,299.774,3.6,4.58,2.8,66.9,21117.6
2023-02-21,299.774,3.6,4.58,2.8,66.9,21117.6
2023-02-22,299.774,3.6,4.58,2.8,66.9,21117.6
2023-02-23,299.774,3.6,4.58,2.8,66.9,21117.6
2023-02-24,299.774,3.6,4.58,2.8,66.9,21117.6
2023-02-25,299.774,3.6,4.58,2.8,66.9,21117.6
2023-02-26,299.774,3.6,4.58,2.8,66.9,21117.6
2023-02-27,299.774,3.6,4.57,2.8,66.9,21117.6
2023-02-28,299.774,3.6,4.57,2.8,66.9,21117.6
2023-03-01,302.673,3.5,4.58,2.8,62.0,20870.5
2023-03-02,302.673,3.5,4.57,2.8,62.0,20870.5
2023-03-03,302.673,3.5,4.57,2.8,62.0,20870.5
2023-03-04,302.673,3.5,4.57,2.8,62.0,20870.5
2023-03-05,302.673,3.5,4.57,2.8,62.0,20870.5
2023-03-06,302.673,3.5,4.57,2.8,62.0,20870.5
2023-03-07,302.673,3.5,4.57,2.8,62.0,20870.5
2023-03-08,302.673,3.5,4.57,2.8,62.0,20870.5
2023-03-09,302.673,3.5,4.57,2.8,62.0,20870.5
2023-03-10,302.673,3.5,4.57,2.8,62.0,20870.5
2023-03-11,302.673,3.5,4.57,2.8,62.0,20870.5
2023-03-12,302.673,3.5,4.57,2.8,62.0,20870.5
2023-03-13,302.673,3.5,4.58,2.8,62.0,20870.5
2023-03-14,302.673,3.5,4.58,2.8,62.0,20870.5
2023-03-15,302.673,3.5,4.58,2.8,62.0,20870.5
2023-03-16,302.673,3.5,4.58,2.8,62.0,20870.5
2023-03-17,302.673,3.5,4.58,2.8,62.0,20870.5
2023-03-18,302.673,3.5,4.58,2.8,62.0,20870.5
2023-03-19,302.673,3.5,4.58,2.8,62.0,20870.5
2023-03-20,302.673,3.5,4.58,2.8,62.0,20870.5
2023-03-21,302.673,3.5,4.58,2.8,62.0,20870.5
2023-03-22,302.673,3.5,4.58,2.8,62.0,20870.5
2023-03-23,302.673,3.5,4.83,2.8,62.0,20870.5
2023-03-24,302.673,3.5,4.83,2.8,62.0,20870.5
2023-03-25,302.673,3.5,4.83,2.8,62.0,20870.5
2023-03-26,302.673,3.5,4.83,2.8,62.0,20870.5
2023-03-27,302.673,3.5,4.83,2.8,62.0,20870.5
2023-03-28,302.673,3.5,4.83,2.8,62.0,20870.5
2023-03-29,302.673,3.5,4.83,2.8,62.0,20870.5
2023-03-30,302.673,3.5,4.83,2.8,62.0,20870.5
2023-03-31,302.673,3.5,4.83,2.8,62.0,20870.5
2023-04-01,318.482,3.4,4.83,2.4,63.7,20711.9
2023-04-02,318.482,3.4,4.83,2.4,63.7,20711.9
2023-04-03,318.482,3.4,4.83,2.4,63.7,20711.9
2023-04-04,318.482,3.4,4.83,2.4,63.7,20711.9
2023-04-05,318.482,3.4,4.83,2.4,63.7,20711.9
2023-04-06,318.482,3.4,4.83,2.4,63.7,20711.9
2023-04-07,318.482,3.4,4.83,2.4,63.7,20711.9
2023-04-08,318.482,3.4,4.83,2.4,63.7,20711.9
2023-04-09,318.482,3.4,4.83,2.4,63.7,20711.9
2023-04-10,318.482,3.4,4.83,2.4,63.7,20711.9
2023-04-11,318.482,3.4,4.83,2.4,63.7,20711.9
2023-04-12,318.482,3.4,4.83,2.4,63.7,20711.9
2023-04-13,318.482,3.4,4.83,2.4,63.7,20711.9
2023-04-14,318.482,3.4,4.83,2.4,63.7,20711.9
2023-04-15,318.482,3.4,4.83,2.4,63.7,20711.9
2023-04-16,318.482,3.4,4.83,2.4,63.7,20711.9
2023-04-17,318.482,3.4,4.83,2.4,63.7,20711.9
2023-04-18,318.482,3.4,4.83,2.4,63.7,20711.9
2023-04-19,318.482,3.4,4.83,2.4,63.7,20711.9
2023-04-20,318.482,3.4,4.83,2.4,63.7,20711.9
2023-04-21,318.482,3.4,4.83,2.4,63.7,20711.9
2023-04-22,318.482,3.4,4.83,2.4,63.7,20711.9
2023-04-23,318.482,3.4,4.83,2.4,63.7,20711.9
2023-04-24,318.482,3.4,4.83,2.4,63.7,20711.9
2023-04-25,318.482,3.4,4.83,2.4,63.7,20711.9
2023-04-26,318.482,3.4,4.83,2.4,63.7,20711.9
2023-04-27,318.482,3.4,4.83,2.4,63.7,20711.9
2023-04-28,318.482,3.4,4.83,2.4,63.7,20711.9
2023-04-29,318.482,3.4,4.83,2.4,63.7,20711.9
2023-04-30,318.482,3.4,4.83,2.4,63.7,20711.9
2023-05-01,314.116,3.7,4.83,2.4,59.0,20804.6
2023-05-02,314.116,3.7,4.83,2.4,59.0,20804.6
2023-05-03,314.116,3.7,4.83,2.4,59.0,20804.6
2023-05-04,314.116,3.7,5.08,2.4,59.0,20804.6
2023-05-05,314.116,3.7,5.08,2.4,59.0,20804.6
2023-05-06,314.116,3.7,5.08,2.4,59.0,20804.6
2023-05-07,314.116,3.7,5.08,2.4,59.0,20804.6
2023-05-08,314.116,3.7,5.08,2.4,59.0,20804.6
2023-05-09,314.116,3.7,5.08,2.4,59.0,20804.6
2023-05-10,314.116,3.7,5.08,2.4,59.0,20804.6
2023-05-11,314.116,3.7,5.08,2.4,59.0,20804.6
2023-05-12,314.116,3.7,5.08,2.4,59.0,20804.6
2023-05-13,314.116,3.7,5.08,2.4,59.0,20804.6
2023-05-14,314.116,3.7,5.08,2.4,59.0,20804.6
2023-05-15,314.116,3.7,5.08,2.4,59.0,20804.6
2023-05-16,314.116,3.7,5.08,2.4,59.0,20804.6
2023-05-17,314.116,3.7,5.08,2.4,59.0,20804.6
2023-05-18,314.116,3.7,5.08,2.4,59.0,20804.6
2023-05-19,314.116,3.7,5.08,2.4,59.0,20804.6
2023-05-20,314.116,3.7,5.08,2.4,59.0,20804.6
2023-05-21,314.116,3.7,5.08,2.4,59.0,20804.6
2023-05-22,314.116,3.7,5.08,2.4,59.0,20804.6
2023-05-23,314.116,3.7,5.08,2.4,59.0,20804.6
2023-05-24,314.116,3.7,5.08,2.4,59.0,20804.6
2023-05-25,314.116,3.7,5.08,2.4,59.0,20804.6
2023-05-26,314.116,3.7,5.08,2.4,59.0,20804.6
2023-05-27,314.116,3.7,5.08,2.4,59.0,20804.6
2023-05-28,314.116,3.7,5.08,2.4,59.0,20804.6
2023-05-29,314.116,3.7,5.08,2.4,59.0,20804.6
2023-05-30,314.116,3.7,5.08,2.4,59.0,20804.6
2023-05-31,314.116,3.7,5.08,2.4,59.0,20804.6
2023-06-01,316.258,3.6,5.08,2.4,64.2,20788.4
2023-06-02,316.258,3.6,5.08,2.4,64.2,20788.4
2023-06-03,316.258,3.6,5.08,2.4,64.2,20788.4
2023-06-04,316.258,3.6,5.08,2.4,64.2,20788.4
2023-06-05,316.258,3.6,5.08,2.4,64.2,20788.4
2023-06-06,316.258,3.6,5.08,2.4,64.2,20788.4
2023-06-07,316.258,3.6,5.08,2.4,64.2,20788.4
2023-06-08,316.258,3.6,5.08,2.4,64.2,20788.4
2023-06-09,316.258,3.6,5.08,2.4,64.2,20788.4
2023-06-10,316.258,3.6,5.08,2.4,64.2,20788.4
2023-06-11,316.258,3.6,5.08,2.4,64.2,20788.4
2023-06-12,316.258,3.6,5.08,2.4,64.2,20788.4
2023-06-13,316.258,3.6,5.08,2.4,64.2,20788.4
2023-06-14,316.258,3.6,5.08,2.4,64.2,20788.4
2023-06-15,316.258,3.6,5.07,2.4,64.2,20788.4
2023-06-16,316.258,3.6,5.08,2.4,64.2,20788.4
2023-06-17,316.258,3.6,5.08,2.4,64.2,20788.4
2023-06-18,316.258,3.6,5.08,2.4,64.2,20788.4
2023-06-19,316.258,3.6,5.08,2.4,64.2,20788.4
2023-06-20,316.258,3.6,5.07,2.4,64.2,20788.4
2023-06-21,316.258,3.6,5.07,2.4,64.2,20788.4
2023-06-22,316.258,3.6,5.07,2.4,64.2,20788.4
2023-06-23,316.258,3.6,5.07,2.4,64.2,20788.4
2023-06-24,316.258,3.6,5.07,2.4,64.2,20788.4
2023-06-25,316.258,3.6,5.07,2.4,64.2,20788.4
2023-06-26,316.258,3.6,5.07,2.4,64.2,20788.4
2023-06-27,316.258,3.6,5.07,2.4,64.2,20788.4
2023-06-28,316.258,3.6,5.07,2.4,64.2,20788.4
2023-06-29,316.258,3.6,5.07,2.4,64.2,20788.4
2023-06-30,316.258,3.6,5.08,2.4,64.2,20788.4
2023-07-01,318.071,3.5,5.08,4.4,71.5,20762.6
2023-07-02,318.071,3.5,5.08,4.4,71.5,20762.6
2023-07-03,318.071,3.5,5.08,4.4,71.5,20762.6
2023-07-04,318.071,3.5,5.08,4.4,71.5,20762.6
2023-07-05,318.071,3.5,5.08,4.4,71.5,20762.6
2023-07-06,318.071,3.5,5.08,4.4,71.5,20762.6
2023-07-07,318.071,3.5,5.08,4.4,71.5,20762.6
2023-07-08,318.071,3.5,5.08,4.4,71.5,20762.6
2023-07-09,318.071,3.5,5.08,4.4,71.5,20762.6
2023-07-10,318.071,3.5,5.07,4.4,71.5,20762.6
2023-07-11,318.071,3.5,5.08,4.4,71.5,20762.6
2023-07-12,318.071,3.5,5.08,4.4,71.5,20762.6
2023-07-13,318.071,3.5,5.08,4.4,71.5,20762.6
2023-07-14,318.071,3.5,5.08,4.4,71.5,20762.6
2023-07-15,318.071,3.5,5.08,4.4,71.5,20762.6
2023-07-16,318.071,3.5,5.08,4.4,71.5,20762.6
2023-07-17,318.071,3.5,5.08,4.4,71.5,20762.6
2023-07-18,318.071,3.5,5.08,4.4,71.5,20762.6
2023-07-19,318.071,3.5,5.08,4.4,71.5,20762.6
2023-07-20,318.071,3.5,5.08,4.4,71.5,20762.6
2023-07-21,318.071,3.5,5.08,4.4,71.5,20762.6
2023-07-22,318.071,3.5,5.08,4.4,71.5,20762.6
2023-07-23,318.071,3.5,5.08,4.4,71.5,20762.6
2023-07-24,318.071,3.5,5.08,4.4,71.5,20762.6
2023-07-25,318.071,3.5,5.08,4.4,71.5,20762.6
2023-07-26,318.071,3.5,5.08,4.4,71.5,20762.6
2023-07-27,318.071,3.5,5.33,4.4,71.5,20762.6
2023-07-28,318.071,3.5,5.33,4.4,71.5,20762.6
2023-07-29,318.071,3.5,5.33,4.4,71.5,20762.6
2023-07-30,318.071,3.5,5.33,4.4,71.5,20762.6
2023-07-31,318.071,3.5,5.33,4.4,71.5,20762.6
2023-08-01,336.979,3.8,5.33,4.4,69.4,20735.1
2023-08-02,336.979,3.8,5.33,4.4,69.4,20735.1
2023-08-03,336.979,3.8,5.33,4.4,69.4,20735.1
2023-08-04,336.979,3.8,5.33,4.4,69.4,20735.1
2023-08-05,336.979,3.8,5.33,4.4,69.4,20735.1
2023-08-06,336.979,3.8,5.33,4.4,69.4,20735.1
2023-08-07,336.979,3.8,5.33,4.4,69.4,20735.1
2023-08-08,336.979,3.8,5.33,4.4,69.4,20735.1
2023-08-09,336.979,3.8,5.33,4.4,69.4,20735.1
2023-08-10,336.979,3.8,5.33,4.4,69.4,20735.1
2023-08-11,336.979,3.8,5.33,4.4,69.4,20735.1
2023-08-12,336.979,3.8,5.33,4.4,69.4,20735.1
2023-08-13,336.979,3.8,5.33,4.4,69.4,20735.1
2023-08-14,336.979,3.8,5.33,4.4,69.4,20735.1
2023-08-15,336.979,3.8,5.33,4.4,69.4,20735.1
2023-08-16,336.979,3.8,5.33,4.4,69.4,20735.1
2023-08-17,336.979,3.8,5.33,4.4,69.4,20735.1
2023-08-18,336.979,3.8,5.33,4.4,69.4,20735.1
2023-08-19,336.979,3.8,5.33,4.4,69.4,20735.1
2023-08-20,336.979,3.8,5.33,4.4,69.4,20735.1
2023-08-21,336.979,3.8,5.33,4.4,69.4,20735.1
2023-08-22,336.979,3.8,5.33,4.4,69.4,20735.1
2023-08-23,336.979,3.8,5.33,4.4,69.4,20735.1
2023-08-24,336.979,3.8,5.33,4.4,69.4,20735.1
2023-08-25,336.979,3.8,5.33,4.4,69.4,20735.1
2023-08-26,336.979,3.8,5.33,4.4,69.4,20735.1
2023-08-27,336.979,3.8,5.33,4.4,69.4,20735.1
2023-08-28,336.979,3.8,5.33,4.4,69.4,20735.1
2023-08-29,336.979,3.8,5.33,4.4,69.4,20735.1
2023-08-30,336.979,3.8,5.33,4.4,69.4,20735.1
2023-08-31,336.979,3.8,5.33,4.4,69.4,20735.1
2023-09-01,338.893,3.8,5.33,4.4,67.8,20681.4
2023-09-02,338.893,3.8,5.33,4.4,67.8,20681.4
2023-09-03,338.893,3.8,5.33,4.4,67.8,20681.4
2023-09-04,338.893,3.8,5.33,4.4,67.8,20681.4
2023-09-05,338.893,3.8,5.33,4.4,67.8,20681.4
2023-09-06,338.893,3.8,5.33,4.4,67.8,20681.4
2023-09-07,338.893,3.8,5.33,4.4,67.8,20681.4
2023-09-08,338.893,3.8,5.33,4.4,67.8,20681.4
2023-09-09,338.893,3.8,5.33,4.4,67.8,20681.4
2023-09-10,338.893,3.8,5.33,4.4,67.8,20681.4
2023-09-11,338.893,3.8,5.33,4.4,67.8,20681.4
2023-09-12,338.893,3.8,5.33,4.4,67.8,20681.4
2023-09-13,338.893,3.8,5.33,4.4,67.8,20681.4
2023-09-14,338.893,3.8,5.33,4.4,67.8,20681.4
2023-09-15,338.893,3.8,5.33,4.4,67.8,20681.4
2023-09-16,338.893,3.8,5.33,4.4,67.8,20681.4
2023-09-17,338.893,3.8,5.33,4.4,67.8,20681.4
2023-09-18,338.893,3.8,5.33,4.4,67.8,20681.4
2023-09-19,338.893,3.8,5.33,4.4,67.8,20681.4
2023-09-20,338.893,3.8,5.33,4.4,67.8,20681.4
2023-09-21,338.893,3.8,5.33,4.4,67.8,20681.4
2023-09-22,338.893,3.8,5.33,4.4,67.8,20681.4
2023-09-23,338.893,3.8,5.33,4.4,67.8,20681.4
2023-09-24,338.893,3.8,5.33,4.4,67.8,20681.4
2023-09-25,338.893,3.8,5.33,4.4,67.8,20681.4
2023-09-26,338.893,3.8,5.33,4.4,67.8,20681.4
2023-09-27,338.893,3.8,5.33,4.4,67.8,20681.4
2023-09-28,338.893,3.8,5.33,4.4,67.8,20681.4
2023-09-29,338.893,3.8,5.33,4.4,67.8,20681.4
2023-09-30,338.893,3.8,5.33,4.4,67.8,20681.4
2023-10-01,320.999,3.8,5.33,3.2,63.8,20662.5
2023-10-02,320.999,3.8,5.33,3.2,63.8,20662.5
2023-10-03,320.999,3.8,5.33,3.2,63.8,20662.5
2023-10-04,320.999,3.8,5.33,3.2,63.8,20662.5
2023-10-05,320.999,3.8,5.33,3.2,63.8,20662.5
2023-10-06,320.999,3.8,5.33,3.2,63.8,20662.5
2023-10-07,320.999,3.8,5.33,3.2,63.8,20662.5
2023-10-08,320.999,3.8,5.33,3.2,63.8,20662.5
2023-10-09,320.999,3.8,5.33,3.2,63.8,20662.5
2023-10-10,320.999,3.8,5.33,3.2,63.8,20662.5
2023-10-11,320.999,3.8,5.33,3.2,63.8,20662.5
2023-10-12,320.999,3.8,5.33,3.2,63.8,20662.5
2023-10-13,320.999,3.8,5.33,3.2,63.8,20662.5
2023-10-14,320.999,3.8,5.33,3.2,63.8,20662.5
2023-10-15,320.999,3.8,5.33,3.2,63.8,20662.5
2023-10-16,320.999,3.8,5.33,3.2,63.8,20662.5
2023-10-17,320.999,3.8,5.33,3.2,63.8,20662.5
2023-10-18,320.999,3.8,5.33,3.2,63.8,20662.5
2023-10-19,320.999,3.8,5.33,3.2,63.8,20662.5
2023-10-20,320.999,3.8,5.33,3.2,63.8,20662.5
2023-10-21,320.999,3.8,5.33,3.2,63.8,20662.5
2023-10-22,320.999,3.8,5.33,3.2,63.8,20662.5
2023-10-23,320.999,3.8,5.33,3.2,63.8,20662.5
2023-10-24,320.999,3.8,5.33,3.2,63.8,20662.5
2023-10-25,320.999,3.8,5.33,3.2,63.8,20662.5
2023-10-26,320.999,3.8,5.33,3.2,63.8,20662.5
2023-10-27,320.999,3.8,5.33,3.2,63.8,20662.5
2023-10-28,320.999,3.8,5.33,3.2,63.8,20662.5
2023-10-29,320.999,3.8,5.33,3.2,63.8,20662.5
2023-10-30,320.999,3.8,5.33,3.2,63.8,20662.5
2023-10-31,320.999,3.8,5.33,3.2,63.8,20662.5
2023-11-01,297.598,3.7,5.33,3.2,61.3,20675.8
2023-11-02,297.598,3.7,5.33,3.2,61.3,20675.8
2023-11-03,297.598,3.7,5.33,3.2,61.3,20675.8
2023-11-04,297.598,3.7,5.33,3.2,61.3,20675.8
2023-11-05,297.598,3.7,5.33,3.2,61.3,20675.8
2023-11-06,297.598,3.7,5.33,3.2,61.3,20675.8
2023-11-07,297.598,3.7,5.33,3.2,61.3,20675.8
2023-11-08,297.598,3.7,5.33,3.2,61.3,20675.8
2023-11-09,297.598,3.7,5.33,3.2,61.3,20675.8
2023-11-10,297.598,3.7,5.33,3.2,61.3,20675.8
2023-11-11,297.598,3.7,5.33,3.2,61.3,20675.8
2023-11-12,297.598,3.7,5.33,3.2,61.3,20675.8
2023-11-13,297.598,3.7,5.33,3.2,61.3,20675.8
2023-11-14,297.598,3.7,5.33,3.2,61.3,20675.8
2023-11-15,297.598,3.7,5.33,3.2,61.3,20675.8
2023-11-16,297.598,3.7,5.33,3.2,61.3,20675.8
2023-11-17,297.598,3.7,5.33,3.2,61.3,20675.8
2023-11-18,297.598,3.7,5.33,3.2,61.3,20675.8
2023-11-19,297.598,3.7,5.33,3.2,61.3,20675.8
2023-11-20,297.598,3.7,5.33,3.2,61.3,20675.8
2023-11-21,297.598,3.7,5.33,3.2,61.3,20675.8
2023-11-22,297.598,3.7,5.33,3.2,61.3,20675.8
2023-11-23,297.598,3.7,5.33,3.2,61.3,20675.8
2023-11-24,297.598,3.7,5.33,3.2,61.3,20675.8
2023-11-25,297.598,3.7,5.33,3.2,61.3,20675.8
2023-11-26,297.598,3.7,5.33,3.2,61.3,20675.8
2023-11-27,297.598,3.7,5.33,3.2,61.3,20675.8
2023-11-28,297.598,3.7,5.33,3.2,61.3,20675.8
2023-11-29,297.598,3.7,5.33,3.2,61.3,20675.8
2023-11-30,297.598,3.7,5.33,3.2,61.3,20675.8
2023-12-01,280.289,3.7,5.33,3.2,69.7,20725.5
2023-12-02,280.289,3.7,5.33,3.2,69.7,20725.5
2023-12-03,280.289,3.7,5.33,3.2,69.7,20725.5
2023-12-04,280.289,3.7,5.33,3.2,69.7,20725.5
2023-12-05,280.289,3.7,5.33,3.2,69.7,20725.5
2023-12-06,280.289,3.7,5.33,3.2,69.7,20725.5
2023-12-07,280.289,3.7,5.33,3.2,69.7,20725.5
2023-12-08,280.289,3.7,5.33,3.2,69.7,20725.5
2023-12-09,280.289,3.7,5.33,3.2,69.7,20725.5
2023-12-10,280.289,3.7,5.33,3.2,69.7,20725.5
2023-12-11,280.289,3.7,5.33,3.2,69.7,20725.5
2023-12-12,280.289,3.7,5.33,3.2,69.7,20725.5
2023-12-13,280.289,3.7,5.33,3.2,69.7,20725.5
2023-12-14,280.289,3.7,5.33,3.2,69.7,20725.5
2023-12-15,280.289,3.7,5.33,3.2,69.7,20725.5
2023-12-16,280.289,3.7,5.33,3.2,69.7,20725.5
2023-12-17,280.289,3.7,5.33,3.2,69.7,20725.5
2023-12-18,280.289,3.7,5.33,3.2,69.7,20725.5
2023-12-19,280.289,3.7,5.33,3.2,69.7,20725.5
2023-12-20,280.289,3.7,5.33,3.2,69.7,20725.5
2023-12-21,280.289,3.7,5.33,3.2,69.7,20725.5
2023-12-22,280.289,3.7,5.33,3.2,69.7,20725.5
2023-12-23,280.289,3.7,5.33,3.2,69.7,20725.5
2023-12-24,280.289,3.7,5.33,3.2,69.7,20725.5
2023-12-25,280.289,3.7,5.33,3.2,69.7,20725.5
2023-12-26,280.289,3.7,5.33,3.2,69.7,20725.5
2023-12-27,280.289,3.7,5.33,3.2,69.7,20725.5
2023-12-28,280.289,3.7,5.33,3.2,69.7,20725.5
2023-12-29,280.289,3.7,5.33,3.2,69.7,20725.5
2023-12-30,280.289,3.7,5.33,3.2,69.7,20725.5
2023-12-31,280.289,3.7,5.33,3.2,69.7,20725.5
2024-01-01,276.003,3.7,5.33,1.6,79.0,20726.0
2024-01-02,276.003,3.7,5.33,1.6,79.0,20726.0
2024-01-03,276.003,3.7,5.33,1.6,79.0,20726.0
2024-01-04,276.003,3.7,5.33,1.6,79.0,20726.0
2024-01-05,276.003,3.7,5.33,1.6,79.0,20726.0
2024-01-06,276.003,3.7,5.33,1.6,79.0,20726.0
2024-01-07,276.003,3.7,5.33,1.6,79.0,20726.0
2024-01-08,276.003,3.7,5.33,1.6,79.0,20726.0
2024-01-09,276.003,3.7,5.33,1.6,79.0,20726.0
2024-01-10,276.003,3.7,5.33,1.6,79.0,20726.0
2024-01-11,276.003,3.7,5.33,1.6,79.0,20726.0
2024-01-12,276.003,3.7,5.33,1.6,79.0,20726.0
2024-01-13,276.003,3.7,5.33,1.6,79.0,20726.0
2024-01-14,276.003,3.7,5.33,1.6,79.0,20726.0
2024-01-15,276.003,3.7,5.33,1.6,79.0,20726.0
2024-01-16,276.003,3.7,5.33,1.6,79.0,20726.0
2024-01-17,276.003,3.7,5.33,1.6,79.0,20726.0
2024-01-18,276.003,3.7,5.33,1.6,79.0,20726.0
2024-01-19,276.003,3.7,5.33,1.6,79.0,20726.0
2024-01-20,276.003,3.7,5.33,1.6,79.0,20726.0
2024-01-21,276.003,3.7,5.33,1.6,79.0,20726.0
2024-01-22,276.003,3.7,5.33,1.6,79.0,20726.0
2024-01-23,276.003,3.7,5.33,1.6,79.0,20726.0
2024-01-24,276.003,3.7,5.33,1.6,79.0,20726.0
2024-01-25,276.003,3.7,5.33,1.6,79.0,20726.0
2024-01-26,276.003,3.7,5.33,1.6,79.0,20726.0
2024-01-27,276.003,3.7,5.33,1.6,79.0,20726.0
2024-01-28,276.003,3.7,5.33,1.6,79.0,20726.0
2024-01-29,276.003,3.7,5.33,1.6,79.0,20726.0
2024-01-30,276.003,3.7,5.33,1.6,79.0,20726.0
2024-01-31,276.003,3.7,5.33,1.6,79.0,20726.0
2024-02-01,287.943,3.9,5.33,1.6,76.9,20762.0
2024-02-02,287.943,3.9,5.33,1.6,76.9,20762.0
2024-02-03,287.943,3.9,5.33,1.6,76.9,20762.0
2024-02-04,287.943,3.9,5.33,1.6,76.9,20762.0
2024-02-05,287.943,3.9,5.33,1.6,76.9,20762.0
2024-02-06,287.943,3.9,5.33,1.6,76.9,20762.0
2024-02-07,287.943,3.9,5.33,1.6,76.9,20762.0
2024-02-08,287.943,3.9,5.33,1.6,76.9,20762.0
2024-02-09,287.943,3.9,5.33,1.6,76.9,20762.0
2024-02-10,287.943,3.9,5.33,1.6,76.9,20762.0
2024-02-11,287.943,3.9,5.33,1.6,76.9,20762.0
2024-02-12,287.943,3.9,5.33,1.6,76.9,20762.0
2024-02-13,287.943,3.9,5.33,1.6,76.9,20762.0
2024-02-14,287.943,3.9,5.33,1.6,76.9,20762.0
2024-02-15,287.943,3.9,5.33,1.6,76.9,20762.0
2024-02-16,287.943,3.9,5.33,1.6,76.9,20762.0
2024-02-17,287.943,3.9,5.33,1.6,76.9,20762.0
2024-02-18,287.943,3.9,5.33,1.6,76.9,20762.0
2024-02-19,287.943,3.9,5.33,1.6,76.9,20762.0
2024-02-20,287.943,3.9,5.33,1.6,76.9,20762.0
2024-02-21,287.943,3.9,5.33,1.6,76.9,20762.0
2024-02-22,287.943,3.9,5.33,1.6,76.9,20762.0
2024-02-23,287.943,3.9,5.33,1.6,76.9,20762.0
2024-02-24,287.943,3.9,5.33,1.6,76.9,20762.0
2024-02-25,287.943,3.9,5.33,1.6,76.9,20762.0
2024-02-26,287.943,3.9,5.33,1.6,76.9,20762.0
2024-02-27,287.943,3.9,5.33,1.6,76.9,20762.0
2024-02-28,287.943,3.9,5.33,1.6,76.9,20762.0
2024-02-29,287.943,3.9,5.33,1.6,76.9,20762.0
2024-03-01,306.513,3.8,5.33,1.6,79.4,20863.0
2024-03-02,306.513,3.8,5.33,1.6,79.4,20863.0
2024-03-03,306.513,3.8,5.33,1.6,79.4,20863.0
2024-03-04,306.513,3.8,5.33,1.6,79.4,20863.0
2024-03-05,306.513,3.8,5.33,1.6,79.4,20863.0
2024-03-06,306.513,3.8,5.33,1.6,79.4,20863.0
2024-03-07,306.513,3.8,5.33,1.6,79.4,20863.0
2024-03-08,306.513,3.8,5.33,1.6,79.4,20863.0
2024-03-09,306.513,3.8,5.33,1.6,79.4,20863.0
2024-03-10,306.513,3.8,5.33,1.6,79.4,20863.0
2024-03-11,306.513,3.8,5.33,1.6,79.4,20863.0
2024-03-12,306.513,3.8,5.33,1.6,79.4,20863.0
2024-03-13,306.513,3.8,5.33,1.6,79.4,20863.0
2024-03-14,306.513,3.8,5.33,1.6,79.4,20863.0
2024-03-15,306.513,3.8,5.33,1.6,79.4,20863.0
2024-03-16,306.513,3.8,5.33,1.6,79.4,20863.0
2024-03-17,306.513,3.8,5.33,1.6,79.4,20863.0
2024-03-18,306.513,3.8,5.33,1.6,79.4,20863.0
2024-03-19,306.513,3.8,5.33,1.6,79.4,20863.0
2024-03-20,306.513,3.8,5.33,1.6,79.4,20863.0
2024-03-21,306.513,3.8,5.33,1.6,79.4,20863.0
2024-03-22,306.513,3.8,5.33,1.6,79.4,20863.0
2024-03-23,306.513,3.8,5.33,1.6,79.4,20863.0
2024-03-24,306.513,3.8,5.33,1.6,79.4,20863.0
2024-03-25,306.513,3.8,5.33,1.6,79.4,20863.0
2024-03-26,306.513,3.8,5.33,1.6,79.4,20863.0
2024-03-27,306.513,3.8,5.33,1.6,79.4,20863.0
2024-03-28,306.513,3.8,5.33,1.6,79.4,20863.0
2024-03-29,306.513,3.8,5.33,1.6,79.4,20863.0
2024-03-30,306.513,3.8,5.33,1.6,79.4,20863.0
2024-03-31,306.513,3.8,5.33,1.6,79.4,20863.0
2024-04-01,322.434,3.9,5.33,3.0,77.2,20881.2
2024-04-02,322.434,3.9,5.33,3.0,77.2,20881.2
2024-04-03,322.434,3.9,5.33,3.0,77.2,20881.2
2024-04-04,322.434,3.9,5.33,3.0,77.2,20881.2
2024-04-05,322.434,3.9,5.33,3.0,77.2,20881.2
2024-04-06,322.434,3.9,5.33,3.0,77.2,20881.2
2024-04-07,322.434,3.9,5.33,3.0,77.2,20881.2
2024-04-08,322.434,3.9,5.33,3.0,77.2,20881.2
2024-04-09,322.434,3.9,5.33,3.0,77.2,20881.2
2024-04-10,322.434,3.9,5.33,3.0,77.2,20881.2
2024-04-11,322.434,3.9,5.33,3.0,77.2,20881.2
2024-04-12,322.434,3.9,5.33,3.0,77.2,20881.2
2024-04-13,322.434,3.9,5.33,3.0,77.2,20881.2
2024-04-14,322.434,3.9,5.33,3.0,77.2,20881.2
2024-04-15,322.434,3.9,5.33,3.0,77.2,20881.2
2024-04-16,322.434,3.9,5.33,3.0,77.2,20881.2
2024-04-17,322.434,3.9,5.33,3.0,77.2,20881.2
2024-04-18,322.434,3.9,5.33,3.0,77.2,20881.2
2024-04-19,322.434,3.9,5.33,3.0,77.2,20881.2
2024-04-20,322.434,3.9,5.33,3.0,77.2,20881.2
2024-04-21,322.434,3.9,5.33,3.0,77.2,20881.2
2024-04-22,322.434,3.9,5.33,3.0,77.2,20881.2
2024-04-23,322.434,3.9,5.33,3.0,77.2,20881.2
2024-04-24,322.434,3.9,5.33,3.0,77.2,20881.2
2024-04-25,322.434,3.9,5.33,3.0,77.2,20881.2
2024-04-26,322.434,3.9,5.33,3.0,77.2,20881.2
2024-04-27,322.434,3.9,5.33,3.0,77.2,20881.2
2024-04-28,322.434,3.9,5.33,3.0,77.2,20881.2
2024-04-29,322.434,3.9,5.33,3.0,77.2,20881.2
2024-04-30,322.434,3.9,5.33,3.0,77.2,20881.2
2024-05-01,320.981,4.0,5.33,3.0,69.1,20959.5
2024-05-02,320.981,4.0,5.33,3.0,69.1,20959.5
2024-05-03,320.981,4.0,5.33,3.0,69.1,20959.5
2024-05-04,320.981,4.0,5.33,3.0,69.1,20959.5
2024-05-05,320.981,4.0,5.33,3.0,69.1,20959.5
2024-05-06,320.981,4.0,5.33,3.0,69.1,20959.5
2024-05-07,320.981,4.0,5.33,3.0,69.1,20959.5
2024-05-08,320.981,4.0,5.33,3.0,69.1,20959.5
2024-05-09,320.981,4.0,5.33,3.0,69.1,20959.5
2024-05-10,320.981,4.0,5.33,3.0,69.1,20959.5
2024-05-11,320.981,4.0,5.33,3.0,69.1,20959.5
2024-05-12,320.981,4.0,5.33,3.0,69.1,20959.5
2024-05-13,320.981,4.0,5.33,3.0,69.1,20959.5
2024-05-14,320.981,4.0,5.33,3.0,69.1,20959.5
2024-05-15,320.981,4.0,5.33,3.0,69.1,20959.5
2024-05-16,320.981,4.0,5.33,3.0,69.1,20959.5
2024-05-17,320.981,4.0,5.33,3.0,69.1,20959.5
2024-05-18,320.981,4.0,5.33,3.0,69.1,20959.5
2024-05-19,320.981,4.0,5.33,3.0,69.1,20959.5
2024-05-20,320.981,4.0,5.33,3.0,69.1,20959.5
2024-05-21,320.981,4.0,5.33,3.0,69.1,20959.5
2024-05-22,320.981,4.0,5.33,3.0,69.1,20959.5
2024-05-23,320.981,4.0,5.33,3.0,69.1,20959.5
2024-05-24,320.981,4.0,5.33,3.0,69.1,20959.5
2024-05-25,320.981,4.0,5.33,3.0,69.1,20959.5
2024-05-26,320.981,4.0,5.33,3.0,69.1,20959.5
2024-05-27,320.981,4.0,5.33,3.0,69.1,20959.5
2024-05-28,320.981,4.0,5.33,3.0,69.1,20959.5
2024-05-29,320.981,4.0,5.33,3.0,69.1,20959.5
2024-05-30,320.981,4.0,5.33,3.0,69.1,20959.5
2024-05-31,320.981,4.0,5.33,3.0,69.1,20959.5
2024-06-01,308.475,4.1,5.33,3.0,68.2,21020.1
2024-06-02,308.475,4.1,5.33,3.0,68.2,21020.1
2024-06-03,308.475,4.1,5.33,3.0,68.2,21020.1
2024-06-04,308.475,4.1,5.33,3.0,68.2,21020.1
2024-06-05,308.475,4.1,5.33,3.0,68.2,21020.1
2024-06-06,308.475,4.1,5.33,3.0,68.2,21020.1
2024-06-07,308.475,4.1,5.33,3.0,68.2,21020.1
2024-06-08,308.475,4.1,5.33,3.0,68.2,21020.1
2024-06-09,308.475,4.1,5.33,3.0,68.2,21020.1
2024-06-10,308.475,4.1,5.33,3.0,68.2,21020.1
2024-06-11,308.475,4.1,5.33,3.0,68.2,21020.1
2024-06-12,308.475,4.1,5.33,3.0,68.2,21020.1
2024-06-13,308.475,4.1,5.33,3.0,68.2,21020.1
2024-06-14,308.475,4.1,5.33,3.0,68.2,21020.1
2024-06-15,308.475,4.1,5.33,3.0,68.2,21020.1
2024-06-16,308.475,4.1,5.33,3.0,68.2,21020.1
2024-06-17,308.475,4.1,5.33,3.0,68.2,21020.1
2024-06-18,308.475,4.1,5.33,3.0,68.2,21020.1
2024-06-19,308.475,4.1,5.33,3.0,68.2,21020.1
2024-06-20,308.475,4.1,5.33,3.0,68.2,21020.1
2024-06-21,308.475,4.1,5.33,3.0,68.2,21020.1
2024-06-22,308.475,4.1,5.33,3.0,68.2,21020.1
2024-06-23,308.475,4.1,5.33,3.0,68.2,21020.1
2024-06-24,308.475,4.1,5.33,3.0,68.2,21020.1
2024-06-25,308.475,4.1,5.33,3.0,68.2,21020.1
2024-06-26,308.475,4.1,5.33,3.0,68.2,21020.1
2024-06-27,308.475,4.1,5.33,3.0,68.2,21020.1
2024-06-28,308.475,4.1,5.33,3.0,68.2,21020.1
2024-06-29,308.475,4.1,5.33,3.0,68.2,21020.1
2024-06-30,308.475,4.1,5.33,3.0,68.2,21020.1
2024-07-01,310.915,4.3,5.33,2.8,66.4,21039.4
2024-07-02,310.915,4.3,5.33,2.8,66.4,21039.4
2024-07-03,310.915,4.3,5.33,2.8,66.4,21039.4
2024-07-04,310.915,4.3,5.33,2.8,66.4,21039.4
2024-07-05,310.915,4.3,5.33,2.8,66.4,21039.4
2024-07-06,310.915,4.3,5.33,2.8,66.4,21039.4
2024-07-07,310.915,4.3,5.33,2.8,66.4,21039.4
2024-07-08,310.915,4.3,5.33,2.8,66.4,21039.4
2024-07-09,310.915,4.3,5.33,2.8,66.4,21039.4
2024-07-10,310.915,4.3,5.33,2.8,66.4,21039.4
2024-07-11,310.915,4.3,5.33,2.8,66.4,21039.4
2024-07-12,310.915,4.3,5.33,2.8,66.4,21039.4
2024-07-13,310.915,4.3,5.33,2.8,66.4,21039.4
2024-07-14,310.915,4.3,5.33,2.8,66.4,21039.4
2024-07-15,310.915,4.3,5.33,2.8,66.4,21039.4
2024-07-16,310.915,4.3,5.33,2.8,66.4,21039.4
2024-07-17,310.915,4.3,5.33,2.8,66.4,21039.4
2024-07-18,310.915,4.3,5.33,2.8,66.4,21039.4
2024-07-19,310.915,4.3,5.33,2.8,66.4,21039.4
2024-07-20,310.915,4.3,5.33,2.8,66.4,21039.4
2024-07-21,310.915,4.3,5.33,2.8,66.4,21039.4
2024-07-22,310.915,4.3,5.33,2.8,66.4,21039.4
2024-07-23,310.915,4.3,5.33,2.8,66.4,21039.4
2024-07-24,310.915,4.3,5.33,2.8,66.4,21039.4
2024-07-25,310.915,4.3,5.33,2.8,66.4,21039.4
2024-07-26,310.915,4.3,5.33,2.8,66.4,21039.4
2024-07-27,310.915,4.3,5.33,2.8,66.4,21039.4
2024-07-28,310.915,4.3,5.33,2.8,66.4,21039.4
2024-07-29,310.915,4.3,5.33,2.8,66.4,21039.4
2024-07-30,310.915,4.3,5.33,2.8,66.4,21039.4
2024-07-31,310.915,4.3,5.33,2.8,66.4,21039.4
2024-08-01,302.419,4.2,5.33,2.8,67.9,21141.3
2024-08-02,302.419,4.2,5.33,2.8,67.9,21141.3
2024-08-03,302.419,4.2,5.33,2.8,67.9,21141.3
2024-08-04,302.419,4.2,5.33,2.8,67.9,21141.3
2024-08-05,302.419,4.2,5.33,2.8,67.9,21141.3
2024-08-06,302.419,4.2,5.33,2.8,67.9,21141.3
2024-08-07,302.419,4.2,5.33,2.8,67.9,21141.3
2024-08-08,302.419,4.2,5.33,2.8,67.9,21141.3
2024-08-09,302.419,4.2,5.33,2.8,67.9,21141.3
2024-08-10,302.419,4.2,5.33,2.8,67.9,21141.3
2024-08-11,302.419,4.2,5.33,2.8,67.9,21141.3
2024-08-12,302.419,4.2,5.33,2.8,67.9,21141.3
2024-08-13,302.419,4.2,5.33,2.8,67.9,21141.3
2024-08-14,302.419,4.2,5.33,2.8,67.9,21141.3
2024-08-15,302.419,4.2,5.33,2.8,67.9,21141.3
2024-08-16,302.419,4.2,5.33,2.8,67.9,21141.3
2024-08-17,302.419,4.2,5.33,2.8,67.9,21141.3
2024-08-18,302.419,4.2,5.33,2.8,67.9,21141.3
2024-08-19,302.419,4.2,5.33,2.8,67.9,21141.3
2024-08-20,302.419,4.2,5.33,2.8,67.9,21141.3
2024-08-21,302.419,4.2,5.33,2.8,67.9,21141.3
2024-08-22,302.419,4.2,5.33,2.8,67.9,21141.3
2024-08-23,302.419,4.2,5.33,2.8,67.9,21141.3
2024-08-24,302.419,4.2,5.33,2.8,67.9,21141.3
2024-08-25,302.419,4.2,5.33,2.8,67.9,21141.3
2024-08-26,302.419,4.2,5.33,2.8,67.9,21141.3
2024-08-27,302.419,4.2,5.33,2.8,67.9,21141.3
2024-08-28,302.419,4.2,5.33,2.8,67.9,21141.3
2024-08-29,302.419,4.2,5.33,2.8,67.9,21141.3
2024-08-30,302.419,4.2,5.33,2.8,67.9,21141.3
2024-08-31,302.419,4.2,5.33,2.8,67.9,21141.3
2024-09-01,287.102,4.1,5.33,2.8,70.1,21222.7
2024-09-02,287.102,4.1,5.33,2.8,70.1,21222.7
2024-09-03,287.102,4.1,5.33,2.8,70.1,21222.7
2024-09-04,287.102,4.1,5.33,2.8,70.1,21222.7
2024-09-05,287.102,4.1,5.33,2.8,70.1,21222.7
2024-09-06,287.102,4.1,5.33,2.8,70.1,21222.7
2024-09-07,287.102,4.1,5.33,2.8,70.1,21222.7
2024-09-08,287.102,4.1,5.33,2.8,70.1,21222.7
2024-09-09,287.102,4.1,5.33,2.8,70.1,21222.7
2024-09-10,287.102,4.1,5.33,2.8,70.1,21222.7
2024-09-11,287.102,4.1,5.33,2.8,70.1,21222.7
2024-09-12,287.102,4.1,5.33,2.8,70.1,21222.7
2024-09-13,287.102,4.1,5.33,2.8,70.1,21222.7
2024-09-14,287.102,4.1,5.33,2.8,70.1,21222.7
2024-09-15,287.102,4.1,5.33,2.8,70.1,21222.7
2024-09-16,287.102,4.1,5.33,2.8,70.1,21222.7
2024-09-17,287.102,4.1,5.33,2.8,70.1,21222.7
2024-09-18,287.102,4.1,5.33,2.8,70.1,21222.7
2024-09-19,287.102,4.1,4.83,2.8,70.1,21222.7
2024-09-20,287.102,4.1,4.83,2.8,70.1,21222.7
2024-09-21,287.102,4.1,4.83,2.8,70.1,21222.7
2024-09-22,287.102,4.1,4.83,2.8,70.1,21222.7
2024-09-23,287.102,4.1,4.83,2.8,70.1,21222.7
2024-09-24,287.102,4.1,4.83,2.8,70.1,21222.7
2024-09-25,287.102,4.1,4.83,2.8,70.1,21222.7
2024-09-26,287.102,4.1,4.83,2.8,70.1,21222.7
2024-09-27,287.102,4.1,4.83,2.8,70.1,21222.7
2024-09-28,287.102,4.1,4.83,2.8,70.1,21222.7
2024-09-29,287.102,4.1,4.83,2.8,70.1,21222.7
2024-09-30,287.102,4.1,4.83,2.8,70.1,21222.7
2024-10-01,281.741,4.1,4.83,2.8,70.5,21311.2
2024-10-02,281.741,4.1,4.83,2.8,70.5,21311.2
2024-10-03,281.741,4.1,4.83,2.8,70.5,21311.2
2024-10-04,281.741,4.1,4.83,2.8,70.5,21311.2
2024-10-05,281.741,4.1,4.83,2.8,70.5,21311.2
2024-10-06,281.741,4.1,4.83,2.8,70.5,21311.2
2024-10-07,281.741,4.1,4.83,2.8,70.5,21311.2
2024-10-08,281.741,4.1,4.83,2.8,70.5,21311.2
2024-10-09,281.741,4.1,4.83,2.8,70.5,21311.2
2024-10-10,281.741,4.1,4.83,2.8,70.5,21311.2
2024-10-11,281.741,4.1,4.83,2.8,70.5,21311.2
2024-10-12,281.741,4.1,4.83,2.8,70.5,21311.2
2024-10-13,281.741,4.1,4.83,2.8,70.5,21311.2
2024-10-14,281.741,4.1,4.83,2.8,70.5,21311.2
2024-10-15,281.741,4.1,4.83,2.8,70.5,21311.2
2024-10-16,281.741,4.1,4.83,2.8,70.5,21311.2
2024-10-17,281.741,4.1,4.83,2.8,70.5,21311.2
2024-10-18,281.741,4.1,4.83,2.8,70.5,21311.2
2024-10-19,281.741,4.1,4.83,2.8,70.5,21311.2
2024-10-20,281.741,4.1,4.83,2.8,70.5,21311.2
2024-10-21,281.741,4.1,4.83,2.8,70.5,21311.2
2024-10-22,281.741,4.1,4.83,2.8,70.5,21311.2
2024-10-23,281.741,4.1,4.83,2.8,70.5,21311.2
2024-10-24,281.741,4.1,4.83,2.8,70.5,21311.2
2024-10-25,281.741,4.1,4.83,2.8,70.5,21311.2
2024-10-26,281.741,4.1,4.83,2.8,70.5,21311.2
2024-10-27,281.741,4.1,4.83,2.8,70.5,21311.2
2024-10-28,281.741,4.1,4.83,2.8,70.5,21311.2
2024-10-29,281.741,4.1,4.83,2.8,70.5,21311.2
2024-10-30,281.741,4.1,4.83,2.8,70.5,21311.2
2024-10-31,281.741,4.1,4.83,2.8,70.5,21311.2
2024-11-01,281.741,4.1,4.83,2.8,70.5,21311.2
2024-11-02,281.741,4.1,4.83,2.8,70.5,21311.2
2024-11-03,281.741,4.1,4.83,2.8,70.5,21311.2
2024-11-04,281.741,4.1,4.83,2.8,70.5,21311.2
2024-11-05,281.741,4.1,4.83,2.8,70.5,21311.2
2024-11-06,281.741,4.1,4.83,2.8,70.5,21311.2
2024-11-07,281.741,4.1,4.83,2.8,70.5,21311.2
2024-11-08,281.741,4.1,4.58,2.8,70.5,21311.2
2024-11-09,281.741,4.1,4.58,2.8,70.5,21311.2
2024-11-10,281.741,4.1,4.58,2.8,70.5,21311.2
2024-11-11,281.741,4.1,4.58,2.8,70.5,21311.2
2024-11-12,281.741,4.1,4.58,2.8,70.5,21311.2
2024-11-13,281.741,4.1,4.58,2.8,70.5,21311.2
2024-11-14,281.741,4.1,4.58,2.8,70.5,21311.2
2024-11-15,281.741,4.1,4.58,2.8,70.5,21311.2
2024-11-16,281.741,4.1,4.58,2.8,70.5,21311.2
2024-11-17,281.741,4.1,4.58,2.8,70.5,21311.2
2024-11-18,281.741,4.1,4.58,2.8,70.5,21311.2
2024-11-19,281.741,4.1,4.58,2.8,70.5,21311.2
2024-11-20,281.741,4.1,4.58,2.8,70.5,21311.2
2024-11-21,281.741,4.1,4.58,2.8,70.5,21311.2
2024-11-22,281.741,4.1,4.58,2.8,70.5,21311.2
