time_published,ticker_sentiment_score,ticker_sentiment_label
20220308T164338,0.002997,Neutral
20220309T151346,0.120479,Neutral
20220309T161500,0.020863,Neutral
20220310T151100,0.007143,Neutral
20220310T211200,0.128594,Neutral
20220310T221200,0.0723,Neutral
20220311T111900,0.0723,Neutral
20220311T162300,0.045817,Neutral
20220311T172300,0.045817,Neutral
20220311T211631,0.021036,Neutral
20220311T213500,0.057143,Neutral
20220312T000200,0.042406,Neutral
20220312T021800,0.042406,Neutral
20220312T130000,0.183221,Somewhat-Bullish
20220315T140400,0.007812,Neutral
20220315T154000,0.013138,Neutral
20220315T215635,0.020029,Neutral
20220316T122449,0.024738,Neutral
20220318T121208,-0.051423,Neutral
20220321T110000,0.065126,Neutral
20220321T121408,0.058171,Neutral
20220321T124503,0.362545,Bullish
20220321T143800,-0.013932,Neutral
20220321T160611,-0.082527,Neutral
20220321T163756,0.013846,Neutral
20220322T120016,0.252323,Somewhat-Bullish
20220323T145541,-0.031574,Neutral
20220324T150700,0.072719,Neutral
20220324T151257,0.121848,Neutral
20220325T095200,-0.171388,Somewhat-Bearish
20220325T113357,0.173403,Somewhat-Bullish
20220325T185532,0.079293,Neutral
20220326T135243,0.229891,Somewhat-Bullish
20220328T053143,-0.000124,Neutral
20220328T110422,0.002247,Neutral
20220328T144424,0.007206,Neutral
20220329T010000,0.144507,Neutral
20220329T010000,0.140089,Neutral
20220329T135700,0.063638,Neutral
20220330T161900,-0.142547,Neutral
20220331T133200,0.02768,Neutral
20220401T121300,0.026586,Neutral
20220401T191650,0.00032,Neutral
20220403T143305,0.012606,Neutral
20220404T045900,0.291218,Somewhat-Bullish
20220404T121300,0.02795,Neutral
20220404T142200,0.00922,Neutral
20220404T170641,0.018751,Neutral
20220404T213000,0.019457,Neutral
20220405T124400,0.024617,Neutral
20220406T122000,0.019319,Neutral
20220406T152912,0.023429,Neutral
20220406T183300,0.251893,Somewhat-Bullish
20220406T193255,0.055648,Neutral
20220407T115459,-0.005106,Neutral
20220407T121200,0.00981,Neutral
20220407T122452,0.013393,Neutral
20220407T161500,-0.100969,Neutral
20220407T170157,-0.208463,Somewhat-Bearish
20220407T171622,0.000834,Neutral
20220407T181900,0.376217,Bullish
20220407T185500,0.010449,Neutral
20220408T110000,0.1426,Neutral
20220408T142800,0.025477,Neutral
20220408T150700,0.053491,Neutral
20220408T163506,-0.109613,Neutral
20220408T211400,0.169623,Somewhat-Bullish
20220410T100000,0.870156,Bullish
20220410T204141,0.000778,Neutral
20220411T080000,0.015409,Neutral
20220411T141200,-0.024949,Neutral
20220411T160330,0.002825,Neutral
20220411T165351,0.004964,Neutral
20220411T172123,-0.555578,Bearish
20220413T121553,-0.001154,Neutral
20220414T112500,0.00432,Neutral
20220414T133418,0.042257,Neutral
20220414T133544,0.043727,Neutral
20220417T183131,-0.047681,Neutral
20220418T100400,0.039982,Neutral
20220418T161200,0.017695,Neutral
20220419T103000,0.035075,Neutral
20220419T110000,-0.030864,Neutral
20220419T110000,-0.037352,Neutral
20220419T125815,0.009005,Neutral
20220419T130145,0.003102,Neutral
20220419T130502,0.018445,Neutral
20220419T131157,0.119428,Neutral
20220419T161631,0.004093,Neutral
20220419T165950,-0.032179,Neutral
20220419T170001,-0.004675,Neutral
20220419T185800,0.015351,Neutral
20220420T094334,0.00438,Neutral
20220420T114000,0.110834,Neutral
20220420T151600,0.017574,Neutral
20220420T165400,0.014749,Neutral
20220420T195027,0.141148,Neutral
20220421T160419,0.015511,Neutral
20220424T213415,0.008153,Neutral
20220425T161753,0.001945,Neutral
20220425T164900,0.004321,Neutral
20220425T174231,-0.00899,Neutral
20220425T200132,-0.220569,Somewhat-Bearish
20220426T130000,0.006879,Neutral
20220426T162138,0.023353,Neutral
20220427T202110,0.00442,Neutral
20220428T102008,0.002165,Neutral
20220428T194900,-0.3263,Somewhat-Bearish
20220428T221822,0.00244,Neutral
20220429T114300,0.026839,Neutral
20220502T102007,0.003484,Neutral
20220502T102200,0.023189,Neutral
20220502T122653,0.000775,Neutral
20220502T130000,0.284963,Somewhat-Bullish
20220502T162100,0.003739,Neutral
20220502T194626,0.00725,Neutral
20220503T055841,0.016966,Neutral
20220503T212300,0.135051,Neutral
20220504T083630,-0.001044,Neutral
20220504T102006,0.00408,Neutral
20220504T115100,-0.611661,Bearish
20220504T124429,-0.000692,Neutral
20220504T131300,0.001386,Neutral
20220504T134700,0.075981,Neutral
20220504T135659,-0.000333,Neutral
20220504T141800,-0.1802,Somewhat-Bearish
20220504T152200,-0.1802,Somewhat-Bearish
20220504T155400,0.062217,Neutral
20220504T214245,0.055452,Neutral
20220506T153700,0.027023,Neutral
20220506T190200,0.006093,Neutral
20220509T130000,0.00497,Neutral
20220510T102008,0.006048,Neutral
20220512T113000,0.166771,Somewhat-Bullish
20220512T203000,0.580898,Bullish
20220513T151400,-0.134495,Neutral
20220514T050841,0.017983,Neutral
20220516T123626,-0.01886,Neutral
20220517T175040,0.00244,Neutral
20220518T190500,0.009232,Neutral
20220519T120000,-0.015603,Neutral
20220520T191500,0.026433,Neutral
20220520T191500,0.024314,Neutral
20220520T191500,0.019338,Neutral
20220520T200820,0.014075,Neutral
20220521T110000,0.032142,Neutral
20220522T195800,-0.006208,Neutral
20220523T101258,0.188447,Somewhat-Bullish
20220523T162600,0.345992,Somewhat-Bullish
20220525T140600,0.016202,Neutral
20220525T160500,0.005047,Neutral
20220526T180605,0.108641,Neutral
20220526T185400,0.021073,Neutral
20220526T214300,-0.033687,Neutral
20220527T222700,0.027183,Neutral
20220528T005100,0.027183,Neutral
20220528T120100,0.12239,Neutral
20220530T145159,0.002842,Neutral
20220531T045900,0.017272,Neutral
20220531T050000,0.022438,Neutral
20220531T050000,0.019129,Neutral
20220531T121434,0.080175,Neutral
20220531T123100,0.395358,Bullish
20220531T160204,0.002334,Neutral
20220531T194253,0.000135,Neutral
20220601T120100,0.004255,Neutral
20220602T050000,0.006479,Neutral
20220602T050000,0.006025,Neutral
20220602T113000,0.008537,Neutral
20220602T122600,0.017064,Neutral
20220602T155429,-0.050444,Neutral
20220602T170100,-0.0181,Neutral
20220602T201504,-0.867452,Bearish
20220602T223000,-0.67269,Bearish
20220603T103032,-0.081318,Neutral
20220603T135000,0.003707,Neutral
20220603T141400,0.003707,Neutral
20220603T160200,-0.046988,Neutral
20220603T194200,0.277127,Somewhat-Bullish
20220605T200922,0.042455,Neutral
20220606T150944,0.023747,Neutral
20220606T165400,0.016452,Neutral
20220607T163000,0.193575,Somewhat-Bullish
20220607T204500,-0.023596,Neutral
20220607T204500,-0.029961,Neutral
20220607T205800,-0.018155,Neutral
20220607T211308,-0.006047,Neutral
20220608T113000,0.01176,Neutral
20220608T124231,0.056664,Neutral
20220608T130752,0.012062,Neutral
20220609T130633,-0.094473,Neutral
20220610T145100,0.008736,Neutral
20220615T205200,0.048932,Neutral
20220616T135135,0.000696,Neutral
20220616T145300,-0.808456,Bearish
20220617T091442,0.021353,Neutral
20220617T091447,0.018388,Neutral
20220617T210600,-0.029471,Neutral
20220624T113000,0.022634,Neutral
20220624T113000,0.02544,Neutral
20220624T120357,0.016574,Neutral
20220624T165012,0.001364,Neutral
20220625T050848,-0.011423,Neutral
20220627T183500,0.003373,Neutral
20220629T102005,0.002165,Neutral
20220629T132527,0.001555,Neutral
20220630T125600,0.036835,Neutral
20220630T183000,0.250583,Somewhat-Bullish
20220701T092622,-0.005668,Neutral
20220701T110000,0.021521,Neutral
20220701T193159,0.062976,Neutral
20220703T050841,0.028302,Neutral
20220704T102006,0.00408,Neutral
20220705T131948,0.003605,Neutral
20220705T150107,-0.537411,Bearish
20220706T165100,0.132413,Neutral
20220707T120000,0.064649,Neutral
20220712T125000,-0.010747,Neutral
20220712T151400,0.151978,Somewhat-Bullish
20220712T200500,0.120294,Neutral
20220712T212148,0.228411,Somewhat-Bullish
20220713T102006,0.270809,Somewhat-Bullish
20220713T113700,0.209589,Somewhat-Bullish
20220713T130053,0.120608,Neutral
20220714T050000,0.038242,Neutral
20220714T050000,0.039354,Neutral
20220714T101822,0.205897,Somewhat-Bullish
20220714T130111,0.056425,Neutral
20220718T164123,0.386944,Bullish
20220718T225642,-0.021423,Neutral
20220720T154500,0.319491,Somewhat-Bullish
20220725T053000,0.0,Neutral
20220725T123127,-0.334274,Somewhat-Bearish
20220725T144707,-0.073593,Neutral
20220727T084041,0.31624,Somewhat-Bullish
20220727T211400,0.055637,Neutral
20220728T055642,0.405171,Bullish
20220728T120328,0.120847,Neutral
20220728T132100,0.317675,Somewhat-Bullish
20220729T142000,0.154126,Somewhat-Bullish
20220731T132123,0.134356,Neutral
20220801T123810,-0.036029,Neutral
20220802T113836,-0.005102,Neutral
20220803T074938,0.090182,Neutral
20220803T103900,-0.175378,Somewhat-Bearish
20220803T112900,0.136601,Neutral
20220803T134400,0.049974,Neutral
20220803T141314,0.0,Neutral
20220803T142400,0.053725,Neutral
20220803T145300,0.264681,Somewhat-Bullish
20220803T155749,0.069852,Neutral
20220804T113000,0.053281,Neutral
20220804T123100,0.54232,Bullish
20220804T134100,0.284062,Somewhat-Bullish
20220804T174300,0.084955,Neutral
20220804T201941,0.0,Neutral
20220806T133000,0.288669,Somewhat-Bullish
20220808T100000,-0.147563,Neutral
20220808T123921,0.10613,Neutral
20220810T203000,0.055952,Neutral
20220812T175230,-0.026078,Neutral
20220816T120718,0.109888,Neutral
20220817T163200,0.104204,Neutral
20220819T133000,-0.153259,Somewhat-Bearish
20220819T162616,0.227899,Somewhat-Bullish
20220822T125447,0.111358,Neutral
20220829T102008,0.295372,Somewhat-Bullish
20220829T154050,0.120514,Neutral
20220831T185235,-0.195652,Somewhat-Bearish
20220901T200515,0.305349,Somewhat-Bullish
20220902T184717,0.386944,Bullish
20220905T053000,0.039291,Neutral
20220905T053000,0.036587,Neutral
20220905T112900,0.039231,Neutral
20220906T213816,0.436638,Bullish
20220908T141137,-0.046809,Neutral
20220908T144222,0.050628,Neutral
20220908T150500,0.108042,Neutral
20220908T153000,0.038105,Neutral
20220908T153000,0.040053,Neutral
20220908T164000,0.18967,Somewhat-Bullish
20220908T183244,0.324453,Somewhat-Bullish
20220908T203000,0.272767,Somewhat-Bullish
20220909T005436,0.206047,Somewhat-Bullish
20220909T024429,0.127051,Neutral
20220909T094143,0.045569,Neutral
20220909T115606,0.216327,Somewhat-Bullish
20220909T123600,0.197071,Somewhat-Bullish
20220909T133100,0.570746,Bullish
20220909T150200,0.64794,Bullish
20220909T165336,0.187226,Somewhat-Bullish
20220910T063000,0.033751,Neutral
20220911T145300,-0.029032,Neutral
20220912T063000,0.041908,Neutral
20220912T083000,0.03797,Neutral
20220912T100723,-0.357656,Bearish
20220913T120000,0.309238,Somewhat-Bullish
20220913T180151,0.097219,Neutral
20220914T150541,0.0,Neutral
20220914T203500,0.152549,Somewhat-Bullish
20220915T134153,0.300821,Somewhat-Bullish
20220915T165600,0.08986,Neutral
20220916T111500,0.0,Neutral
20220916T111500,0.050989,Neutral
20220916T141225,0.275805,Somewhat-Bullish
20220916T152900,0.276724,Somewhat-Bullish
20220919T110000,0.014516,Neutral
20220919T161500,0.246869,Somewhat-Bullish
20220920T165648,0.167512,Somewhat-Bullish
20220920T191153,0.386944,Bullish
20220921T214859,-0.266203,Somewhat-Bearish
20220923T134100,0.060272,Neutral
20220926T102009,0.296605,Somewhat-Bullish
20220927T110629,0.066073,Neutral
20220927T142101,0.380102,Bullish
20220928T220500,0.035575,Neutral
20220928T220521,0.034529,Neutral
20220929T101300,0.163732,Somewhat-Bullish
20220929T121200,0.163636,Somewhat-Bullish
20220929T135410,0.17794,Somewhat-Bullish
20220929T161200,0.133606,Neutral
20220930T123000,0.195599,Somewhat-Bullish
20220930T210400,0.020847,Neutral
20221003T110000,0.040749,Neutral
20221003T150004,0.558056,Bullish
20221003T200650,0.106922,Neutral
20221004T131500,0.348949,Somewhat-Bullish
20221004T142300,0.091593,Neutral
20221005T170414,0.373094,Bullish
20221006T124203,0.0,Neutral
20221006T140204,0.039845,Neutral
20221006T191600,0.09814,Neutral
20221007T140000,0.206275,Somewhat-Bullish
20221010T115225,-0.349101,Somewhat-Bearish
20221010T153000,0.0,Neutral
20221011T050000,0.041287,Neutral
20221011T050000,0.044098,Neutral
20221011T114348,0.405625,Bullish
20221013T103000,-0.034309,Neutral
20221013T165600,0.099614,Neutral
20221014T123000,-0.05809,Neutral
20221014T140000,0.110175,Neutral
20221014T194500,0.395852,Bullish
20221014T221500,-0.003338,Neutral
20221017T173600,0.265602,Somewhat-Bullish
20221017T182200,-0.088875,Neutral
20221017T205629,0.386944,Bullish
20221018T102005,0.268764,Somewhat-Bullish
20221018T135300,0.059751,Neutral
20221020T141400,-0.130869,Neutral
20221020T190306,0.326381,Somewhat-Bullish
20221021T110000,0.035237,Neutral
20221025T163500,0.094029,Neutral
20221026T160700,0.147795,Neutral
20221028T143100,0.085216,Neutral
20221028T224200,0.025079,Neutral
20221031T024607,0.0,Neutral
20221031T102007,0.069019,Neutral
20221031T123551,-0.013445,Neutral
20221031T154900,0.114142,Neutral
20221031T194300,0.099266,Neutral
20221101T111000,0.082782,Neutral
20221102T151914,0.386944,Bullish
20221102T180811,0.228411,Somewhat-Bullish
20221103T111216,0.0,Neutral
20221103T113000,0.034473,Neutral
20221103T125206,0.227699,Somewhat-Bullish
20221103T152026,-0.042297,Neutral
20221103T202717,0.0,Neutral
20221104T233000,0.053225,Neutral
20221105T200000,0.07931,Neutral
20221105T200000,0.086072,Neutral
20221107T110000,-0.006696,Neutral
20221109T154300,0.083716,Neutral
20221109T173500,0.16266,Somewhat-Bullish
20221109T214500,0.035992,Neutral
20221110T144049,0.386944,Bullish
20221110T154000,0.143048,Neutral
20221112T151500,0.218637,Somewhat-Bullish
20221117T161402,0.111084,Neutral
20221118T133650,0.523612,Bullish
20221118T181800,0.254083,Somewhat-Bullish
20221123T154100,0.074307,Neutral
20221123T171800,0.171015,Somewhat-Bullish
20221123T210100,0.0,Neutral
20221123T210100,0.0,Neutral
20221125T124500,0.167847,Somewhat-Bullish
20221125T141300,0.34402,Somewhat-Bullish
20221125T220600,0.060427,Neutral
20221125T220600,0.06046,Neutral
20221128T140819,0.0,Neutral
20221129T190500,-0.058672,Neutral
20221130T103500,0.144652,Neutral
20221130T140606,-0.012005,Neutral
20221130T155138,0.389796,Bullish
20221130T170000,0.07458,Neutral
20221201T112011,0.068698,Neutral
20221201T134600,0.193246,Somewhat-Bullish
20221202T171906,0.28736,Somewhat-Bullish
20221204T143700,0.168839,Somewhat-Bullish
20221205T114900,0.144808,Neutral
20221208T120000,0.015029,Neutral
20221208T133529,-0.101345,Neutral
20221208T180843,0.396091,Bullish
20221211T153000,-0.006001,Neutral
20221211T153000,-0.006001,Neutral
20221212T114232,0.152321,Somewhat-Bullish
20221212T123000,0.106411,Neutral
20221213T133154,0.0,Neutral
20221213T160700,0.155306,Somewhat-Bullish
20221215T060000,0.036253,Neutral
20221215T060000,0.03815,Neutral
20221215T120558,0.251078,Somewhat-Bullish
20221216T123000,0.038606,Neutral
20221216T123000,0.040556,Neutral
20221219T120000,0.094737,Neutral
20221220T112007,0.060244,Neutral
20221221T223000,0.037272,Neutral
20221221T223000,0.039212,Neutral
20221223T133000,-0.129962,Neutral
20221227T103726,0.100212,Neutral
20221227T141156,0.047288,Neutral
20230102T112006,0.068777,Neutral
20230103T130000,-0.077664,Neutral
20230103T171300,0.400269,Bullish
20230104T172000,0.066164,Neutral
20230106T024240,-0.294272,Somewhat-Bearish
20230106T103900,0.176285,Somewhat-Bullish
20230106T153029,-0.17108,Somewhat-Bearish
20230108T140000,0.228907,Somewhat-Bullish
20230109T132000,0.0,Neutral
20230109T132000,0.0,Neutral
20230109T165100,-0.306757,Somewhat-Bearish
20230109T170700,-0.311833,Somewhat-Bearish
20230109T185300,-0.186162,Somewhat-Bearish
20230109T194939,0.057628,Neutral
20230109T213300,-0.150196,Somewhat-Bearish
20230110T143200,0.0,Neutral
20230110T144600,0.280652,Somewhat-Bullish
20230110T164819,0.228994,Somewhat-Bullish
20230110T174340,0.03388,Neutral
20230111T161000,-0.014112,Neutral
20230117T112008,0.062124,Neutral
20230119T130500,0.07201,Neutral
20230119T193328,0.386944,Bullish
20230120T124322,0.083425,Neutral
20230120T135600,-0.062917,Neutral
20230124T120000,0.113543,Neutral
20230124T170000,0.130262,Neutral
20230127T055900,0.048523,Neutral
20230127T055900,0.046596,Neutral
20230127T060000,0.042203,Neutral
20230127T060000,0.044292,Neutral
20230127T232000,0.047876,Neutral
20230129T211217,0.0,Neutral
20230129T222532,0.0,Neutral
20230130T060000,0.035467,Neutral
20230130T060000,0.035697,Neutral
20230130T060000,0.038168,Neutral
20230130T140405,0.30691,Somewhat-Bullish
20230130T160300,0.150979,Somewhat-Bullish
20230131T193301,0.051103,Neutral
20230131T212941,0.0,Neutral
20230201T150418,0.386944,Bullish
20230202T000000,0.128573,Neutral
20230202T133200,0.583932,Bullish
20230203T113000,0.049912,Neutral
20230203T115100,0.055013,Neutral
20230203T120004,0.0,Neutral
20230203T131500,0.105954,Neutral
20230203T133327,0.148495,Neutral
20230203T140200,-0.331362,Somewhat-Bearish
20230203T163500,0.197065,Somewhat-Bullish
20230203T212000,-0.031283,Neutral
20230203T221700,0.161732,Somewhat-Bullish
20230206T000700,0.159731,Somewhat-Bullish
20230207T120000,0.376251,Bullish
20230208T224242,0.044413,Neutral
20230208T234500,0.057686,Neutral
20230209T183500,0.159013,Somewhat-Bullish
20230210T152629,0.443066,Bullish
20230211T181300,0.200652,Somewhat-Bullish
20230215T082244,0.322298,Somewhat-Bullish
20230215T082244,0.490756,Bullish
20230215T103400,0.064481,Neutral
20230217T090228,0.062523,Neutral
20230221T120000,0.04803,Neutral
20230221T120000,-0.017247,Neutral
20230221T163600,0.070352,Neutral
20230221T165300,0.0,Neutral
20230222T180422,0.386944,Bullish
20230223T085442,0.329292,Somewhat-Bullish
20230223T120000,-0.011405,Neutral
20230223T123000,0.04723,Neutral
20230224T124500,0.031826,Neutral
20230224T152014,0.275303,Somewhat-Bullish
20230224T163600,0.171105,Somewhat-Bullish
20230224T165700,-0.218111,Somewhat-Bearish
20230301T010000,0.041818,Neutral
20230301T010000,0.039999,Neutral
20230301T152834,0.127877,Neutral
20230301T172400,-0.001182,Neutral
20230306T120500,0.121585,Neutral
20230306T140040,0.386944,Bullish
20230307T060000,0.037598,Neutral
20230307T060000,0.048158,Neutral
20230307T060000,0.045198,Neutral
20230307T060000,0.039704,Neutral
20230307T151525,0.083071,Neutral
20230309T124500,0.08449,Neutral
20230309T133000,0.0,Neutral
20230309T134617,-0.003819,Neutral
20230310T170900,0.15183,Somewhat-Bullish
20230310T180900,0.151858,Somewhat-Bullish
20230310T204533,0.136786,Neutral
20230313T145700,0.0,Neutral
20230313T171031,0.110602,Neutral
20230314T102011,0.071708,Neutral
20230314T194559,0.219471,Somewhat-Bullish
20230315T013000,0.102028,Neutral
20230316T160040,0.386944,Bullish
20230316T160545,-0.077151,Neutral
20230316T175606,-0.121041,Neutral
20230316T215241,0.296377,Somewhat-Bullish
20230316T215241,0.296377,Somewhat-Bullish
20230317T145045,-0.072737,Neutral
20230317T161700,0.131802,Neutral
20230318T140000,0.037939,Neutral
20230318T140000,0.039026,Neutral
20230318T140000,0.041354,Neutral
20230321T055900,0.038167,Neutral
20230321T055900,0.037233,Neutral
20230321T060000,0.0318,Neutral
20230321T060000,0.031993,Neutral
20230322T105200,0.0,Neutral
20230322T113500,0.260869,Somewhat-Bullish
20230322T181500,0.209672,Somewhat-Bullish
20230323T060000,0.03529,Neutral
20230323T060000,0.036376,Neutral
20230323T060000,0.023425,Neutral
20230323T102007,0.068464,Neutral
20230323T112007,-0.079964,Neutral
20230323T113214,0.0,Neutral
20230323T130359,0.372717,Bullish
20230323T132340,-0.12515,Neutral
20230323T134556,0.307291,Somewhat-Bullish
20230323T144526,0.083071,Neutral
20230323T160833,0.185902,Somewhat-Bullish
20230323T165500,0.102888,Neutral
20230323T172435,0.084924,Neutral
20230323T175138,0.122073,Neutral
20230323T201823,0.0,Neutral
20230324T111225,0.0,Neutral
20230324T124308,0.547659,Bullish
20230324T131922,-0.067082,Neutral
20230324T140948,0.063066,Neutral
20230324T144631,0.190976,Somewhat-Bullish
20230324T155927,0.141019,Neutral
20230324T160233,0.349168,Somewhat-Bullish
20230324T161054,0.122363,Neutral
20230324T175207,0.0,Neutral
20230324T181754,0.223083,Somewhat-Bullish
20230324T182900,0.12023,Neutral
20230324T211048,0.135992,Neutral
20230324T214048,0.12307,Neutral
20230326T214900,0.120761,Neutral
20230327T100400,0.034654,Neutral
20230327T105700,0.120384,Neutral
20230327T113855,0.585361,Bullish
20230328T113000,0.053808,Neutral
20230328T120000,0.003976,Neutral
20230328T122904,0.512508,Bullish
20230328T204552,0.16512,Somewhat-Bullish
20230329T110000,0.020793,Neutral
20230329T110000,-0.121701,Neutral
20230329T152400,0.0385,Neutral
20230331T124420,-0.079611,Neutral
20230403T140042,0.386944,Bullish
20230405T153109,0.347106,Somewhat-Bullish
20230411T164356,0.0,Neutral
20230412T191547,0.28462,Somewhat-Bullish
20230415T125600,-0.04536,Neutral
20230416T203800,-0.04513,Neutral
20230417T110000,0.046145,Neutral
20230417T113000,0.073268,Neutral
20230417T113000,0.074563,Neutral
20230418T070700,0.080721,Neutral
20230420T191608,0.283971,Somewhat-Bullish
20230424T123800,0.190761,Somewhat-Bullish
20230425T154551,0.057325,Neutral
20230426T120013,0.045143,Neutral
20230427T155205,0.248511,Somewhat-Bullish
20230427T155446,0.362894,Bullish
20230427T200100,0.0,Neutral
20230427T204313,0.0,Neutral
20230427T204313,0.0,Neutral
20230428T120000,0.0,Neutral
20230428T171200,0.066605,Neutral
20230428T193000,0.071758,Neutral
20230501T120200,0.228333,Somewhat-Bullish
20230502T110000,0.029966,Neutral
20230502T110045,-0.098997,Neutral
20230502T113000,-0.169486,Somewhat-Bearish
20230503T102007,0.07042,Neutral
20230503T103000,0.053412,Neutral
20230503T123600,0.693705,Bullish
20230503T154600,0.0,Neutral
20230503T191627,0.375938,Bullish
20230504T103900,0.51181,Bullish
20230504T113000,0.070367,Neutral
20230504T125000,0.091344,Neutral
20230504T160300,0.191405,Somewhat-Bullish
20230504T172355,-0.145033,Neutral
20230504T175024,-0.078038,Neutral
20230504T192700,-0.039639,Neutral
20230505T122700,0.137782,Neutral
20230505T131500,0.272985,Somewhat-Bullish
20230505T143022,0.386944,Bullish
20230508T204616,0.303176,Somewhat-Bullish
20230509T093055,0.444403,Bullish
20230512T110000,0.107697,Neutral
20230512T123000,-0.157838,Somewhat-Bearish
20230512T151124,0.194412,Somewhat-Bullish
20230515T102009,0.072354,Neutral
20230515T114500,0.029736,Neutral
20230515T171545,0.155473,Somewhat-Bullish
20230515T205722,0.297777,Somewhat-Bullish
20230518T154500,0.053555,Neutral
20230518T154500,0.056512,Neutral
20230519T090000,0.0,Neutral
20230519T090000,0.0,Neutral
20230519T102008,0.06132,Neutral
20230519T144617,0.344161,Somewhat-Bullish
20230519T174200,-0.306968,Somewhat-Bearish
20230519T231500,0.137715,Neutral
20230521T181700,0.037357,Neutral
20230521T181707,0.037274,Neutral
20230521T181800,0.02922,Neutral
20230521T181851,0.028366,Neutral
20230522T155054,-0.104184,Neutral
20230522T213303,0.386944,Bullish
20230523T102005,0.060317,Neutral
20230523T102005,0.060317,Neutral
20230523T102008,0.068619,Neutral
20230523T143104,0.086737,Neutral
20230524T202600,0.093205,Neutral
20230525T103800,0.0,Neutral
20230525T201926,0.179594,Somewhat-Bullish
20230525T210004,0.034726,Neutral
20230525T210500,0.048733,Neutral
20230526T102005,0.070514,Neutral
20230526T104022,0.163141,Somewhat-Bullish
20230526T150400,0.0,Neutral
20230529T150000,0.002652,Neutral
20230530T183059,0.090916,Neutral
20230605T190133,0.308927,Somewhat-Bullish
20230605T190500,-0.178347,Somewhat-Bearish
20230606T070000,0.201379,Somewhat-Bullish
20230607T102006,0.061867,Neutral
20230607T140042,0.386944,Bullish
20230608T153000,0.0,Neutral
20230612T150000,0.053018,Neutral
20230612T152355,0.16252,Somewhat-Bullish
20230614T140000,-0.04725,Neutral
20230614T191432,0.172124,Somewhat-Bullish
20230615T140000,0.212308,Somewhat-Bullish
20230619T200000,0.074709,Neutral
20230621T122200,0.130467,Neutral
20230622T170933,0.174042,Somewhat-Bullish
20230622T213159,0.386944,Bullish
20230623T081243,0.461679,Bullish
20230626T210100,0.037756,Neutral
20230627T140000,0.191892,Somewhat-Bullish
20230627T184500,0.05356,Neutral
20230627T184500,0.015121,Neutral
20230627T184600,0.048,Neutral
20230627T185900,-0.026805,Neutral
20230627T195000,-0.320479,Somewhat-Bearish
20230627T195304,0.224293,Somewhat-Bullish
20230628T011500,0.191762,Somewhat-Bullish
20230628T101300,0.309563,Somewhat-Bullish
20230628T115301,-0.159547,Somewhat-Bearish
20230628T135110,0.184525,Somewhat-Bullish
20230628T155300,0.118819,Neutral
20230628T195322,-0.123899,Neutral
20230628T210100,-0.087948,Neutral
20230628T224000,0.011551,Neutral
20230629T090000,0.0,Neutral
20230629T133800,-0.176046,Somewhat-Bearish
20230629T164500,-0.074103,Neutral
20230629T180419,-0.033506,Neutral
20230630T174800,-0.108088,Neutral
20230630T184943,-0.125235,Neutral
20230630T193317,0.035373,Neutral
20230703T102009,0.069872,Neutral
20230703T134606,0.155473,Somewhat-Bullish
20230703T183259,0.090724,Neutral
20230703T210100,0.048837,Neutral
20230705T115800,-0.188505,Somewhat-Bearish
20230705T210100,-0.093078,Neutral
20230706T115000,-0.043867,Neutral
20230706T124335,-0.185683,Somewhat-Bearish
20230706T133000,0.108864,Neutral
20230707T124517,-0.041704,Neutral
20230707T164917,0.323772,Somewhat-Bullish
20230709T165951,0.0,Neutral
20230711T200500,0.032424,Neutral
20230714T141500,0.153382,Somewhat-Bullish
20230714T160000,0.107743,Neutral
20230715T003000,0.063543,Neutral
20230717T120000,0.0,Neutral
20230717T140600,0.087479,Neutral
20230717T141827,-0.125582,Neutral
20230717T194603,0.024317,Neutral
20230718T152300,0.121519,Neutral
20230718T200100,0.0,Neutral
20230719T102007,0.072244,Neutral
20230719T110000,0.063853,Neutral
20230719T170034,0.083071,Neutral
20230724T102007,0.060435,Neutral
20230724T102008,0.061385,Neutral
20230724T103525,0.0,Neutral
20230724T130000,-0.049075,Neutral
20230724T210100,0.029117,Neutral
20230725T113000,-0.168969,Somewhat-Bearish
20230725T190401,-0.243446,Somewhat-Bearish
20230726T102007,0.071398,Neutral
20230726T102008,0.060317,Neutral
20230726T120200,0.0,Neutral
20230726T142405,0.0,Neutral
20230727T145825,-0.151203,Somewhat-Bearish
20230727T203000,0.066095,Neutral
20230727T203036,0.064032,Neutral
20230728T161514,0.060612,Neutral
20230728T164200,0.26067,Somewhat-Bullish
20230729T182500,0.054053,Neutral
20230730T130000,0.175726,Somewhat-Bullish
20230731T134302,0.09121,Neutral
20230731T151156,0.166864,Somewhat-Bullish
20230802T124337,0.11428,Neutral
20230802T210100,0.037471,Neutral
20230803T115000,0.16134,Somewhat-Bullish
20230803T130400,0.250735,Somewhat-Bullish
20230803T143542,-0.066489,Neutral
20230803T150800,0.231892,Somewhat-Bullish
20230803T165300,0.27625,Somewhat-Bullish
20230803T200100,-0.017107,Neutral
20230804T121200,0.133203,Neutral
20230804T141900,0.25911,Somewhat-Bullish
20230804T145100,-0.016999,Neutral
20230804T152400,-0.023153,Neutral
20230804T164529,0.155473,Somewhat-Bullish
20230806T060441,0.440703,Bullish
20230807T100000,-0.050379,Neutral
20230808T101439,0.452932,Bullish
20230809T113053,0.06101,Neutral
20230809T131312,0.255914,Somewhat-Bullish
20230809T132414,0.674689,Bullish
20230809T133123,0.233034,Somewhat-Bullish
20230809T151006,-0.20842,Somewhat-Bearish
20230809T210100,0.074093,Neutral
20230810T070000,0.551522,Bullish
20230810T092100,0.079729,Neutral
20230810T153108,0.189044,Somewhat-Bullish
20230810T160300,0.0,Neutral
20230810T163157,-0.04595,Neutral
20230811T114500,0.09331,Neutral
20230811T143400,0.0,Neutral
20230811T145457,0.302153,Somewhat-Bullish
20230811T161137,0.202868,Somewhat-Bullish
20230812T054051,0.466694,Bullish
20230813T001700,0.139129,Neutral
20230814T070000,0.261692,Somewhat-Bullish
20230814T110000,0.128011,Neutral
20230814T174631,0.100063,Neutral
20230815T051500,0.0,Neutral
20230815T143711,0.223988,Somewhat-Bullish
20230815T173019,0.386944,Bullish
20230816T092200,-0.00251,Neutral
20230816T173900,0.215904,Somewhat-Bullish
20230817T113000,-0.026846,Neutral
20230817T123000,0.053798,Neutral
20230817T123011,0.023548,Neutral
20230818T140000,-0.015826,Neutral
20230818T153800,0.075832,Neutral
20230818T162000,-0.001422,Neutral
20230818T174300,0.051303,Neutral
20230818T174319,0.037965,Neutral
20230818T180500,0.311891,Somewhat-Bullish
20230818T223500,0.046358,Neutral
20230818T223500,0.043345,Neutral
20230818T232700,0.274517,Somewhat-Bullish
20230820T052103,0.450465,Bullish
20230821T103000,0.09317,Neutral
20230821T123748,0.259452,Somewhat-Bullish
20230821T130637,0.174511,Somewhat-Bullish
20230821T134100,0.279815,Somewhat-Bullish
20230821T140100,0.008689,Neutral
20230821T141809,0.296755,Somewhat-Bullish
20230821T152300,0.046973,Neutral
20230821T190431,0.21245,Somewhat-Bullish
20230821T213234,0.120002,Neutral
20230822T070000,0.0,Neutral
20230822T070000,0.129299,Neutral
20230822T164520,0.155473,Somewhat-Bullish
20230822T173017,0.267137,Somewhat-Bullish
20230822T181500,0.065335,Neutral
20230822T181541,0.134525,Neutral
20230822T194500,-0.010895,Neutral
20230822T204339,0.651361,Bullish
20230823T070000,0.0,Neutral
20230823T081539,0.182563,Somewhat-Bullish
20230823T115845,0.102161,Neutral
20230823T200000,-0.064015,Neutral
20230823T200500,0.0,Neutral
20230823T200500,0.0,Neutral
20230824T141500,0.143951,Neutral
20230824T161728,0.19117,Somewhat-Bullish
20230825T070000,0.0,Neutral
20230825T070000,0.0,Neutral
20230825T131600,0.059516,Neutral
20230825T180000,0.050822,Neutral
20230825T180105,0.015699,Neutral
20230828T123000,0.022997,Neutral
20230828T123800,0.080642,Neutral
20230828T213427,0.120002,Neutral
20230829T134116,0.61915,Bullish
20230829T134500,0.0,Neutral
20230829T154747,0.267137,Somewhat-Bullish
20230829T163452,0.185732,Somewhat-Bullish
20230830T161000,0.177675,Somewhat-Bullish
20230830T200500,-0.221004,Somewhat-Bearish
20230830T201500,0.0,Neutral
20230830T201500,0.0,Neutral
20230830T204549,0.117595,Neutral
20230831T125433,0.189349,Somewhat-Bullish
20230831T174300,0.199463,Somewhat-Bullish
20230904T210100,0.012,Neutral
20230905T234611,0.119896,Neutral
20230906T102004,0.070514,Neutral
20230907T141504,0.264846,Somewhat-Bullish
20230907T143609,0.167429,Somewhat-Bullish
20230908T135300,0.216707,Somewhat-Bullish
20230908T190117,0.14938,Neutral
20230908T204500,0.046349,Neutral
20230908T204500,0.047984,Neutral
20230908T204600,-0.008466,Neutral
20230908T204600,-0.008631,Neutral
20230909T105500,0.085386,Neutral
20230910T090000,0.204993,Somewhat-Bullish
20230911T105500,-0.241989,Somewhat-Bearish
20230911T164719,0.381353,Bullish
20230912T180136,0.119922,Neutral
20230914T140038,0.155473,Somewhat-Bullish
20230914T210100,0.084714,Neutral
20230918T041500,0.184679,Somewhat-Bullish
20230918T205947,0.119871,Neutral
20230918T210100,0.04357,Neutral
20230920T140700,-0.10349,Neutral
20230925T123400,0.058553,Neutral
20230925T123445,0.056431,Neutral
20230925T130700,0.049508,Neutral
20230925T152017,0.340321,Somewhat-Bullish
20230925T210100,0.029512,Neutral
20230925T211300,0.012251,Neutral
20230925T211321,0.013247,Neutral
20230926T052900,0.047,Neutral
20230926T053000,0.041974,Neutral
20230926T053000,0.043115,Neutral
20230926T121100,0.218257,Somewhat-Bullish
20230926T204900,0.103975,Neutral
20230927T070000,-0.081122,Neutral
20230928T200500,0.0,Neutral
20230929T123000,0.051846,Neutral
20230930T093000,0.049699,Neutral
20231003T110000,0.063974,Neutral
20231003T110000,0.0646,Neutral
20231003T110000,0.065391,Neutral
20231003T111000,0.0,Neutral
20231003T160140,0.228994,Somewhat-Bullish
20231003T172533,0.012168,Neutral
20231004T110000,0.0,Neutral
20231004T132700,0.339345,Somewhat-Bullish
20231004T144700,0.11034,Neutral
20231004T210100,-0.02031,Neutral
20231005T095000,0.285979,Somewhat-Bullish
20231005T134300,0.042608,Neutral
20231005T134300,0.044662,Neutral
20231005T145800,0.008282,Neutral
20231005T210100,0.015133,Neutral
20231006T085900,0.004529,Neutral
20231006T193018,0.068711,Neutral
20231009T120410,0.047239,Neutral
20231009T210100,0.029364,Neutral
20231010T140700,0.059954,Neutral
20231010T180000,0.240035,Somewhat-Bullish
20231012T125700,0.077922,Neutral
20231013T134900,0.135924,Neutral
20231013T140000,0.151207,Somewhat-Bullish
20231013T144800,-0.085735,Neutral
20231013T154500,0.067285,Neutral
20231013T183500,0.206575,Somewhat-Bullish
20231013T214500,0.032889,Neutral
20231014T144400,0.10146,Neutral
20231014T162022,0.128748,Neutral
20231015T220500,0.025035,Neutral
20231015T220523,-0.054547,Neutral
20231016T121700,0.175048,Somewhat-Bullish
20231016T132600,0.33828,Somewhat-Bullish
20231016T163900,0.407962,Bullish
20231017T141516,0.046466,Neutral
20231018T121600,0.062208,Neutral
20231018T133000,0.127115,Neutral
20231018T143800,-0.034344,Neutral
20231019T121500,0.070937,Neutral
20231019T144200,0.062249,Neutral
20231019T154600,0.502456,Bullish
20231019T190021,0.386944,Bullish
20231020T121100,0.079746,Neutral
20231020T210000,0.05109,Neutral
20231021T124800,0.025006,Neutral
20231022T185900,0.04288,Neutral
20231022T190000,0.039139,Neutral
20231022T190000,0.039154,Neutral
20231022T190000,0.041305,Neutral
20231023T022012,0.498711,Bullish
20231023T134000,0.478488,Bullish
20231026T200007,0.090525,Neutral
20231027T123700,0.246419,Somewhat-Bullish
20231028T113000,0.061769,Neutral
20231028T164912,0.0,Neutral
20231030T074015,0.0,Neutral
20231030T123000,0.081572,Neutral
20231031T110000,0.021825,Neutral
20231031T113000,-0.167092,Somewhat-Bearish
20231031T113917,0.020913,Neutral
20231031T173015,0.386944,Bullish
20231101T180255,0.248758,Somewhat-Bullish
20231101T200000,0.043043,Neutral
20231101T200105,-0.023605,Neutral
20231101T205533,-0.079734,Neutral
20231102T103000,0.048704,Neutral
20231102T104500,0.299801,Somewhat-Bullish
20231102T111924,0.0,Neutral
20231102T133836,0.54515,Bullish
20231102T155900,0.100748,Neutral
20231102T163100,0.283905,Somewhat-Bullish
20231102T175354,-0.059022,Neutral
20231103T110000,0.051057,Neutral
20231103T110014,0.048539,Neutral
20231103T154300,0.153951,Somewhat-Bullish
20231103T165559,0.043443,Neutral
20231103T193225,0.535528,Bullish
20231106T114500,0.004095,Neutral
20231106T173100,-0.1226,Neutral
20231110T113000,0.388276,Bullish
20231114T140000,0.037048,Neutral
20231115T160700,0.43873,Bullish
20231116T163022,0.083071,Neutral
20231117T170021,0.386944,Bullish
20231118T100000,0.093937,Neutral
20231120T112007,0.071814,Neutral
20231122T123000,0.176057,Somewhat-Bullish
20231122T220100,-0.000967,Neutral
20231124T162900,0.201738,Somewhat-Bullish
20231124T190500,0.179405,Somewhat-Bullish
20231127T063000,0.039327,Neutral
20231127T063000,0.041381,Neutral
20231127T063000,0.051254,Neutral
20231127T141724,0.010215,Neutral
20231127T152900,0.0,Neutral
20231127T153500,0.208896,Somewhat-Bullish
20231127T153843,-0.017807,Neutral
20231201T112006,0.068311,Neutral
20231201T170021,0.386944,Bullish
20231201T223500,-0.02104,Neutral
20231202T133000,0.050122,Neutral
20231204T133000,0.239476,Somewhat-Bullish
20231205T120000,0.163105,Somewhat-Bullish
20231206T204500,0.49969,Bullish
20231207T073000,0.014011,Neutral
20231207T120000,0.050778,Neutral
20231207T120045,0.021905,Neutral
20231208T124500,0.253139,Somewhat-Bullish
20231208T170700,0.180437,Somewhat-Bullish
20231210T173000,0.044342,Neutral
20231211T003000,0.05084,Neutral
20231211T123000,0.14098,Neutral
20231211T141522,0.155473,Somewhat-Bullish
20231212T110000,0.094949,Neutral
20231212T123000,0.094795,Neutral
20231212T220100,0.027812,Neutral
20231214T114200,0.089746,Neutral
20231214T140000,0.233808,Somewhat-Bullish
20231217T100000,0.025951,Neutral
20231218T151535,0.058809,Neutral
20231218T163000,0.133417,Neutral
20231218T210500,0.0,Neutral
20231218T210500,0.0,Neutral
20231221T140019,0.386944,Bullish
20231222T144500,0.167282,Somewhat-Bullish
20231222T173219,0.079276,Neutral
20231227T164519,0.083071,Neutral
20231228T063048,0.467612,Bullish
20231228T134657,0.051145,Neutral
20240103T083000,0.0,Neutral
20240103T083000,0.0,Neutral
20240103T125000,0.194426,Somewhat-Bullish
20240103T131500,0.164297,Somewhat-Bullish
20240103T150000,0.0,Neutral
20240104T123000,0.0,Neutral
20240104T130000,0.025274,Neutral
20240104T130029,0.023335,Neutral
20240104T165500,0.219576,Somewhat-Bullish
20240105T140000,-0.042606,Neutral
20240105T143018,0.386944,Bullish
20240105T144900,0.175182,Somewhat-Bullish
20240105T151600,-0.143216,Neutral
20240105T180100,0.032569,Neutral
20240105T210500,0.0,Neutral
20240105T210500,0.0,Neutral
20240106T094845,0.385041,Bullish
20240108T080000,0.0,Neutral
20240108T080000,0.0,Neutral
20240108T123000,0.139789,Neutral
20240108T123000,0.139789,Neutral
20240108T123000,0.139789,Neutral
20240108T123000,0.139789,Neutral
20240108T145100,-0.308546,Somewhat-Bearish
20240108T161000,0.085644,Neutral
20240108T162600,0.191192,Somewhat-Bullish
20240109T162400,-0.089639,Neutral
20240110T122900,0.082617,Neutral
20240110T150700,0.251411,Somewhat-Bullish
20240110T175600,0.171626,Somewhat-Bullish
20240111T124100,0.0,Neutral
20240111T152800,-0.034075,Neutral
20240112T140000,0.208731,Somewhat-Bullish
20240112T151810,0.321814,Somewhat-Bullish
20240112T182200,0.346108,Somewhat-Bullish
20240112T191300,-0.022883,Neutral
20240112T194700,0.058089,Neutral
20240114T130000,0.165124,Somewhat-Bullish
20240115T143000,0.052545,Neutral
20240115T163200,0.0,Neutral
20240115T220500,0.03228,Neutral
20240116T120000,0.010001,Neutral
20240116T163000,0.27599,Somewhat-Bullish
20240116T165100,0.182292,Somewhat-Bullish
20240116T172900,0.0,Neutral
20240117T080000,0.0,Neutral
20240117T080000,0.136121,Neutral
20240117T093000,0.231906,Somewhat-Bullish
20240117T131800,0.113842,Neutral
20240117T161400,0.2215,Somewhat-Bullish
20240117T162100,0.0,Neutral
20240117T162900,0.065325,Neutral
20240118T080000,0.0,Neutral
20240118T080000,0.0,Neutral
20240118T080000,0.0,Neutral
20240118T123600,0.234933,Somewhat-Bullish
20240118T153500,0.077285,Neutral
20240118T165000,0.311717,Somewhat-Bullish
20240118T171100,0.067357,Neutral
20240118T172800,0.25761,Somewhat-Bullish
20240118T184000,0.165451,Somewhat-Bullish
20240118T194100,0.0,Neutral
20240118T205452,0.114804,Neutral
20240119T154300,0.224951,Somewhat-Bullish
20240119T163000,0.235399,Somewhat-Bullish
20240119T200038,0.131413,Neutral
20240121T121500,0.047636,Neutral
20240122T043500,0.083583,Neutral
20240122T080000,0.139473,Neutral
20240122T131000,0.152506,Somewhat-Bullish
20240122T145600,0.061665,Neutral
20240122T193734,0.358264,Bullish
20240123T160300,0.067094,Neutral
20240123T163700,0.085866,Neutral
20240123T164400,0.182071,Somewhat-Bullish
20240123T171200,0.223923,Somewhat-Bullish
20240124T111400,0.0,Neutral
20240124T162100,0.138377,Neutral
20240124T162500,0.203802,Somewhat-Bullish
20240124T170000,0.07054,Neutral
20240124T195514,0.122634,Neutral
20240124T220100,0.033663,Neutral
20240124T233426,0.095996,Neutral
20240125T080000,0.0,Neutral
20240125T112004,0.072464,Neutral
20240125T141900,0.223434,Somewhat-Bullish
20240125T192900,0.052084,Neutral
20240125T193000,0.037949,Neutral
20240125T193000,0.039487,Neutral
20240126T080000,0.0,Neutral
20240126T080000,0.0,Neutral
20240126T080000,0.0,Neutral
20240127T125400,0.228318,Somewhat-Bullish
20240128T123000,0.039643,Neutral
20240129T080000,0.127279,Neutral
20240129T105100,0.0,Neutral
20240129T132200,0.071798,Neutral
20240129T132200,0.146333,Neutral
20240130T080000,0.0,Neutral
20240130T080000,0.121543,Neutral
20240130T080000,0.0,Neutral
20240130T080000,0.126618,Neutral
20240130T120000,0.066876,Neutral
20240130T120041,0.063983,Neutral
20240130T155300,0.06656,Neutral
20240130T190104,-0.236705,Somewhat-Bearish
20240131T080000,0.125315,Neutral
20240131T154800,0.059389,Neutral
20240131T161100,0.091365,Neutral
20240131T162000,0.274645,Somewhat-Bullish
20240201T112006,0.06159,Neutral
20240201T135000,-0.110807,Neutral
20240201T144500,0.174432,Somewhat-Bullish
20240201T214400,0.0,Neutral
20240202T110000,0.05891,Neutral
20240202T113000,0.049492,Neutral
20240202T120100,-0.02641,Neutral
20240202T122406,0.0,Neutral
20240202T141300,0.181251,Somewhat-Bullish
20240202T160814,-0.056827,Neutral
20240202T171500,-0.133526,Neutral
20240202T174100,0.002017,Neutral
20240202T190900,0.279897,Somewhat-Bullish
20240205T161715,0.079848,Neutral
20240206T114500,-0.019,Neutral
20240206T170026,0.386944,Bullish
20240209T114500,-0.018962,Neutral
20240216T055900,0.054016,Neutral
20240216T055900,0.051032,Neutral
20240216T060000,0.047984,Neutral
20240216T060000,0.051,Neutral
20240216T125300,0.150085,Somewhat-Bullish
20240217T065900,0.075909,Neutral
20240218T054500,0.176915,Somewhat-Bullish
20240220T125915,-0.354971,Bearish
20240220T150551,0.260895,Somewhat-Bullish
20240220T171400,-0.06969,Neutral
20240221T120000,0.056169,Neutral
20240221T120013,0.043977,Neutral
20240221T150000,0.349258,Somewhat-Bullish
20240221T152000,0.0,Neutral
20240222T154400,0.091894,Neutral
20240222T201513,0.155473,Somewhat-Bullish
20240223T060000,0.038836,Neutral
20240223T060000,0.040913,Neutral
20240223T060000,0.037997,Neutral
20240223T060000,0.036,Neutral
20240223T095800,0.051741,Neutral
20240223T133000,-0.025591,Neutral
20240226T135000,-0.089059,Neutral
20240226T160022,0.386944,Bullish
20240226T171435,-0.056321,Neutral
20240228T123000,-0.164445,Somewhat-Bearish
20240228T225500,0.0,Neutral
20240229T180800,0.0,Neutral
20240229T234600,0.044071,Neutral
20240301T164729,0.042605,Neutral
20240304T040000,0.152861,Somewhat-Bullish
20240304T051147,0.130187,Neutral
20240304T055158,0.168217,Somewhat-Bullish
20240304T105948,0.095373,Neutral
20240305T015334,0.08207,Neutral
20240308T120000,0.041695,Neutral
20240308T120026,0.012489,Neutral
20240308T131500,0.063659,Neutral
20240309T105200,-0.025548,Neutral
20240311T110000,0.051027,Neutral
20240311T211500,0.052477,Neutral
20240312T163200,0.485672,Bullish
20240313T125149,0.211435,Somewhat-Bullish
20240313T173200,0.020073,Neutral
20240315T143000,0.064394,Neutral
20240315T200114,-0.022445,Neutral
20240319T045733,0.0,Neutral
20240319T170600,0.348105,Somewhat-Bullish
20240320T191615,0.12756,Neutral
20240320T201500,0.0,Neutral
20240320T201500,0.0,Neutral
20240325T110000,0.064127,Neutral
20240325T155019,0.080965,Neutral
20240326T143700,0.296969,Somewhat-Bullish
20240328T102007,0.072027,Neutral
20240328T120000,0.242099,Somewhat-Bullish
20240328T120021,0.09074,Neutral
20240328T123300,-0.019502,Neutral
20240328T174538,0.107003,Neutral
20240401T193036,0.384186,Bullish
20240405T102007,0.06173,Neutral
20240405T110000,0.222771,Somewhat-Bullish
20240407T200000,0.061408,Neutral
20240407T200012,0.004093,Neutral
20240408T214100,0.061078,Neutral
20240408T224200,0.125642,Neutral
20240409T214100,0.033133,Neutral
20240411T121800,-0.152994,Somewhat-Bearish
20240411T144200,-0.158635,Somewhat-Bearish
20240411T170100,0.04614,Neutral
20240411T180942,-0.188099,Somewhat-Bearish
20240412T163800,-0.062768,Neutral
20240412T175400,0.079319,Neutral
20240414T054441,0.392716,Bullish
20240417T150200,0.197788,Somewhat-Bullish
20240417T170041,0.384186,Bullish
20240418T010000,-0.103049,Neutral
20240418T150049,0.155764,Somewhat-Bullish
20240418T210300,-0.044559,Neutral
20240420T061842,0.376271,Bullish
20240422T215400,0.069494,Neutral
20240423T113000,-0.167067,Somewhat-Bearish
20240424T123000,0.187933,Somewhat-Bullish
20240424T140500,0.027085,Neutral
20240424T195100,0.161998,Somewhat-Bullish
20240425T110000,0.054318,Neutral
20240425T124400,0.132735,Neutral
20240425T152100,0.04907,Neutral
20240426T070000,0.234061,Somewhat-Bullish
20240429T110000,0.058056,Neutral
20240430T063044,0.333883,Somewhat-Bullish
20240430T124700,0.339026,Somewhat-Bullish
20240430T143136,0.037041,Neutral
20240430T152000,0.129453,Neutral
20240430T213100,0.054812,Neutral
20240502T103000,0.054848,Neutral
20240502T104500,0.315981,Somewhat-Bullish
20240502T111500,0.079944,Neutral
20240502T140100,0.125728,Neutral
20240502T143019,0.384186,Bullish
20240502T194945,0.0,Neutral
20240502T230730,0.021944,Neutral
20240503T070000,0.694067,Bullish
20240503T101500,0.104411,Neutral
20240503T111300,0.053195,Neutral
20240503T162200,0.183047,Somewhat-Bullish
20240503T165558,-0.013869,Neutral
20240503T171800,-0.122221,Neutral
20240506T110000,-0.142967,Neutral
20240506T200500,0.104319,Neutral
20240508T100000,0.057857,Neutral
20240508T205103,0.149784,Neutral
20240509T113000,0.064932,Neutral
20240510T102006,0.059811,Neutral
20240510T152600,0.275431,Somewhat-Bullish
20240513T050000,0.039014,Neutral
20240513T102007,0.07042,Neutral
20240514T143025,0.384186,Bullish
20240516T111500,0.246391,Somewhat-Bullish
20240517T150051,0.103868,Neutral
20240517T174500,0.146194,Neutral
20240517T202300,0.140928,Neutral
20240517T202300,0.874725,Bullish
20240519T204600,0.029802,Neutral
20240520T010000,-0.067759,Neutral
20240520T093000,0.009095,Neutral
20240520T181500,0.042093,Neutral
20240520T181500,0.040789,Neutral
20240520T181500,0.038828,Neutral
20240520T191523,0.148634,Neutral
20240520T213024,0.0,Neutral
20240521T211400,0.0,Neutral
20240521T211500,0.0,Neutral
20240522T110000,0.018677,Neutral
20240522T110000,0.018757,Neutral
20240523T101500,0.203215,Somewhat-Bullish
20240523T210300,0.041687,Neutral
20240524T132800,0.270893,Somewhat-Bullish
20240524T160024,0.0,Neutral
20240525T140000,0.1006,Neutral
20240527T140010,0.13208,Neutral
20240529T111500,0.026733,Neutral
20240529T113000,0.0,Neutral
20240529T174658,-0.086454,Neutral
20240530T102006,0.072803,Neutral
20240531T050000,0.044682,Neutral
20240531T050000,0.045957,Neutral
20240531T050500,0.048416,Neutral
20240531T050500,0.048684,Neutral
20240531T050500,0.050817,Neutral
20240531T050500,0.046995,Neutral
20240531T133500,0.038041,Neutral
20240603T180024,0.384186,Bullish
20240603T204842,0.314307,Somewhat-Bullish
20240604T095006,0.149173,Neutral
20240604T150055,0.130055,Neutral
20240604T182703,0.309896,Somewhat-Bullish
20240604T184400,0.124182,Neutral
20240605T102007,0.062256,Neutral
20240605T192549,0.0,Neutral
20240611T005227,0.102762,Neutral
20240611T110000,0.058079,Neutral
20240611T180600,0.098049,Neutral
20240611T204511,0.148634,Neutral
20240612T120000,0.0,Neutral
20240612T142200,0.031471,Neutral
20240613T133902,0.370317,Bullish
20240613T202435,0.0,Neutral
20240614T154900,0.269949,Somewhat-Bullish
20240615T121500,0.146374,Neutral
20240616T101000,0.05917,Neutral
20240616T101009,0.014993,Neutral
20240618T080000,0.0,Neutral
20240618T080100,0.0,Neutral
20240618T130500,0.122189,Neutral
20240618T172200,0.366605,Bullish
20240620T183014,0.384186,Bullish
20240620T183014,0.384186,Bullish
20240621T154222,0.0,Neutral
20240622T204700,0.0,Neutral
20240624T085147,0.100268,Neutral
20240624T183601,0.03283,Neutral
20240624T190631,0.029771,Neutral
20240625T190351,-0.039772,Neutral
20240626T213000,0.042614,Neutral
20240626T213000,0.04375,Neutral
20240626T213000,0.051949,Neutral
20240627T143800,0.388751,Bullish
20240627T200500,0.069109,Neutral
20240628T110000,0.062437,Neutral
20240628T132706,0.2875,Somewhat-Bullish
20240630T155100,0.0,Neutral
20240701T125700,0.374193,Bullish
20240702T203019,0.148634,Neutral
20240703T050000,0.041827,Neutral
20240703T050000,0.044038,Neutral
20240703T050000,0.040697,Neutral
20240703T120600,0.07236,Neutral
20240703T125542,0.333933,Somewhat-Bullish
20240704T153015,0.384186,Bullish
20240707T185900,0.0,Neutral
20240708T120000,0.120086,Neutral
20240711T213100,-0.001011,Neutral
20240712T102005,0.061805,Neutral
20240715T081500,0.059207,Neutral
20240715T121945,-0.36066,Bearish
20240716T102007,0.070705,Neutral
20240716T150035,0.136536,Neutral
20240719T160014,0.148634,Neutral
20240722T190023,0.384186,Bullish
20240723T113000,0.080332,Neutral
20240723T143811,-0.054753,Neutral
20240724T123700,0.368987,Bullish
20240725T122012,0.321212,Somewhat-Bullish
20240726T135800,0.289102,Somewhat-Bullish
20240727T111500,0.077383,Neutral
20240729T102511,0.0,Neutral
20240730T094000,0.056205,Neutral
20240730T150033,0.10553,Neutral
20240730T173100,0.027721,Neutral
20240731T102007,0.072917,Neutral
20240731T113000,0.27417,Somewhat-Bullish
20240731T174834,0.117832,Neutral
20240801T113552,0.0,Neutral
20240801T131000,0.140466,Neutral
20240801T171900,0.042413,Neutral
20240801T172358,-0.226945,Somewhat-Bearish
20240801T181403,0.102374,Neutral
20240802T114400,0.15017,Somewhat-Bullish
20240803T111500,0.176919,Somewhat-Bullish
20240805T102007,0.070234,Neutral
20240805T172700,0.243607,Somewhat-Bullish
20240807T102006,0.061251,Neutral
20240808T113000,0.064349,Neutral
20240808T153034,0.384186,Bullish
20240809T140000,0.0,Neutral
20240809T153200,0.273987,Somewhat-Bullish
20240812T050000,0.0,Neutral
20240813T150034,0.154446,Somewhat-Bullish
20240814T003656,-0.02468,Neutral
20240815T083000,0.0,Neutral
20240815T083000,0.0,Neutral
20240815T083000,0.0,Neutral
20240815T201500,0.0,Neutral
20240815T201500,0.0,Neutral
20240819T102006,0.071708,Neutral
20240820T203012,0.384186,Bullish
20240820T224500,0.064853,Neutral
20240821T012650,-0.189827,Somewhat-Bearish
20240821T111900,0.461279,Bullish
20240821T112300,0.074548,Neutral
20240825T085700,0.204087,Somewhat-Bullish
20240826T050000,0.049875,Neutral
20240826T050000,0.049147,Neutral
20240826T110000,0.057661,Neutral
20240826T110000,0.050993,Neutral
20240827T150033,0.136617,Neutral
20240827T151200,0.367371,Bullish
20240827T194825,0.388077,Bullish
20240828T141100,0.284132,Somewhat-Bullish
20240829T102007,0.060978,Neutral
20240905T131000,0.023028,Neutral
20240905T181300,0.121543,Neutral
20240909T110000,0.019002,Neutral
20240909T110017,-0.09513,Neutral
20240909T210000,0.007959,Neutral
20240910T130500,0.204345,Somewhat-Bullish
20240910T152125,0.100156,Neutral
20240910T163023,0.384186,Bullish
20240911T013656,0.058744,Neutral
20240911T045900,0.052102,Neutral
20240911T050000,0.049879,Neutral
20240911T050000,0.052196,Neutral
20240911T050400,0.047886,Neutral
20240911T050500,0.055166,Neutral
20240911T050500,0.057412,Neutral
20240911T102007,0.060738,Neutral
20240911T104500,0.480355,Bullish
20240911T110000,0.053324,Neutral
20240911T110046,0.042548,Neutral
20240911T133515,0.130475,Neutral
20240911T150025,0.100287,Neutral
20240911T165300,0.001572,Neutral
20240913T161500,0.046999,Neutral
20240913T161528,0.045,Neutral
20240916T171900,0.276188,Somewhat-Bullish
20240918T102006,0.070327,Neutral
20240919T132100,0.113409,Neutral
20240919T183441,0.0,Neutral
20240920T114500,0.053866,Neutral
20240920T114500,0.054969,Neutral
20240920T114500,0.059,Neutral
20240923T170116,-0.003667,Neutral
20240923T174100,0.3497,Somewhat-Bullish
20240924T120000,0.008003,Neutral
20240924T123426,0.0417,Neutral
20240924T170900,0.008983,Neutral
20240924T182156,-0.129204,Neutral
20240925T150025,0.109395,Neutral
20240925T154530,-0.114444,Neutral
20240926T123209,0.135758,Neutral
20240926T130800,0.074918,Neutral
20240926T200500,0.081437,Neutral
20240927T110000,0.047927,Neutral
20240927T110000,0.051146,Neutral
20240927T110000,0.045767,Neutral
20240927T110004,0.043796,Neutral
20240927T133500,0.045719,Neutral
20240927T133500,0.048921,Neutral
20240927T133500,0.049483,Neutral
20240927T141900,0.202887,Somewhat-Bullish
20240927T151708,-0.043803,Neutral
20240930T150028,0.384186,Bullish
20241001T102008,0.071604,Neutral
20241003T174522,0.079385,Neutral
20241003T183432,0.00661,Neutral
20241004T105737,0.106996,Neutral
20241005T103000,0.499386,Bullish
20241007T135744,0.015503,Neutral
20241008T170700,0.345326,Somewhat-Bullish
20241008T181700,0.290716,Somewhat-Bullish
20241009T102006,0.068387,Neutral
20241009T150027,0.212438,Somewhat-Bullish
20241010T102002,0.063265,Neutral
20241010T181803,0.090552,Neutral
20241010T210012,0.384186,Bullish
20241011T193412,0.007518,Neutral
20241017T103000,0.147372,Neutral
20241018T210500,0.057953,Neutral
20241022T123100,-0.001651,Neutral
20241022T130000,0.104834,Neutral
20241023T095600,-0.001763,Neutral
20241023T141549,0.09103,Neutral
20241023T144542,-0.118005,Neutral
20241024T085600,-0.001763,Neutral
20241024T120004,0.044961,Neutral
20241024T143021,0.384186,Bullish
20241025T175734,0.115199,Neutral
20241028T082000,-0.014062,Neutral
20241028T151546,0.111399,Neutral
20241028T180000,0.361635,Bullish
20241030T171400,0.041342,Neutral
20241030T191203,0.050921,Neutral
20241031T131500,0.271782,Somewhat-Bullish
20241031T174640,-0.194744,Somewhat-Bearish
20241104T114500,0.059383,Neutral
20241104T130000,0.086063,Neutral
20241104T200042,-0.030096,Neutral
20241105T200934,-0.006006,Neutral
20241106T060000,0.046252,Neutral
20241106T060000,0.057504,Neutral
20241106T060000,0.04715,Neutral
20241106T144200,0.204135,Somewhat-Bullish
20241106T150034,0.182487,Somewhat-Bullish
20241108T144900,0.261367,Somewhat-Bullish
20241111T123000,0.0,Neutral
20241111T210500,0.114815,Neutral
20241113T120025,0.067318,Neutral
20241113T120025,0.067233,Neutral
20241113T160609,0.13545,Neutral
20241114T120000,-0.039599,Neutral
20241115T055900,0.059987,Neutral
20241115T060000,0.057819,Neutral
20241115T060000,0.059945,Neutral
20241115T134426,0.057119,Neutral
20241115T153505,0.110948,Neutral
20241118T053006,0.0,Neutral
20241118T131521,0.148634,Neutral
20241119T171557,0.117119,Neutral
20241119T171557,0.117119,Neutral
20241119T171557,0.117119,Neutral
20241119T171557,0.117119,Neutral
