Date,interest_rate,unemployment_rate,cpi,gdp_growth,industrial_production,vehicle_sales,personal_consumption,retail_sales_auto,crude_oil_prices,sp500
2022-01-01,0.07,4.0,282.39,-1.0,101.2146,14.866,17017.8,113333.0,75.99,4796.56
2022-01-02,0.07,4.0,282.39,-1.0,101.2146,14.866,17017.8,113333.0,75.99,4796.56
2022-01-03,0.08,4.0,282.39,-1.0,101.2146,14.866,17017.8,113333.0,75.99,4796.56
2022-01-04,0.08,4.0,282.39,-1.0,101.2146,14.866,17017.8,113333.0,77.0,4793.54
2022-01-05,0.08,4.0,282.39,-1.0,101.2146,14.866,17017.8,113333.0,77.83,4700.58
2022-01-06,0.08,4.0,282.39,-1.0,101.2146,14.866,17017.8,113333.0,79.47,4696.05
2022-01-07,0.08,4.0,282.39,-1.0,101.2146,14.866,17017.8,113333.0,79.0,4677.03
2022-01-08,0.08,4.0,282.39,-1.0,101.2146,14.866,17017.8,113333.0,79.0,4677.03
2022-01-09,0.08,4.0,282.39,-1.0,101.2146,14.866,17017.8,113333.0,79.0,4677.03
2022-01-10,0.08,4.0,282.39,-1.0,101.2146,14.866,17017.8,113333.0,78.11,4670.29
2022-01-11,0.08,4.0,282.39,-1.0,101.2146,14.866,17017.8,113333.0,81.17,4713.07
2022-01-12,0.08,4.0,282.39,-1.0,101.2146,14.866,17017.8,113333.0,82.51,4726.35
2022-01-13,0.08,4.0,282.39,-1.0,101.2146,14.866,17017.8,113333.0,81.97,4659.03
2022-01-14,0.08,4.0,282.39,-1.0,101.2146,14.866,17017.8,113333.0,83.82,4662.85
2022-01-15,0.08,4.0,282.39,-1.0,101.2146,14.866,17017.8,113333.0,83.82,4662.85
2022-01-16,0.08,4.0,282.39,-1.0,101.2146,14.866,17017.8,113333.0,83.82,4662.85
2022-01-17,0.08,4.0,282.39,-1.0,101.2146,14.866,17017.8,113333.0,83.82,4662.85
2022-01-18,0.08,4.0,282.39,-1.0,101.2146,14.866,17017.8,113333.0,85.42,4577.11
2022-01-19,0.08,4.0,282.39,-1.0,101.2146,14.866,17017.8,113333.0,86.84,4532.76
2022-01-20,0.08,4.0,282.39,-1.0,101.2146,14.866,17017.8,113333.0,86.29,4482.73
2022-01-21,0.08,4.0,282.39,-1.0,101.2146,14.866,17017.8,113333.0,85.16,4397.94
2022-01-22,0.08,4.0,282.39,-1.0,101.2146,14.866,17017.8,113333.0,85.16,4397.94
2022-01-23,0.08,4.0,282.39,-1.0,101.2146,14.866,17017.8,113333.0,85.16,4397.94
2022-01-24,0.08,4.0,282.39,-1.0,101.2146,14.866,17017.8,113333.0,84.48,4410.13
2022-01-25,0.08,4.0,282.39,-1.0,101.2146,14.866,17017.8,113333.0,86.61,4356.45
2022-01-26,0.08,4.0,282.39,-1.0,101.2146,14.866,17017.8,113333.0,88.33,4349.93
2022-01-27,0.08,4.0,282.39,-1.0,101.2146,14.866,17017.8,113333.0,87.61,4326.51
2022-01-28,0.08,4.0,282.39,-1.0,101.2146,14.866,17017.8,113333.0,87.67,4431.85
2022-01-29,0.08,4.0,282.39,-1.0,101.2146,14.866,17017.8,113333.0,87.67,4431.85
2022-01-30,0.08,4.0,282.39,-1.0,101.2146,14.866,17017.8,113333.0,87.67,4431.85
2022-01-31,0.08,4.0,282.39,-1.0,101.2146,14.866,17017.8,113333.0,89.16,4515.55
2022-02-01,0.08,3.8,284.535,-1.0,101.8458,14.168,17136.1,116674.0,88.22,4546.54
2022-02-02,0.08,3.8,284.535,-1.0,101.8458,14.168,17136.1,116674.0,88.16,4589.38
2022-02-03,0.08,3.8,284.535,-1.0,101.8458,14.168,17136.1,116674.0,90.17,4477.44
2022-02-04,0.08,3.8,284.535,-1.0,101.8458,14.168,17136.1,116674.0,92.27,4500.53
2022-02-05,0.08,3.8,284.535,-1.0,101.8458,14.168,17136.1,116674.0,92.27,4500.53
2022-02-06,0.08,3.8,284.535,-1.0,101.8458,14.168,17136.1,116674.0,92.27,4500.53
2022-02-07,0.08,3.8,284.535,-1.0,101.8458,14.168,17136.1,116674.0,91.25,4483.87
2022-02-08,0.08,3.8,284.535,-1.0,101.8458,14.168,17136.1,116674.0,89.32,4521.54
2022-02-09,0.08,3.8,284.535,-1.0,101.8458,14.168,17136.1,116674.0,89.57,4587.18
2022-02-10,0.08,3.8,284.535,-1.0,101.8458,14.168,17136.1,116674.0,89.83,4504.08
2022-02-11,0.08,3.8,284.535,-1.0,101.8458,14.168,17136.1,116674.0,93.1,4418.64
2022-02-12,0.08,3.8,284.535,-1.0,101.8458,14.168,17136.1,116674.0,93.1,4418.64
2022-02-13,0.08,3.8,284.535,-1.0,101.8458,14.168,17136.1,116674.0,93.1,4418.64
2022-02-14,0.08,3.8,284.535,-1.0,101.8458,14.168,17136.1,116674.0,95.52,4401.67
2022-02-15,0.08,3.8,284.535,-1.0,101.8458,14.168,17136.1,116674.0,92.07,4471.07
2022-02-16,0.08,3.8,284.535,-1.0,101.8458,14.168,17136.1,116674.0,93.83,4475.01
2022-02-17,0.08,3.8,284.535,-1.0,101.8458,14.168,17136.1,116674.0,91.78,4380.26
2022-02-18,0.08,3.8,284.535,-1.0,101.8458,14.168,17136.1,116674.0,91.26,4348.87
2022-02-19,0.08,3.8,284.535,-1.0,101.8458,14.168,17136.1,116674.0,91.26,4348.87
2022-02-20,0.08,3.8,284.535,-1.0,101.8458,14.168,17136.1,116674.0,91.26,4348.87
2022-02-21,0.08,3.8,284.535,-1.0,101.8458,14.168,17136.1,116674.0,91.26,4348.87
2022-02-22,0.08,3.8,284.535,-1.0,101.8458,14.168,17136.1,116674.0,92.11,4304.76
2022-02-23,0.08,3.8,284.535,-1.0,101.8458,14.168,17136.1,116674.0,92.14,4225.5
2022-02-24,0.08,3.8,284.535,-1.0,101.8458,14.168,17136.1,116674.0,92.77,4288.7
2022-02-25,0.08,3.8,284.535,-1.0,101.8458,14.168,17136.1,116674.0,91.68,4384.65
2022-02-26,0.08,3.8,284.535,-1.0,101.8458,14.168,17136.1,116674.0,91.68,4384.65
2022-02-27,0.08,3.8,284.535,-1.0,101.8458,14.168,17136.1,116674.0,91.68,4384.65
2022-02-28,0.08,3.8,284.535,-1.0,101.8458,14.168,17136.1,116674.0,96.13,4373.94
2022-03-01,0.08,3.6,287.553,-1.0,102.6732,14.253,17371.4,139701.0,103.66,4306.26
2022-03-02,0.08,3.6,287.553,-1.0,102.6732,14.253,17371.4,139701.0,110.74,4386.54
2022-03-03,0.08,3.6,287.553,-1.0,102.6732,14.253,17371.4,139701.0,107.69,4363.49
2022-03-04,0.08,3.6,287.553,-1.0,102.6732,14.253,17371.4,139701.0,115.77,4328.87
2022-03-05,0.08,3.6,287.553,-1.0,102.6732,14.253,17371.4,139701.0,115.77,4328.87
2022-03-06,0.08,3.6,287.553,-1.0,102.6732,14.253,17371.4,139701.0,115.77,4328.87
2022-03-07,0.08,3.6,287.553,-1.0,102.6732,14.253,17371.4,139701.0,119.26,4201.09
2022-03-08,0.08,3.6,287.553,-1.0,102.6732,14.253,17371.4,139701.0,123.64,4170.7
2022-03-09,0.08,3.6,287.553,-1.0,102.6732,14.253,17371.4,139701.0,108.81,4277.88
2022-03-10,0.08,3.6,287.553,-1.0,102.6732,14.253,17371.4,139701.0,105.93,4259.52
2022-03-11,0.08,3.6,287.553,-1.0,102.6732,14.253,17371.4,139701.0,109.31,4204.31
2022-03-12,0.08,3.6,287.553,-1.0,102.6732,14.253,17371.4,139701.0,109.31,4204.31
2022-03-13,0.08,3.6,287.553,-1.0,102.6732,14.253,17371.4,139701.0,109.31,4204.31
2022-03-14,0.08,3.6,287.553,-1.0,102.6732,14.253,17371.4,139701.0,103.22,4173.11
2022-03-15,0.08,3.6,287.553,-1.0,102.6732,14.253,17371.4,139701.0,96.42,4262.45
2022-03-16,0.08,3.6,287.553,-1.0,102.6732,14.253,17371.4,139701.0,94.85,4357.86
2022-03-17,0.33,3.6,287.553,-1.0,102.6732,14.253,17371.4,139701.0,102.97,4411.67
2022-03-18,0.33,3.6,287.553,-1.0,102.6732,14.253,17371.4,139701.0,104.69,4463.12
2022-03-19,0.33,3.6,287.553,-1.0,102.6732,14.253,17371.4,139701.0,104.69,4463.12
2022-03-20,0.33,3.6,287.553,-1.0,102.6732,14.253,17371.4,139701.0,104.69,4463.12
2022-03-21,0.33,3.6,287.553,-1.0,102.6732,14.253,17371.4,139701.0,112.14,4461.18
2022-03-22,0.33,3.6,287.553,-1.0,102.6732,14.253,17371.4,139701.0,111.03,4511.61
2022-03-23,0.33,3.6,287.553,-1.0,102.6732,14.253,17371.4,139701.0,114.89,4456.24
2022-03-24,0.33,3.6,287.553,-1.0,102.6732,14.253,17371.4,139701.0,114.2,4520.16
2022-03-25,0.33,3.6,287.553,-1.0,102.6732,14.253,17371.4,139701.0,116.2,4543.06
2022-03-26,0.33,3.6,287.553,-1.0,102.6732,14.253,17371.4,139701.0,116.2,4543.06
2022-03-27,0.33,3.6,287.553,-1.0,102.6732,14.253,17371.4,139701.0,116.2,4543.06
2022-03-28,0.33,3.6,287.553,-1.0,102.6732,14.253,17371.4,139701.0,107.55,4575.52
2022-03-29,0.33,3.6,287.553,-1.0,102.6732,14.253,17371.4,139701.0,104.25,4631.6
2022-03-30,0.33,3.6,287.553,-1.0,102.6732,14.253,17371.4,139701.0,107.81,4602.45
2022-03-31,0.33,3.6,287.553,-1.0,102.6732,14.253,17371.4,139701.0,100.53,4530.41
2022-04-01,0.33,3.7,288.764,0.3,102.9024,14.681,17493.8,136612.0,99.32,4545.86
2022-04-02,0.33,3.7,288.764,0.3,102.9024,14.681,17493.8,136612.0,99.32,4545.86
2022-04-03,0.33,3.7,288.764,0.3,102.9024,14.681,17493.8,136612.0,99.32,4545.86
2022-04-04,0.33,3.7,288.764,0.3,102.9024,14.681,17493.8,136612.0,103.29,4582.64
2022-04-05,0.33,3.7,288.764,0.3,102.9024,14.681,17493.8,136612.0,101.98,4525.12
2022-04-06,0.33,3.7,288.764,0.3,102.9024,14.681,17493.8,136612.0,96.39,4481.15
2022-04-07,0.33,3.7,288.764,0.3,102.9024,14.681,17493.8,136612.0,96.05,4500.21
2022-04-08,0.33,3.7,288.764,0.3,102.9024,14.681,17493.8,136612.0,98.35,4488.28
2022-04-09,0.33,3.7,288.764,0.3,102.9024,14.681,17493.8,136612.0,98.35,4488.28
2022-04-10,0.33,3.7,288.764,0.3,102.9024,14.681,17493.8,136612.0,98.35,4488.28
2022-04-11,0.33,3.7,288.764,0.3,102.9024,14.681,17493.8,136612.0,94.22,4412.53
2022-04-12,0.33,3.7,288.764,0.3,102.9024,14.681,17493.8,136612.0,100.52,4397.45
2022-04-13,0.33,3.7,288.764,0.3,102.9024,14.681,17493.8,136612.0,104.26,4446.59
2022-04-14,0.33,3.7,288.764,0.3,102.9024,14.681,17493.8,136612.0,106.84,4392.59
2022-04-15,0.33,3.7,288.764,0.3,102.9024,14.681,17493.8,136612.0,106.84,4392.59
2022-04-16,0.33,3.7,288.764,0.3,102.9024,14.681,17493.8,136612.0,106.84,4392.59
2022-04-17,0.33,3.7,288.764,0.3,102.9024,14.681,17493.8,136612.0,106.84,4392.59
2022-04-18,0.33,3.7,288.764,0.3,102.9024,14.681,17493.8,136612.0,108.24,4391.69
2022-04-19,0.33,3.7,288.764,0.3,102.9024,14.681,17493.8,136612.0,102.54,4462.21
2022-04-20,0.33,3.7,288.764,0.3,102.9024,14.681,17493.8,136612.0,102.56,4459.45
2022-04-21,0.33,3.7,288.764,0.3,102.9024,14.681,17493.8,136612.0,103.89,4393.66
2022-04-22,0.33,3.7,288.764,0.3,102.9024,14.681,17493.8,136612.0,102.86,4271.78
2022-04-23,0.33,3.7,288.764,0.3,102.9024,14.681,17493.8,136612.0,102.86,4271.78
2022-04-24,0.33,3.7,288.764,0.3,102.9024,14.681,17493.8,136612.0,102.86,4271.78
2022-04-25,0.33,3.7,288.764,0.3,102.9024,14.681,17493.8,136612.0,99.6,4296.12
2022-04-26,0.33,3.7,288.764,0.3,102.9024,14.681,17493.8,136612.0,102.62,4175.2
2022-04-27,0.33,3.7,288.764,0.3,102.9024,14.681,17493.8,136612.0,101.96,4183.96
2022-04-28,0.33,3.7,288.764,0.3,102.9024,14.681,17493.8,136612.0,105.47,4287.5
2022-04-29,0.33,3.7,288.764,0.3,102.9024,14.681,17493.8,136612.0,104.59,4131.93
2022-04-30,0.33,3.7,288.764,0.3,102.9024,14.681,17493.8,136612.0,104.59,4131.93
2022-05-01,0.33,3.6,291.359,0.3,102.9659,13.286,17569.9,131300.0,104.59,4131.93
2022-05-02,0.33,3.6,291.359,0.3,102.9659,13.286,17569.9,131300.0,105.18,4155.38
2022-05-03,0.33,3.6,291.359,0.3,102.9659,13.286,17569.9,131300.0,102.53,4175.48
2022-05-04,0.33,3.6,291.359,0.3,102.9659,13.286,17569.9,131300.0,107.84,4300.17
2022-05-05,0.83,3.6,291.359,0.3,102.9659,13.286,17569.9,131300.0,108.17,4146.87
2022-05-06,0.83,3.6,291.359,0.3,102.9659,13.286,17569.9,131300.0,109.72,4123.34
2022-05-07,0.83,3.6,291.359,0.3,102.9659,13.286,17569.9,131300.0,109.72,4123.34
2022-05-08,0.83,3.6,291.359,0.3,102.9659,13.286,17569.9,131300.0,109.72,4123.34
2022-05-09,0.83,3.6,291.359,0.3,102.9659,13.286,17569.9,131300.0,103.08,3991.24
2022-05-10,0.83,3.6,291.359,0.3,102.9659,13.286,17569.9,131300.0,99.74,4001.05
2022-05-11,0.83,3.6,291.359,0.3,102.9659,13.286,17569.9,131300.0,105.5,3935.18
2022-05-12,0.83,3.6,291.359,0.3,102.9659,13.286,17569.9,131300.0,106.15,3930.08
2022-05-13,0.83,3.6,291.359,0.3,102.9659,13.286,17569.9,131300.0,110.52,4023.89
2022-05-14,0.83,3.6,291.359,0.3,102.9659,13.286,17569.9,131300.0,110.52,4023.89
2022-05-15,0.83,3.6,291.359,0.3,102.9659,13.286,17569.9,131300.0,110.52,4023.89
2022-05-16,0.83,3.6,291.359,0.3,102.9659,13.286,17569.9,131300.0,114.07,4008.01
2022-05-17,0.83,3.6,291.359,0.3,102.9659,13.286,17569.9,131300.0,112.31,4088.85
2022-05-18,0.83,3.6,291.359,0.3,102.9659,13.286,17569.9,131300.0,109.67,3923.68
2022-05-19,0.83,3.6,291.359,0.3,102.9659,13.286,17569.9,131300.0,112.21,3900.79
2022-05-20,0.83,3.6,291.359,0.3,102.9659,13.286,17569.9,131300.0,112.63,3901.36
2022-05-21,0.83,3.6,291.359,0.3,102.9659,13.286,17569.9,131300.0,112.63,3901.36
2022-05-22,0.83,3.6,291.359,0.3,102.9659,13.286,17569.9,131300.0,112.63,3901.36
2022-05-23,0.83,3.6,291.359,0.3,102.9659,13.286,17569.9,131300.0,110.32,3973.75
2022-05-24,0.83,3.6,291.359,0.3,102.9659,13.286,17569.9,131300.0,112.55,3941.48
2022-05-25,0.83,3.6,291.359,0.3,102.9659,13.286,17569.9,131300.0,112.88,3978.73
2022-05-26,0.83,3.6,291.359,0.3,102.9659,13.286,17569.9,131300.0,116.19,4057.84
2022-05-27,0.83,3.6,291.359,0.3,102.9659,13.286,17569.9,131300.0,114.96,4158.24
2022-05-28,0.83,3.6,291.359,0.3,102.9659,13.286,17569.9,131300.0,114.96,4158.24
2022-05-29,0.83,3.6,291.359,0.3,102.9659,13.286,17569.9,131300.0,114.96,4158.24
2022-05-30,0.83,3.6,291.359,0.3,102.9659,13.286,17569.9,131300.0,114.96,4158.24
2022-05-31,0.83,3.6,291.359,0.3,102.9659,13.286,17569.9,131300.0,114.38,4132.15
2022-06-01,0.83,3.6,294.996,0.3,102.8224,13.669,17747.6,131679.0,115.26,4101.23
2022-06-02,0.83,3.6,294.996,0.3,102.8224,13.669,17747.6,131679.0,116.88,4176.82
2022-06-03,0.83,3.6,294.996,0.3,102.8224,13.669,17747.6,131679.0,118.97,4108.54
2022-06-04,0.83,3.6,294.996,0.3,102.8224,13.669,17747.6,131679.0,118.97,4108.54
2022-06-05,0.83,3.6,294.996,0.3,102.8224,13.669,17747.6,131679.0,118.97,4108.54
2022-06-06,0.83,3.6,294.996,0.3,102.8224,13.669,17747.6,131679.0,118.41,4121.43
2022-06-07,0.83,3.6,294.996,0.3,102.8224,13.669,17747.6,131679.0,119.55,4160.68
2022-06-08,0.83,3.6,294.996,0.3,102.8224,13.669,17747.6,131679.0,121.94,4115.77
2022-06-09,0.83,3.6,294.996,0.3,102.8224,13.669,17747.6,131679.0,121.52,4017.82
2022-06-10,0.83,3.6,294.996,0.3,102.8224,13.669,17747.6,131679.0,120.73,3900.86
2022-06-11,0.83,3.6,294.996,0.3,102.8224,13.669,17747.6,131679.0,120.73,3900.86
2022-06-12,0.83,3.6,294.996,0.3,102.8224,13.669,17747.6,131679.0,120.73,3900.86
2022-06-13,0.83,3.6,294.996,0.3,102.8224,13.669,17747.6,131679.0,120.92,3749.63
2022-06-14,0.83,3.6,294.996,0.3,102.8224,13.669,17747.6,131679.0,118.92,3735.48
2022-06-15,0.83,3.6,294.996,0.3,102.8224,13.669,17747.6,131679.0,115.32,3789.99
2022-06-16,1.58,3.6,294.996,0.3,102.8224,13.669,17747.6,131679.0,117.56,3666.77
2022-06-17,1.58,3.6,294.996,0.3,102.8224,13.669,17747.6,131679.0,109.56,3674.84
2022-06-18,1.58,3.6,294.996,0.3,102.8224,13.669,17747.6,131679.0,109.56,3674.84
2022-06-19,1.58,3.6,294.996,0.3,102.8224,13.669,17747.6,131679.0,109.56,3674.84
2022-06-20,1.58,3.6,294.996,0.3,102.8224,13.669,17747.6,131679.0,109.56,3674.84
2022-06-21,1.58,3.6,294.996,0.3,102.8224,13.669,17747.6,131679.0,110.49,3764.79
2022-06-22,1.58,3.6,294.996,0.3,102.8224,13.669,17747.6,131679.0,106.22,3759.89
2022-06-23,1.58,3.6,294.996,0.3,102.8224,13.669,17747.6,131679.0,105.75,3795.73
2022-06-24,1.58,3.6,294.996,0.3,102.8224,13.669,17747.6,131679.0,109.07,3911.74
2022-06-25,1.58,3.6,294.996,0.3,102.8224,13.669,17747.6,131679.0,109.07,3911.74
2022-06-26,1.58,3.6,294.996,0.3,102.8224,13.669,17747.6,131679.0,109.07,3911.74
2022-06-27,1.58,3.6,294.996,0.3,102.8224,13.669,17747.6,131679.0,111.44,3900.11
2022-06-28,1.58,3.6,294.996,0.3,102.8224,13.669,17747.6,131679.0,113.66,3821.55
2022-06-29,1.58,3.6,294.996,0.3,102.8224,13.669,17747.6,131679.0,111.65,3818.83
2022-06-30,1.58,3.6,294.996,0.3,102.8224,13.669,17747.6,131679.0,107.76,3785.38
2022-07-01,1.58,3.5,294.977,2.7,103.0505,13.867,17744.0,126681.0,110.3,3825.33
2022-07-02,1.58,3.5,294.977,2.7,103.0505,13.867,17744.0,126681.0,110.3,3825.33
2022-07-03,1.58,3.5,294.977,2.7,103.0505,13.867,17744.0,126681.0,110.3,3825.33
2022-07-04,1.58,3.5,294.977,2.7,103.0505,13.867,17744.0,126681.0,110.3,3825.33
2022-07-05,1.58,3.5,294.977,2.7,103.0505,13.867,17744.0,126681.0,101.55,3831.39
2022-07-06,1.58,3.5,294.977,2.7,103.0505,13.867,17744.0,126681.0,100.31,3845.08
2022-07-07,1.58,3.5,294.977,2.7,103.0505,13.867,17744.0,126681.0,104.62,3902.62
2022-07-08,1.58,3.5,294.977,2.7,103.0505,13.867,17744.0,126681.0,106.78,3899.38
2022-07-09,1.58,3.5,294.977,2.7,103.0505,13.867,17744.0,126681.0,106.78,3899.38
2022-07-10,1.58,3.5,294.977,2.7,103.0505,13.867,17744.0,126681.0,106.78,3899.38
2022-07-11,1.58,3.5,294.977,2.7,103.0505,13.867,17744.0,126681.0,106.09,3854.43
2022-07-12,1.58,3.5,294.977,2.7,103.0505,13.867,17744.0,126681.0,97.69,3818.8
2022-07-13,1.58,3.5,294.977,2.7,103.0505,13.867,17744.0,126681.0,98.44,3801.78
2022-07-14,1.58,3.5,294.977,2.7,103.0505,13.867,17744.0,126681.0,97.79,3790.38
2022-07-15,1.58,3.5,294.977,2.7,103.0505,13.867,17744.0,126681.0,99.59,3863.16
2022-07-16,1.58,3.5,294.977,2.7,103.0505,13.867,17744.0,126681.0,99.59,3863.16
2022-07-17,1.58,3.5,294.977,2.7,103.0505,13.867,17744.0,126681.0,99.59,3863.16
2022-07-18,1.58,3.5,294.977,2.7,103.0505,13.867,17744.0,126681.0,104.48,3830.85
2022-07-19,1.58,3.5,294.977,2.7,103.0505,13.867,17744.0,126681.0,106.12,3936.69
2022-07-20,1.58,3.5,294.977,2.7,103.0505,13.867,17744.0,126681.0,104.45,3959.9
2022-07-21,1.58,3.5,294.977,2.7,103.0505,13.867,17744.0,126681.0,98.44,3998.95
2022-07-22,1.58,3.5,294.977,2.7,103.0505,13.867,17744.0,126681.0,97.71,3961.63
2022-07-23,1.58,3.5,294.977,2.7,103.0505,13.867,17744.0,126681.0,97.71,3961.63
2022-07-24,1.58,3.5,294.977,2.7,103.0505,13.867,17744.0,126681.0,97.71,3961.63
2022-07-25,1.58,3.5,294.977,2.7,103.0505,13.867,17744.0,126681.0,99.83,3966.84
2022-07-26,1.58,3.5,294.977,2.7,103.0505,13.867,17744.0,126681.0,97.74,3921.05
2022-07-27,1.58,3.5,294.977,2.7,103.0505,13.867,17744.0,126681.0,100.03,4023.61
2022-07-28,2.33,3.5,294.977,2.7,103.0505,13.867,17744.0,126681.0,99.11,4072.43
2022-07-29,2.32,3.5,294.977,2.7,103.0505,13.867,17744.0,126681.0,101.31,4130.29
2022-07-30,2.32,3.5,294.977,2.7,103.0505,13.867,17744.0,126681.0,101.31,4130.29
2022-07-31,2.32,3.5,294.977,2.7,103.0505,13.867,17744.0,126681.0,101.31,4130.29
2022-08-01,2.33,3.6,295.209,2.7,103.1703,14.064,17897.5,135145.0,96.59,4118.63
2022-08-02,2.33,3.6,295.209,2.7,103.1703,14.064,17897.5,135145.0,97.14,4091.19
2022-08-03,2.33,3.6,295.209,2.7,103.1703,14.064,17897.5,135145.0,93.25,4155.17
2022-08-04,2.33,3.6,295.209,2.7,103.1703,14.064,17897.5,135145.0,91.29,4151.94
2022-08-05,2.33,3.6,295.209,2.7,103.1703,14.064,17897.5,135145.0,91.77,4145.19
2022-08-06,2.33,3.6,295.209,2.7,103.1703,14.064,17897.5,135145.0,91.77,4145.19
2022-08-07,2.33,3.6,295.209,2.7,103.1703,14.064,17897.5,135145.0,91.77,4145.19
2022-08-08,2.33,3.6,295.209,2.7,103.1703,14.064,17897.5,135145.0,93.52,4140.06
2022-08-09,2.33,3.6,295.209,2.7,103.1703,14.064,17897.5,135145.0,93.18,4122.47
2022-08-10,2.33,3.6,295.209,2.7,103.1703,14.064,17897.5,135145.0,94.68,4210.24
2022-08-11,2.33,3.6,295.209,2.7,103.1703,14.064,17897.5,135145.0,97.02,4207.27
2022-08-12,2.33,3.6,295.209,2.7,103.1703,14.064,17897.5,135145.0,94.86,4280.15
2022-08-13,2.33,3.6,295.209,2.7,103.1703,14.064,17897.5,135145.0,94.86,4280.15
2022-08-14,2.33,3.6,295.209,2.7,103.1703,14.064,17897.5,135145.0,94.86,4280.15
2022-08-15,2.33,3.6,295.209,2.7,103.1703,14.064,17897.5,135145.0,92.24,4297.14
2022-08-16,2.33,3.6,295.209,2.7,103.1703,14.064,17897.5,135145.0,89.23,4305.2
2022-08-17,2.33,3.6,295.209,2.7,103.1703,14.064,17897.5,135145.0,90.85,4274.04
2022-08-18,2.33,3.6,295.209,2.7,103.1703,14.064,17897.5,135145.0,93.2,4283.74
2022-08-19,2.33,3.6,295.209,2.7,103.1703,14.064,17897.5,135145.0,93.55,4228.48
2022-08-20,2.33,3.6,295.209,2.7,103.1703,14.064,17897.5,135145.0,93.55,4228.48
2022-08-21,2.33,3.6,295.209,2.7,103.1703,14.064,17897.5,135145.0,93.55,4228.48
2022-08-22,2.33,3.6,295.209,2.7,103.1703,14.064,17897.5,135145.0,93.42,4137.99
2022-08-23,2.33,3.6,295.209,2.7,103.1703,14.064,17897.5,135145.0,96.46,4128.73
2022-08-24,2.33,3.6,295.209,2.7,103.1703,14.064,17897.5,135145.0,95.52,4140.77
2022-08-25,2.33,3.6,295.209,2.7,103.1703,14.064,17897.5,135145.0,93.33,4199.12
2022-08-26,2.33,3.6,295.209,2.7,103.1703,14.064,17897.5,135145.0,93.63,4057.66
2022-08-27,2.33,3.6,295.209,2.7,103.1703,14.064,17897.5,135145.0,93.63,4057.66
2022-08-28,2.33,3.6,295.209,2.7,103.1703,14.064,17897.5,135145.0,93.63,4057.66
2022-08-29,2.33,3.6,295.209,2.7,103.1703,14.064,17897.5,135145.0,97.4,4030.61
2022-08-30,2.33,3.6,295.209,2.7,103.1703,14.064,17897.5,135145.0,92.08,3986.16
2022-08-31,2.33,3.6,295.209,2.7,103.1703,14.064,17897.5,135145.0,90.09,3955.0
2022-09-01,2.33,3.5,296.341,2.7,103.5326,14.136,17987.2,124441.0,87.09,3966.85
2022-09-02,2.33,3.5,296.341,2.7,103.5326,14.136,17987.2,124441.0,87.29,3924.26
2022-09-03,2.33,3.5,296.341,2.7,103.5326,14.136,17987.2,124441.0,87.29,3924.26
2022-09-04,2.33,3.5,296.341,2.7,103.5326,14.136,17987.2,124441.0,87.29,3924.26
2022-09-05,2.33,3.5,296.341,2.7,103.5326,14.136,17987.2,124441.0,87.29,3924.26
2022-09-06,2.33,3.5,296.341,2.7,103.5326,14.136,17987.2,124441.0,87.35,3908.19
2022-09-07,2.33,3.5,296.341,2.7,103.5326,14.136,17987.2,124441.0,82.5,3979.87
2022-09-08,2.33,3.5,296.341,2.7,103.5326,14.136,17987.2,124441.0,84.04,4006.18
2022-09-09,2.33,3.5,296.341,2.7,103.5326,14.136,17987.2,124441.0,87.27,4067.36
2022-09-10,2.33,3.5,296.341,2.7,103.5326,14.136,17987.2,124441.0,87.27,4067.36
2022-09-11,2.33,3.5,296.341,2.7,103.5326,14.136,17987.2,124441.0,87.27,4067.36
2022-09-12,2.33,3.5,296.341,2.7,103.5326,14.136,17987.2,124441.0,88.18,4110.41
2022-09-13,2.33,3.5,296.341,2.7,103.5326,14.136,17987.2,124441.0,87.84,3932.69
2022-09-14,2.33,3.5,296.341,2.7,103.5326,14.136,17987.2,124441.0,88.88,3946.01
2022-09-15,2.33,3.5,296.341,2.7,103.5326,14.136,17987.2,124441.0,85.72,3901.35
2022-09-16,2.33,3.5,296.341,2.7,103.5326,14.136,17987.2,124441.0,85.57,3873.33
2022-09-17,2.33,3.5,296.341,2.7,103.5326,14.136,17987.2,124441.0,85.57,3873.33
2022-09-18,2.33,3.5,296.341,2.7,103.5326,14.136,17987.2,124441.0,85.57,3873.33
2022-09-19,2.33,3.5,296.341,2.7,103.5326,14.136,17987.2,124441.0,86.15,3899.89
2022-09-20,2.33,3.5,296.341,2.7,103.5326,14.136,17987.2,124441.0,84.69,3855.93
2022-09-21,2.33,3.5,296.341,2.7,103.5326,14.136,17987.2,124441.0,83.38,3789.93
2022-09-22,3.08,3.5,296.341,2.7,103.5326,14.136,17987.2,124441.0,84.02,3757.99
2022-09-23,3.08,3.5,296.341,2.7,103.5326,14.136,17987.2,124441.0,79.07,3693.23
2022-09-24,3.08,3.5,296.341,2.7,103.5326,14.136,17987.2,124441.0,79.07,3693.23
2022-09-25,3.08,3.5,296.341,2.7,103.5326,14.136,17987.2,124441.0,79.07,3693.23
2022-09-26,3.08,3.5,296.341,2.7,103.5326,14.136,17987.2,124441.0,77.17,3655.04
2022-09-27,3.08,3.5,296.341,2.7,103.5326,14.136,17987.2,124441.0,78.91,3647.29
2022-09-28,3.08,3.5,296.341,2.7,103.5326,14.136,17987.2,124441.0,82.61,3719.04
2022-09-29,3.08,3.5,296.341,2.7,103.5326,14.136,17987.2,124441.0,81.78,3640.47
2022-09-30,3.08,3.5,296.341,2.7,103.5326,14.136,17987.2,124441.0,79.91,3585.62
2022-10-01,3.08,3.6,297.863,3.4,103.4442,15.091,18096.2,125889.0,79.91,3585.62
2022-10-02,3.08,3.6,297.863,3.4,103.4442,15.091,18096.2,125889.0,79.91,3585.62
2022-10-03,3.08,3.6,297.863,3.4,103.4442,15.091,18096.2,125889.0,84.05,3678.43
2022-10-04,3.08,3.6,297.863,3.4,103.4442,15.091,18096.2,125889.0,86.87,3790.93
2022-10-05,3.08,3.6,297.863,3.4,103.4442,15.091,18096.2,125889.0,88.22,3783.28
2022-10-06,3.08,3.6,297.863,3.4,103.4442,15.091,18096.2,125889.0,88.9,3744.52
2022-10-07,3.08,3.6,297.863,3.4,103.4442,15.091,18096.2,125889.0,93.07,3639.66
2022-10-08,3.08,3.6,297.863,3.4,103.4442,15.091,18096.2,125889.0,93.07,3639.66
2022-10-09,3.08,3.6,297.863,3.4,103.4442,15.091,18096.2,125889.0,93.07,3639.66
2022-10-10,3.08,3.6,297.863,3.4,103.4442,15.091,18096.2,125889.0,91.6,3612.39
2022-10-11,3.08,3.6,297.863,3.4,103.4442,15.091,18096.2,125889.0,89.75,3588.84
2022-10-12,3.08,3.6,297.863,3.4,103.4442,15.091,18096.2,125889.0,87.83,3577.03
2022-10-13,3.08,3.6,297.863,3.4,103.4442,15.091,18096.2,125889.0,89.59,3669.91
2022-10-14,3.08,3.6,297.863,3.4,103.4442,15.091,18096.2,125889.0,86.1,3583.07
2022-10-15,3.08,3.6,297.863,3.4,103.4442,15.091,18096.2,125889.0,86.1,3583.07
2022-10-16,3.08,3.6,297.863,3.4,103.4442,15.091,18096.2,125889.0,86.1,3583.07
2022-10-17,3.08,3.6,297.863,3.4,103.4442,15.091,18096.2,125889.0,86.0,3677.95
2022-10-18,3.08,3.6,297.863,3.4,103.4442,15.091,18096.2,125889.0,83.29,3719.98
2022-10-19,3.08,3.6,297.863,3.4,103.4442,15.091,18096.2,125889.0,86.0,3695.16
2022-10-20,3.08,3.6,297.863,3.4,103.4442,15.091,18096.2,125889.0,86.02,3665.78
2022-10-21,3.08,3.6,297.863,3.4,103.4442,15.091,18096.2,125889.0,85.47,3752.75
2022-10-22,3.08,3.6,297.863,3.4,103.4442,15.091,18096.2,125889.0,85.47,3752.75
2022-10-23,3.08,3.6,297.863,3.4,103.4442,15.091,18096.2,125889.0,85.47,3752.75
2022-10-24,3.08,3.6,297.863,3.4,103.4442,15.091,18096.2,125889.0,86.12,3797.34
2022-10-25,3.08,3.6,297.863,3.4,103.4442,15.091,18096.2,125889.0,86.93,3859.11
2022-10-26,3.08,3.6,297.863,3.4,103.4442,15.091,18096.2,125889.0,89.39,3830.6
2022-10-27,3.08,3.6,297.863,3.4,103.4442,15.091,18096.2,125889.0,89.06,3807.3
2022-10-28,3.08,3.6,297.863,3.4,103.4442,15.091,18096.2,125889.0,87.85,3901.06
2022-10-29,3.08,3.6,297.863,3.4,103.4442,15.091,18096.2,125889.0,87.85,3901.06
2022-10-30,3.08,3.6,297.863,3.4,103.4442,15.091,18096.2,125889.0,87.85,3901.06
2022-10-31,3.08,3.6,297.863,3.4,103.4442,15.091,18096.2,125889.0,86.54,3871.98
2022-11-01,3.08,3.6,298.648,3.4,103.1058,14.733,18094.0,117067.0,88.36,3856.1
2022-11-02,3.08,3.6,298.648,3.4,103.1058,14.733,18094.0,117067.0,90.06,3759.69
2022-11-03,3.83,3.6,298.648,3.4,103.1058,14.733,18094.0,117067.0,88.14,3719.89
2022-11-04,3.83,3.6,298.648,3.4,103.1058,14.733,18094.0,117067.0,92.58,3770.55
2022-11-05,3.83,3.6,298.648,3.4,103.1058,14.733,18094.0,117067.0,92.58,3770.55
2022-11-06,3.83,3.6,298.648,3.4,103.1058,14.733,18094.0,117067.0,92.58,3770.55
2022-11-07,3.83,3.6,298.648,3.4,103.1058,14.733,18094.0,117067.0,91.8,3806.8
2022-11-08,3.83,3.6,298.648,3.4,103.1058,14.733,18094.0,117067.0,88.8,3828.11
2022-11-09,3.83,3.6,298.648,3.4,103.1058,14.733,18094.0,117067.0,85.79,3748.57
2022-11-10,3.83,3.6,298.648,3.4,103.1058,14.733,18094.0,117067.0,86.52,3956.37
2022-11-11,3.83,3.6,298.648,3.4,103.1058,14.733,18094.0,117067.0,89.14,3992.93
2022-11-12,3.83,3.6,298.648,3.4,103.1058,14.733,18094.0,117067.0,89.14,3992.93
2022-11-13,3.83,3.6,298.648,3.4,103.1058,14.733,18094.0,117067.0,89.14,3992.93
2022-11-14,3.83,3.6,298.648,3.4,103.1058,14.733,18094.0,117067.0,85.85,3957.25
2022-11-15,3.83,3.6,298.648,3.4,103.1058,14.733,18094.0,117067.0,86.87,3991.73
2022-11-16,3.83,3.6,298.648,3.4,103.1058,14.733,18094.0,117067.0,85.62,3958.79
2022-11-17,3.83,3.6,298.648,3.4,103.1058,14.733,18094.0,117067.0,81.69,3946.56
2022-11-18,3.83,3.6,298.648,3.4,103.1058,14.733,18094.0,117067.0,80.07,3965.34
2022-11-19,3.83,3.6,298.648,3.4,103.1058,14.733,18094.0,117067.0,80.07,3965.34
2022-11-20,3.83,3.6,298.648,3.4,103.1058,14.733,18094.0,117067.0,80.07,3965.34
2022-11-21,3.83,3.6,298.648,3.4,103.1058,14.733,18094.0,117067.0,79.74,3949.94
2022-11-22,3.83,3.6,298.648,3.4,103.1058,14.733,18094.0,117067.0,80.83,4003.58
2022-11-23,3.83,3.6,298.648,3.4,103.1058,14.733,18094.0,117067.0,77.93,4027.26
2022-11-24,3.83,3.6,298.648,3.4,103.1058,14.733,18094.0,117067.0,77.93,4027.26
2022-11-25,3.83,3.6,298.648,3.4,103.1058,14.733,18094.0,117067.0,76.45,4026.12
2022-11-26,3.83,3.6,298.648,3.4,103.1058,14.733,18094.0,117067.0,76.45,4026.12
2022-11-27,3.83,3.6,298.648,3.4,103.1058,14.733,18094.0,117067.0,76.45,4026.12
2022-11-28,3.83,3.6,298.648,3.4,103.1058,14.733,18094.0,117067.0,77.1,3963.94
2022-11-29,3.83,3.6,298.648,3.4,103.1058,14.733,18094.0,117067.0,77.96,3957.63
2022-11-30,3.83,3.6,298.648,3.4,103.1058,14.733,18094.0,117067.0,80.48,4080.11
2022-12-01,3.83,3.5,298.812,3.4,101.8266,13.935,18134.6,122488.0,81.06,4076.57
2022-12-02,3.83,3.5,298.812,3.4,101.8266,13.935,18134.6,122488.0,79.86,4071.7
2022-12-03,3.83,3.5,298.812,3.4,101.8266,13.935,18134.6,122488.0,79.86,4071.7
2022-12-04,3.83,3.5,298.812,3.4,101.8266,13.935,18134.6,122488.0,79.86,4071.7
2022-12-05,3.83,3.5,298.812,3.4,101.8266,13.935,18134.6,122488.0,76.83,3998.84
2022-12-06,3.83,3.5,298.812,3.4,101.8266,13.935,18134.6,122488.0,74.21,3941.26
2022-12-07,3.83,3.5,298.812,3.4,101.8266,13.935,18134.6,122488.0,71.93,3933.92
2022-12-08,3.83,3.5,298.812,3.4,101.8266,13.935,18134.6,122488.0,71.3,3963.51
2022-12-09,3.83,3.5,298.812,3.4,101.8266,13.935,18134.6,122488.0,71.05,3934.38
2022-12-10,3.83,3.5,298.812,3.4,101.8266,13.935,18134.6,122488.0,71.05,3934.38
2022-12-11,3.83,3.5,298.812,3.4,101.8266,13.935,18134.6,122488.0,71.05,3934.38
2022-12-12,3.83,3.5,298.812,3.4,101.8266,13.935,18134.6,122488.0,72.96,3990.56
2022-12-13,3.83,3.5,298.812,3.4,101.8266,13.935,18134.6,122488.0,75.44,4019.65
2022-12-14,3.83,3.5,298.812,3.4,101.8266,13.935,18134.6,122488.0,77.14,3995.32
2022-12-15,4.33,3.5,298.812,3.4,101.8266,13.935,18134.6,122488.0,75.89,3895.75
2022-12-16,4.33,3.5,298.812,3.4,101.8266,13.935,18134.6,122488.0,74.19,3852.36
2022-12-17,4.33,3.5,298.812,3.4,101.8266,13.935,18134.6,122488.0,74.19,3852.36
2022-12-18,4.33,3.5,298.812,3.4,101.8266,13.935,18134.6,122488.0,74.19,3852.36
2022-12-19,4.33,3.5,298.812,3.4,101.8266,13.935,18134.6,122488.0,75.05,3817.66
2022-12-20,4.33,3.5,298.812,3.4,101.8266,13.935,18134.6,122488.0,75.92,3821.62
2022-12-21,4.33,3.5,298.812,3.4,101.8266,13.935,18134.6,122488.0,78.17,3878.44
2022-12-22,4.33,3.5,298.812,3.4,101.8266,13.935,18134.6,122488.0,77.68,3822.39
2022-12-23,4.33,3.5,298.812,3.4,101.8266,13.935,18134.6,122488.0,79.57,3844.82
2022-12-24,4.33,3.5,298.812,3.4,101.8266,13.935,18134.6,122488.0,79.57,3844.82
2022-12-25,4.33,3.5,298.812,3.4,101.8266,13.935,18134.6,122488.0,79.57,3844.82
2022-12-26,4.33,3.5,298.812,3.4,101.8266,13.935,18134.6,122488.0,79.57,3844.82
2022-12-27,4.33,3.5,298.812,3.4,101.8266,13.935,18134.6,122488.0,79.45,3829.25
2022-12-28,4.33,3.5,298.812,3.4,101.8266,13.935,18134.6,122488.0,78.89,3783.22
2022-12-29,4.33,3.5,298.812,3.4,101.8266,13.935,18134.6,122488.0,78.43,3849.28
2022-12-30,4.33,3.5,298.812,3.4,101.8266,13.935,18134.6,122488.0,80.16,3839.5
2022-12-31,4.33,3.5,298.812,3.4,101.8266,13.935,18134.6,122488.0,80.16,3839.5
2023-01-01,4.33,3.4,300.356,2.8,102.7476,15.665,18475.2,117343.0,80.16,3839.5
2023-01-02,4.33,3.4,300.356,2.8,102.7476,15.665,18475.2,117343.0,80.16,3839.5
2023-01-03,4.33,3.4,300.356,2.8,102.7476,15.665,18475.2,117343.0,76.87,3824.14
2023-01-04,4.33,3.4,300.356,2.8,102.7476,15.665,18475.2,117343.0,72.82,3852.97
2023-01-05,4.33,3.4,300.356,2.8,102.7476,15.665,18475.2,117343.0,73.61,3808.1
2023-01-06,4.33,3.4,300.356,2.8,102.7476,15.665,18475.2,117343.0,73.77,3895.08
2023-01-07,4.33,3.4,300.356,2.8,102.7476,15.665,18475.2,117343.0,73.77,3895.08
2023-01-08,4.33,3.4,300.356,2.8,102.7476,15.665,18475.2,117343.0,73.77,3895.08
2023-01-09,4.33,3.4,300.356,2.8,102.7476,15.665,18475.2,117343.0,74.69,3892.09
2023-01-10,4.33,3.4,300.356,2.8,102.7476,15.665,18475.2,117343.0,75.11,3919.25
2023-01-11,4.33,3.4,300.356,2.8,102.7476,15.665,18475.2,117343.0,77.46,3969.61
2023-01-12,4.33,3.4,300.356,2.8,102.7476,15.665,18475.2,117343.0,78.32,3983.17
2023-01-13,4.33,3.4,300.356,2.8,102.7476,15.665,18475.2,117343.0,79.9,3999.09
2023-01-14,4.33,3.4,300.356,2.8,102.7476,15.665,18475.2,117343.0,79.9,3999.09
2023-01-15,4.33,3.4,300.356,2.8,102.7476,15.665,18475.2,117343.0,79.9,3999.09
2023-01-16,4.33,3.4,300.356,2.8,102.7476,15.665,18475.2,117343.0,79.9,3999.09
2023-01-17,4.33,3.4,300.356,2.8,102.7476,15.665,18475.2,117343.0,80.25,3990.97
2023-01-18,4.33,3.4,300.356,2.8,102.7476,15.665,18475.2,117343.0,79.53,3928.86
2023-01-19,4.33,3.4,300.356,2.8,102.7476,15.665,18475.2,117343.0,80.31,3898.85
2023-01-20,4.33,3.4,300.356,2.8,102.7476,15.665,18475.2,117343.0,81.27,3972.61
2023-01-21,4.33,3.4,300.356,2.8,102.7476,15.665,18475.2,117343.0,81.27,3972.61
2023-01-22,4.33,3.4,300.356,2.8,102.7476,15.665,18475.2,117343.0,81.27,3972.61
2023-01-23,4.33,3.4,300.356,2.8,102.7476,15.665,18475.2,117343.0,81.62,4019.81
2023-01-24,4.33,3.4,300.356,2.8,102.7476,15.665,18475.2,117343.0,79.86,4016.95
2023-01-25,4.33,3.4,300.356,2.8,102.7476,15.665,18475.2,117343.0,79.78,4016.22
2023-01-26,4.33,3.4,300.356,2.8,102.7476,15.665,18475.2,117343.0,80.64,4060.43
2023-01-27,4.33,3.4,300.356,2.8,102.7476,15.665,18475.2,117343.0,79.73,4070.56
2023-01-28,4.33,3.4,300.356,2.8,102.7476,15.665,18475.2,117343.0,79.73,4070.56
2023-01-29,4.33,3.4,300.356,2.8,102.7476,15.665,18475.2,117343.0,79.73,4070.56
2023-01-30,4.33,3.4,300.356,2.8,102.7476,15.665,18475.2,117343.0,77.97,4017.77
2023-01-31,4.33,3.4,300.356,2.8,102.7476,15.665,18475.2,117343.0,78.95,4076.6
2023-02-01,4.33,3.6,301.509,2.8,102.8003,15.434,18532.1,118206.0,76.34,4119.21
2023-02-02,4.58,3.6,301.509,2.8,102.8003,15.434,18532.1,118206.0,75.87,4179.76
2023-02-03,4.58,3.6,301.509,2.8,102.8003,15.434,18532.1,118206.0,73.4,4136.48
2023-02-04,4.58,3.6,301.509,2.8,102.8003,15.434,18532.1,118206.0,73.4,4136.48
2023-02-05,4.58,3.6,301.509,2.8,102.8003,15.434,18532.1,118206.0,73.4,4136.48
2023-02-06,4.58,3.6,301.509,2.8,102.8003,15.434,18532.1,118206.0,74.11,4111.08
2023-02-07,4.58,3.6,301.509,2.8,102.8003,15.434,18532.1,118206.0,77.17,4164.0
2023-02-08,4.58,3.6,301.509,2.8,102.8003,15.434,18532.1,118206.0,78.47,4117.86
2023-02-09,4.57,3.6,301.509,2.8,102.8003,15.434,18532.1,118206.0,78.04,4081.5
2023-02-10,4.58,3.6,301.509,2.8,102.8003,15.434,18532.1,118206.0,79.74,4090.46
2023-02-11,4.58,3.6,301.509,2.8,102.8003,15.434,18532.1,118206.0,79.74,4090.46
2023-02-12,4.58,3.6,301.509,2.8,102.8003,15.434,18532.1,118206.0,79.74,4090.46
2023-02-13,4.58,3.6,301.509,2.8,102.8003,15.434,18532.1,118206.0,80.14,4137.29
2023-02-14,4.58,3.6,301.509,2.8,102.8003,15.434,18532.1,118206.0,79.08,4136.13
2023-02-15,4.58,3.6,301.509,2.8,102.8003,15.434,18532.1,118206.0,78.57,4147.6
2023-02-16,4.58,3.6,301.509,2.8,102.8003,15.434,18532.1,118206.0,78.45,4090.41
2023-02-17,4.58,3.6,301.509,2.8,102.8003,15.434,18532.1,118206.0,76.31,4079.09
2023-02-18,4.58,3.6,301.509,2.8,102.8003,15.434,18532.1,118206.0,76.31,4079.09
2023-02-19,4.58,3.6,301.509,2.8,102.8003,15.434,18532.1,118206.0,76.31,4079.09
2023-02-20,4.58,3.6,301.509,2.8,102.8003,15.434,18532.1,118206.0,76.31,4079.09
2023-02-21,4.58,3.6,301.509,2.8,102.8003,15.434,18532.1,118206.0,76.28,3997.34
2023-02-22,4.58,3.6,301.509,2.8,102.8003,15.434,18532.1,118206.0,73.95,3991.05
2023-02-23,4.58,3.6,301.509,2.8,102.8003,15.434,18532.1,118206.0,75.26,4012.32
2023-02-24,4.58,3.6,301.509,2.8,102.8003,15.434,18532.1,118206.0,76.19,3970.04
2023-02-25,4.58,3.6,301.509,2.8,102.8003,15.434,18532.1,118206.0,76.19,3970.04
2023-02-26,4.58,3.6,301.509,2.8,102.8003,15.434,18532.1,118206.0,76.19,3970.04
2023-02-27,4.57,3.6,301.509,2.8,102.8003,15.434,18532.1,118206.0,75.57,3982.24
2023-02-28,4.57,3.6,301.509,2.8,102.8003,15.434,18532.1,118206.0,76.88,3970.15
2023-03-01,4.58,3.5,301.744,2.8,102.8143,15.668,18511.3,140983.0,77.57,3951.39
2023-03-02,4.57,3.5,301.744,2.8,102.8143,15.668,18511.3,140983.0,78.05,3981.35
2023-03-03,4.57,3.5,301.744,2.8,102.8143,15.668,18511.3,140983.0,79.62,4045.64
2023-03-04,4.57,3.5,301.744,2.8,102.8143,15.668,18511.3,140983.0,79.62,4045.64
2023-03-05,4.57,3.5,301.744,2.8,102.8143,15.668,18511.3,140983.0,79.62,4045.64
2023-03-06,4.57,3.5,301.744,2.8,102.8143,15.668,18511.3,140983.0,80.39,4048.42
2023-03-07,4.57,3.5,301.744,2.8,102.8143,15.668,18511.3,140983.0,77.45,3986.37
2023-03-08,4.57,3.5,301.744,2.8,102.8143,15.668,18511.3,140983.0,76.56,3992.01
2023-03-09,4.57,3.5,301.744,2.8,102.8143,15.668,18511.3,140983.0,75.6,3918.32
2023-03-10,4.57,3.5,301.744,2.8,102.8143,15.668,18511.3,140983.0,76.55,3861.59
2023-03-11,4.57,3.5,301.744,2.8,102.8143,15.668,18511.3,140983.0,76.55,3861.59
2023-03-12,4.57,3.5,301.744,2.8,102.8143,15.668,18511.3,140983.0,76.55,3861.59
2023-03-13,4.58,3.5,301.744,2.8,102.8143,15.668,18511.3,140983.0,74.68,3855.76
2023-03-14,4.58,3.5,301.744,2.8,102.8143,15.668,18511.3,140983.0,71.18,3919.29
2023-03-15,4.58,3.5,301.744,2.8,102.8143,15.668,18511.3,140983.0,67.38,3891.93
2023-03-16,4.58,3.5,301.744,2.8,102.8143,15.668,18511.3,140983.0,68.15,3960.28
2023-03-17,4.58,3.5,301.744,2.8,102.8143,15.668,18511.3,140983.0,66.61,3916.64
2023-03-18,4.58,3.5,301.744,2.8,102.8143,15.668,18511.3,140983.0,66.61,3916.64
2023-03-19,4.58,3.5,301.744,2.8,102.8143,15.668,18511.3,140983.0,66.61,3916.64
2023-03-20,4.58,3.5,301.744,2.8,102.8143,15.668,18511.3,140983.0,67.56,3951.57
2023-03-21,4.58,3.5,301.744,2.8,102.8143,15.668,18511.3,140983.0,69.4,4002.87
2023-03-22,4.58,3.5,301.744,2.8,102.8143,15.668,18511.3,140983.0,70.71,3936.97
2023-03-23,4.83,3.5,301.744,2.8,102.8143,15.668,18511.3,140983.0,69.77,3948.72
2023-03-24,4.83,3.5,301.744,2.8,102.8143,15.668,18511.3,140983.0,69.22,3970.99
2023-03-25,4.83,3.5,301.744,2.8,102.8143,15.668,18511.3,140983.0,69.22,3970.99
2023-03-26,4.83,3.5,301.744,2.8,102.8143,15.668,18511.3,140983.0,69.22,3970.99
2023-03-27,4.83,3.5,301.744,2.8,102.8143,15.668,18511.3,140983.0,72.87,3977.53
2023-03-28,4.83,3.5,301.744,2.8,102.8143,15.668,18511.3,140983.0,73.12,3971.27
2023-03-29,4.83,3.5,301.744,2.8,102.8143,15.668,18511.3,140983.0,72.95,4027.81
2023-03-30,4.83,3.5,301.744,2.8,102.8143,15.668,18511.3,140983.0,74.32,4050.83
2023-03-31,4.83,3.5,301.744,2.8,102.8143,15.668,18511.3,140983.0,75.68,4109.31
2023-04-01,4.83,3.4,303.032,2.4,103.2241,16.446,18638.7,132880.0,75.68,4109.31
2023-04-02,4.83,3.4,303.032,2.4,103.2241,16.446,18638.7,132880.0,75.68,4109.31
2023-04-03,4.83,3.4,303.032,2.4,103.2241,16.446,18638.7,132880.0,80.4,4124.51
2023-04-04,4.83,3.4,303.032,2.4,103.2241,16.446,18638.7,132880.0,80.7,4100.6
2023-04-05,4.83,3.4,303.032,2.4,103.2241,16.446,18638.7,132880.0,80.69,4090.38
2023-04-06,4.83,3.4,303.032,2.4,103.2241,16.446,18638.7,132880.0,80.7,4105.02
2023-04-07,4.83,3.4,303.032,2.4,103.2241,16.446,18638.7,132880.0,80.7,4105.02
2023-04-08,4.83,3.4,303.032,2.4,103.2241,16.446,18638.7,132880.0,80.7,4105.02
2023-04-09,4.83,3.4,303.032,2.4,103.2241,16.446,18638.7,132880.0,80.7,4105.02
2023-04-10,4.83,3.4,303.032,2.4,103.2241,16.446,18638.7,132880.0,79.79,4109.11
2023-04-11,4.83,3.4,303.032,2.4,103.2241,16.446,18638.7,132880.0,81.54,4108.94
2023-04-12,4.83,3.4,303.032,2.4,103.2241,16.446,18638.7,132880.0,83.26,4091.95
2023-04-13,4.83,3.4,303.032,2.4,103.2241,16.446,18638.7,132880.0,82.16,4146.22
2023-04-14,4.83,3.4,303.032,2.4,103.2241,16.446,18638.7,132880.0,82.58,4137.64
2023-04-15,4.83,3.4,303.032,2.4,103.2241,16.446,18638.7,132880.0,82.58,4137.64
2023-04-16,4.83,3.4,303.032,2.4,103.2241,16.446,18638.7,132880.0,82.58,4137.64
2023-04-17,4.83,3.4,303.032,2.4,103.2241,16.446,18638.7,132880.0,80.93,4151.32
2023-04-18,4.83,3.4,303.032,2.4,103.2241,16.446,18638.7,132880.0,80.85,4154.87
2023-04-19,4.83,3.4,303.032,2.4,103.2241,16.446,18638.7,132880.0,79.18,4154.52
2023-04-20,4.83,3.4,303.032,2.4,103.2241,16.446,18638.7,132880.0,77.27,4129.79
2023-04-21,4.83,3.4,303.032,2.4,103.2241,16.446,18638.7,132880.0,77.86,4133.52
2023-04-22,4.83,3.4,303.032,2.4,103.2241,16.446,18638.7,132880.0,77.86,4133.52
2023-04-23,4.83,3.4,303.032,2.4,103.2241,16.446,18638.7,132880.0,77.86,4133.52
2023-04-24,4.83,3.4,303.032,2.4,103.2241,16.446,18638.7,132880.0,78.64,4137.04
2023-04-25,4.83,3.4,303.032,2.4,103.2241,16.446,18638.7,132880.0,77.05,4071.63
2023-04-26,4.83,3.4,303.032,2.4,103.2241,16.446,18638.7,132880.0,74.33,4055.99
2023-04-27,4.83,3.4,303.032,2.4,103.2241,16.446,18638.7,132880.0,74.77,4135.35
2023-04-28,4.83,3.4,303.032,2.4,103.2241,16.446,18638.7,132880.0,76.78,4169.48
2023-04-29,4.83,3.4,303.032,2.4,103.2241,16.446,18638.7,132880.0,76.78,4169.48
2023-04-30,4.83,3.4,303.032,2.4,103.2241,16.446,18638.7,132880.0,76.78,4169.48
2023-05-01,4.83,3.7,303.365,2.4,102.9809,15.948,18676.4,142210.0,75.65,4167.87
2023-05-02,4.83,3.7,303.365,2.4,102.9809,15.948,18676.4,142210.0,71.71,4119.58
2023-05-03,4.83,3.7,303.365,2.4,102.9809,15.948,18676.4,142210.0,68.62,4090.75
2023-05-04,5.08,3.7,303.365,2.4,102.9809,15.948,18676.4,142210.0,68.52,4061.22
2023-05-05,5.08,3.7,303.365,2.4,102.9809,15.948,18676.4,142210.0,71.32,4136.25
2023-05-06,5.08,3.7,303.365,2.4,102.9809,15.948,18676.4,142210.0,71.32,4136.25
2023-05-07,5.08,3.7,303.365,2.4,102.9809,15.948,18676.4,142210.0,71.32,4136.25
2023-05-08,5.08,3.7,303.365,2.4,102.9809,15.948,18676.4,142210.0,73.13,4138.12
2023-05-09,5.08,3.7,303.365,2.4,102.9809,15.948,18676.4,142210.0,73.68,4119.17
2023-05-10,5.08,3.7,303.365,2.4,102.9809,15.948,18676.4,142210.0,72.53,4137.64
2023-05-11,5.08,3.7,303.365,2.4,102.9809,15.948,18676.4,142210.0,70.81,4130.62
2023-05-12,5.08,3.7,303.365,2.4,102.9809,15.948,18676.4,142210.0,70.02,4124.08
2023-05-13,5.08,3.7,303.365,2.4,102.9809,15.948,18676.4,142210.0,70.02,4124.08
2023-05-14,5.08,3.7,303.365,2.4,102.9809,15.948,18676.4,142210.0,70.02,4124.08
2023-05-15,5.08,3.7,303.365,2.4,102.9809,15.948,18676.4,142210.0,71.07,4136.28
2023-05-16,5.08,3.7,303.365,2.4,102.9809,15.948,18676.4,142210.0,70.85,4109.9
2023-05-17,5.08,3.7,303.365,2.4,102.9809,15.948,18676.4,142210.0,72.78,4158.77
2023-05-18,5.08,3.7,303.365,2.4,102.9809,15.948,18676.4,142210.0,71.82,4198.05
2023-05-19,5.08,3.7,303.365,2.4,102.9809,15.948,18676.4,142210.0,71.57,4191.98
2023-05-20,5.08,3.7,303.365,2.4,102.9809,15.948,18676.4,142210.0,71.57,4191.98
2023-05-21,5.08,3.7,303.365,2.4,102.9809,15.948,18676.4,142210.0,71.57,4191.98
2023-05-22,5.08,3.7,303.365,2.4,102.9809,15.948,18676.4,142210.0,71.81,4192.63
2023-05-23,5.08,3.7,303.365,2.4,102.9809,15.948,18676.4,142210.0,72.87,4145.58
2023-05-24,5.08,3.7,303.365,2.4,102.9809,15.948,18676.4,142210.0,74.37,4115.24
2023-05-25,5.08,3.7,303.365,2.4,102.9809,15.948,18676.4,142210.0,71.68,4151.28
2023-05-26,5.08,3.7,303.365,2.4,102.9809,15.948,18676.4,142210.0,72.35,4205.45
2023-05-27,5.08,3.7,303.365,2.4,102.9809,15.948,18676.4,142210.0,72.35,4205.45
2023-05-28,5.08,3.7,303.365,2.4,102.9809,15.948,18676.4,142210.0,72.35,4205.45
2023-05-29,5.08,3.7,303.365,2.4,102.9809,15.948,18676.4,142210.0,72.35,4205.45
2023-05-30,5.08,3.7,303.365,2.4,102.9809,15.948,18676.4,142210.0,69.45,4205.52
2023-05-31,5.08,3.7,303.365,2.4,102.9809,15.948,18676.4,142210.0,68.11,4179.83
2023-06-01,5.08,3.6,304.003,2.4,102.3809,16.428,18742.1,139169.0,70.09,4221.02
2023-06-02,5.08,3.6,304.003,2.4,102.3809,16.428,18742.1,139169.0,71.76,4282.37
2023-06-03,5.08,3.6,304.003,2.4,102.3809,16.428,18742.1,139169.0,71.76,4282.37
2023-06-04,5.08,3.6,304.003,2.4,102.3809,16.428,18742.1,139169.0,71.76,4282.37
2023-06-05,5.08,3.6,304.003,2.4,102.3809,16.428,18742.1,139169.0,72.14,4273.79
2023-06-06,5.08,3.6,304.003,2.4,102.3809,16.428,18742.1,139169.0,71.71,4283.85
2023-06-07,5.08,3.6,304.003,2.4,102.3809,16.428,18742.1,139169.0,72.52,4267.52
2023-06-08,5.08,3.6,304.003,2.4,102.3809,16.428,18742.1,139169.0,71.28,4293.93
2023-06-09,5.08,3.6,304.003,2.4,102.3809,16.428,18742.1,139169.0,70.16,4298.86
2023-06-10,5.08,3.6,304.003,2.4,102.3809,16.428,18742.1,139169.0,70.16,4298.86
2023-06-11,5.08,3.6,304.003,2.4,102.3809,16.428,18742.1,139169.0,70.16,4298.86
2023-06-12,5.08,3.6,304.003,2.4,102.3809,16.428,18742.1,139169.0,67.08,4338.93
2023-06-13,5.08,3.6,304.003,2.4,102.3809,16.428,18742.1,139169.0,69.39,4369.01
2023-06-14,5.08,3.6,304.003,2.4,102.3809,16.428,18742.1,139169.0,68.22,4372.59
2023-06-15,5.07,3.6,304.003,2.4,102.3809,16.428,18742.1,139169.0,70.61,4425.84
2023-06-16,5.08,3.6,304.003,2.4,102.3809,16.428,18742.1,139169.0,71.81,4409.59
2023-06-17,5.08,3.6,304.003,2.4,102.3809,16.428,18742.1,139169.0,71.81,4409.59
2023-06-18,5.08,3.6,304.003,2.4,102.3809,16.428,18742.1,139169.0,71.81,4409.59
2023-06-19,5.08,3.6,304.003,2.4,102.3809,16.428,18742.1,139169.0,71.81,4409.59
2023-06-20,5.07,3.6,304.003,2.4,102.3809,16.428,18742.1,139169.0,70.94,4388.71
2023-06-21,5.07,3.6,304.003,2.4,102.3809,16.428,18742.1,139169.0,72.55,4365.69
2023-06-22,5.07,3.6,304.003,2.4,102.3809,16.428,18742.1,139169.0,69.22,4381.89
2023-06-23,5.07,3.6,304.003,2.4,102.3809,16.428,18742.1,139169.0,68.91,4348.33
2023-06-24,5.07,3.6,304.003,2.4,102.3809,16.428,18742.1,139169.0,68.91,4348.33
2023-06-25,5.07,3.6,304.003,2.4,102.3809,16.428,18742.1,139169.0,68.91,4348.33
2023-06-26,5.07,3.6,304.003,2.4,102.3809,16.428,18742.1,139169.0,69.09,4328.82
2023-06-27,5.07,3.6,304.003,2.4,102.3809,16.428,18742.1,139169.0,67.68,4378.41
2023-06-28,5.07,3.6,304.003,2.4,102.3809,16.428,18742.1,139169.0,69.54,4376.86
2023-06-29,5.07,3.6,304.003,2.4,102.3809,16.428,18742.1,139169.0,69.85,4396.44
2023-06-30,5.08,3.6,304.003,2.4,102.3809,16.428,18742.1,139169.0,70.66,4450.38
2023-07-01,5.08,3.5,304.628,4.4,103.0722,16.302,18850.5,134702.0,70.66,4450.38
2023-07-02,5.08,3.5,304.628,4.4,103.0722,16.302,18850.5,134702.0,70.66,4450.38
2023-07-03,5.08,3.5,304.628,4.4,103.0722,16.302,18850.5,134702.0,69.71,4455.59
2023-07-04,5.08,3.5,304.628,4.4,103.0722,16.302,18850.5,134702.0,69.71,4455.59
2023-07-05,5.08,3.5,304.628,4.4,103.0722,16.302,18850.5,134702.0,71.78,4446.82
2023-07-06,5.08,3.5,304.628,4.4,103.0722,16.302,18850.5,134702.0,71.76,4411.59
2023-07-07,5.08,3.5,304.628,4.4,103.0722,16.302,18850.5,134702.0,73.91,4398.95
2023-07-08,5.08,3.5,304.628,4.4,103.0722,16.302,18850.5,134702.0,73.91,4398.95
2023-07-09,5.08,3.5,304.628,4.4,103.0722,16.302,18850.5,134702.0,73.91,4398.95
2023-07-10,5.07,3.5,304.628,4.4,103.0722,16.302,18850.5,134702.0,73.05,4409.53
2023-07-11,5.08,3.5,304.628,4.4,103.0722,16.302,18850.5,134702.0,74.87,4439.26
2023-07-12,5.08,3.5,304.628,4.4,103.0722,16.302,18850.5,134702.0,75.77,4472.16
2023-07-13,5.08,3.5,304.628,4.4,103.0722,16.302,18850.5,134702.0,76.86,4510.04
2023-07-14,5.08,3.5,304.628,4.4,103.0722,16.302,18850.5,134702.0,75.44,4505.42
2023-07-15,5.08,3.5,304.628,4.4,103.0722,16.302,18850.5,134702.0,75.44,4505.42
2023-07-16,5.08,3.5,304.628,4.4,103.0722,16.302,18850.5,134702.0,75.44,4505.42
2023-07-17,5.08,3.5,304.628,4.4,103.0722,16.302,18850.5,134702.0,74.17,4522.79
2023-07-18,5.08,3.5,304.628,4.4,103.0722,16.302,18850.5,134702.0,75.76,4554.98
2023-07-19,5.08,3.5,304.628,4.4,103.0722,16.302,18850.5,134702.0,75.4,4565.72
2023-07-20,5.08,3.5,304.628,4.4,103.0722,16.302,18850.5,134702.0,75.65,4534.87
2023-07-21,5.08,3.5,304.628,4.4,103.0722,16.302,18850.5,134702.0,77.06,4536.34
2023-07-22,5.08,3.5,304.628,4.4,103.0722,16.302,18850.5,134702.0,77.06,4536.34
2023-07-23,5.08,3.5,304.628,4.4,103.0722,16.302,18850.5,134702.0,77.06,4536.34
2023-07-24,5.08,3.5,304.628,4.4,103.0722,16.302,18850.5,134702.0,78.81,4554.64
2023-07-25,5.08,3.5,304.628,4.4,103.0722,16.302,18850.5,134702.0,79.76,4567.46
2023-07-26,5.08,3.5,304.628,4.4,103.0722,16.302,18850.5,134702.0,79.11,4566.75
2023-07-27,5.33,3.5,304.628,4.4,103.0722,16.302,18850.5,134702.0,80.17,4537.41
2023-07-28,5.33,3.5,304.628,4.4,103.0722,16.302,18850.5,134702.0,80.55,4582.23
2023-07-29,5.33,3.5,304.628,4.4,103.0722,16.302,18850.5,134702.0,80.55,4582.23
2023-07-30,5.33,3.5,304.628,4.4,103.0722,16.302,18850.5,134702.0,80.55,4582.23
2023-07-31,5.33,3.5,304.628,4.4,103.0722,16.302,18850.5,134702.0,81.8,4588.96
2023-08-01,5.33,3.8,306.187,4.4,103.0951,15.909,18911.6,141506.0,81.37,4576.73
2023-08-02,5.33,3.8,306.187,4.4,103.0951,15.909,18911.6,141506.0,79.5,4513.39
2023-08-03,5.33,3.8,306.187,4.4,103.0951,15.909,18911.6,141506.0,81.56,4501.89
2023-08-04,5.33,3.8,306.187,4.4,103.0951,15.909,18911.6,141506.0,82.76,4478.03
2023-08-05,5.33,3.8,306.187,4.4,103.0951,15.909,18911.6,141506.0,82.76,4478.03
2023-08-06,5.33,3.8,306.187,4.4,103.0951,15.909,18911.6,141506.0,82.76,4478.03
2023-08-07,5.33,3.8,306.187,4.4,103.0951,15.909,18911.6,141506.0,81.94,4518.44
2023-08-08,5.33,3.8,306.187,4.4,103.0951,15.909,18911.6,141506.0,82.94,4499.38
2023-08-09,5.33,3.8,306.187,4.4,103.0951,15.909,18911.6,141506.0,84.35,4467.71
2023-08-10,5.33,3.8,306.187,4.4,103.0951,15.909,18911.6,141506.0,82.81,4468.83
2023-08-11,5.33,3.8,306.187,4.4,103.0951,15.909,18911.6,141506.0,83.17,4464.05
2023-08-12,5.33,3.8,306.187,4.4,103.0951,15.909,18911.6,141506.0,83.17,4464.05
2023-08-13,5.33,3.8,306.187,4.4,103.0951,15.909,18911.6,141506.0,83.17,4464.05
2023-08-14,5.33,3.8,306.187,4.4,103.0951,15.909,18911.6,141506.0,82.5,4489.72
2023-08-15,5.33,3.8,306.187,4.4,103.0951,15.909,18911.6,141506.0,81.06,4437.86
2023-08-16,5.33,3.8,306.187,4.4,103.0951,15.909,18911.6,141506.0,79.4,4404.33
2023-08-17,5.33,3.8,306.187,4.4,103.0951,15.909,18911.6,141506.0,80.43,4370.36
2023-08-18,5.33,3.8,306.187,4.4,103.0951,15.909,18911.6,141506.0,81.25,4369.71
2023-08-19,5.33,3.8,306.187,4.4,103.0951,15.909,18911.6,141506.0,81.25,4369.71
2023-08-20,5.33,3.8,306.187,4.4,103.0951,15.909,18911.6,141506.0,81.25,4369.71
2023-08-21,5.33,3.8,306.187,4.4,103.0951,15.909,18911.6,141506.0,80.71,4399.77
2023-08-22,5.33,3.8,306.187,4.4,103.0951,15.909,18911.6,141506.0,80.25,4387.55
2023-08-23,5.33,3.8,306.187,4.4,103.0951,15.909,18911.6,141506.0,78.91,4436.01
2023-08-24,5.33,3.8,306.187,4.4,103.0951,15.909,18911.6,141506.0,79.52,4376.31
2023-08-25,5.33,3.8,306.187,4.4,103.0951,15.909,18911.6,141506.0,80.47,4405.71
2023-08-26,5.33,3.8,306.187,4.4,103.0951,15.909,18911.6,141506.0,80.47,4405.71
2023-08-27,5.33,3.8,306.187,4.4,103.0951,15.909,18911.6,141506.0,80.47,4405.71
2023-08-28,5.33,3.8,306.187,4.4,103.0951,15.909,18911.6,141506.0,80.65,4433.31
2023-08-29,5.33,3.8,306.187,4.4,103.0951,15.909,18911.6,141506.0,81.14,4497.63
2023-08-30,5.33,3.8,306.187,4.4,103.0951,15.909,18911.6,141506.0,81.64,4514.87
2023-08-31,5.33,3.8,306.187,4.4,103.0951,15.909,18911.6,141506.0,83.55,4507.66
2023-09-01,5.33,3.8,307.288,4.4,103.3081,16.193,19024.9,132862.0,85.52,4515.77
2023-09-02,5.33,3.8,307.288,4.4,103.3081,16.193,19024.9,132862.0,85.52,4515.77
2023-09-03,5.33,3.8,307.288,4.4,103.3081,16.193,19024.9,132862.0,85.52,4515.77
2023-09-04,5.33,3.8,307.288,4.4,103.3081,16.193,19024.9,132862.0,85.52,4515.77
2023-09-05,5.33,3.8,307.288,4.4,103.3081,16.193,19024.9,132862.0,86.74,4496.83
2023-09-06,5.33,3.8,307.288,4.4,103.3081,16.193,19024.9,132862.0,87.55,4465.48
2023-09-07,5.33,3.8,307.288,4.4,103.3081,16.193,19024.9,132862.0,86.87,4451.14
2023-09-08,5.33,3.8,307.288,4.4,103.3081,16.193,19024.9,132862.0,87.51,4457.49
2023-09-09,5.33,3.8,307.288,4.4,103.3081,16.193,19024.9,132862.0,87.51,4457.49
2023-09-10,5.33,3.8,307.288,4.4,103.3081,16.193,19024.9,132862.0,87.51,4457.49
2023-09-11,5.33,3.8,307.288,4.4,103.3081,16.193,19024.9,132862.0,87.3,4487.46
2023-09-12,5.33,3.8,307.288,4.4,103.3081,16.193,19024.9,132862.0,88.87,4461.9
2023-09-13,5.33,3.8,307.288,4.4,103.3081,16.193,19024.9,132862.0,88.59,4467.44
2023-09-14,5.33,3.8,307.288,4.4,103.3081,16.193,19024.9,132862.0,90.13,4505.1
2023-09-15,5.33,3.8,307.288,4.4,103.3081,16.193,19024.9,132862.0,90.83,4450.32
2023-09-16,5.33,3.8,307.288,4.4,103.3081,16.193,19024.9,132862.0,90.83,4450.32
2023-09-17,5.33,3.8,307.288,4.4,103.3081,16.193,19024.9,132862.0,90.83,4450.32
2023-09-18,5.33,3.8,307.288,4.4,103.3081,16.193,19024.9,132862.0,91.47,4453.53
2023-09-19,5.33,3.8,307.288,4.4,103.3081,16.193,19024.9,132862.0,91.16,4443.95
2023-09-20,5.33,3.8,307.288,4.4,103.3081,16.193,19024.9,132862.0,89.2,4402.2
2023-09-21,5.33,3.8,307.288,4.4,103.3081,16.193,19024.9,132862.0,89.56,4330.0
2023-09-22,5.33,3.8,307.288,4.4,103.3081,16.193,19024.9,132862.0,90.0,4320.06
2023-09-23,5.33,3.8,307.288,4.4,103.3081,16.193,19024.9,132862.0,90.0,4320.06
2023-09-24,5.33,3.8,307.288,4.4,103.3081,16.193,19024.9,132862.0,90.0,4320.06
2023-09-25,5.33,3.8,307.288,4.4,103.3081,16.193,19024.9,132862.0,89.68,4337.44
2023-09-26,5.33,3.8,307.288,4.4,103.3081,16.193,19024.9,132862.0,91.43,4273.53
2023-09-27,5.33,3.8,307.288,4.4,103.3081,16.193,19024.9,132862.0,93.67,4274.51
2023-09-28,5.33,3.8,307.288,4.4,103.3081,16.193,19024.9,132862.0,91.65,4299.7
2023-09-29,5.33,3.8,307.288,4.4,103.3081,16.193,19024.9,132862.0,90.77,4288.05
2023-09-30,5.33,3.8,307.288,4.4,103.3081,16.193,19024.9,132862.0,90.77,4288.05
2023-10-01,5.33,3.8,307.531,3.2,102.5781,15.799,19069.5,128979.0,90.77,4288.05
2023-10-02,5.33,3.8,307.531,3.2,102.5781,15.799,19069.5,128979.0,88.81,4288.39
2023-10-03,5.33,3.8,307.531,3.2,102.5781,15.799,19069.5,128979.0,89.26,4229.45
2023-10-04,5.33,3.8,307.531,3.2,102.5781,15.799,19069.5,128979.0,84.32,4263.75
2023-10-05,5.33,3.8,307.531,3.2,102.5781,15.799,19069.5,128979.0,82.3,4258.19
2023-10-06,5.33,3.8,307.531,3.2,102.5781,15.799,19069.5,128979.0,82.83,4308.5
2023-10-07,5.33,3.8,307.531,3.2,102.5781,15.799,19069.5,128979.0,82.83,4308.5
2023-10-08,5.33,3.8,307.531,3.2,102.5781,15.799,19069.5,128979.0,82.83,4308.5
2023-10-09,5.33,3.8,307.531,3.2,102.5781,15.799,19069.5,128979.0,82.83,4335.66
2023-10-10,5.33,3.8,307.531,3.2,102.5781,15.799,19069.5,128979.0,85.89,4358.24
2023-10-11,5.33,3.8,307.531,3.2,102.5781,15.799,19069.5,128979.0,83.7,4376.95
2023-10-12,5.33,3.8,307.531,3.2,102.5781,15.799,19069.5,128979.0,82.87,4349.61
2023-10-13,5.33,3.8,307.531,3.2,102.5781,15.799,19069.5,128979.0,87.67,4327.78
2023-10-14,5.33,3.8,307.531,3.2,102.5781,15.799,19069.5,128979.0,87.67,4327.78
2023-10-15,5.33,3.8,307.531,3.2,102.5781,15.799,19069.5,128979.0,87.67,4327.78
2023-10-16,5.33,3.8,307.531,3.2,102.5781,15.799,19069.5,128979.0,86.65,4373.63
2023-10-17,5.33,3.8,307.531,3.2,102.5781,15.799,19069.5,128979.0,86.66,4373.2
2023-10-18,5.33,3.8,307.531,3.2,102.5781,15.799,19069.5,128979.0,88.35,4314.6
2023-10-19,5.33,3.8,307.531,3.2,102.5781,15.799,19069.5,128979.0,89.35,4278.0
2023-10-20,5.33,3.8,307.531,3.2,102.5781,15.799,19069.5,128979.0,89.12,4224.16
2023-10-21,5.33,3.8,307.531,3.2,102.5781,15.799,19069.5,128979.0,89.12,4224.16
2023-10-22,5.33,3.8,307.531,3.2,102.5781,15.799,19069.5,128979.0,89.12,4224.16
2023-10-23,5.33,3.8,307.531,3.2,102.5781,15.799,19069.5,128979.0,85.49,4217.04
2023-10-24,5.33,3.8,307.531,3.2,102.5781,15.799,19069.5,128979.0,84.58,4247.68
2023-10-25,5.33,3.8,307.531,3.2,102.5781,15.799,19069.5,128979.0,86.07,4186.77
2023-10-26,5.33,3.8,307.531,3.2,102.5781,15.799,19069.5,128979.0,83.8,4137.23
2023-10-27,5.33,3.8,307.531,3.2,102.5781,15.799,19069.5,128979.0,86.04,4117.37
2023-10-28,5.33,3.8,307.531,3.2,102.5781,15.799,19069.5,128979.0,86.04,4117.37
2023-10-29,5.33,3.8,307.531,3.2,102.5781,15.799,19069.5,128979.0,86.04,4117.37
2023-10-30,5.33,3.8,307.531,3.2,102.5781,15.799,19069.5,128979.0,83.03,4166.82
2023-10-31,5.33,3.8,307.531,3.2,102.5781,15.799,19069.5,128979.0,81.64,4193.8
2023-11-01,5.33,3.7,308.024,3.2,102.8868,15.945,19151.0,123899.0,81.05,4237.86
2023-11-02,5.33,3.7,308.024,3.2,102.8868,15.945,19151.0,123899.0,83.04,4317.78
2023-11-03,5.33,3.7,308.024,3.2,102.8868,15.945,19151.0,123899.0,81.19,4358.34
2023-11-04,5.33,3.7,308.024,3.2,102.8868,15.945,19151.0,123899.0,81.19,4358.34
2023-11-05,5.33,3.7,308.024,3.2,102.8868,15.945,19151.0,123899.0,81.19,4358.34
2023-11-06,5.33,3.7,308.024,3.2,102.8868,15.945,19151.0,123899.0,81.54,4365.98
2023-11-07,5.33,3.7,308.024,3.2,102.8868,15.945,19151.0,123899.0,77.96,4378.38
2023-11-08,5.33,3.7,308.024,3.2,102.8868,15.945,19151.0,123899.0,75.85,4382.78
2023-11-09,5.33,3.7,308.024,3.2,102.8868,15.945,19151.0,123899.0,76.34,4347.35
2023-11-10,5.33,3.7,308.024,3.2,102.8868,15.945,19151.0,123899.0,76.34,4415.24
2023-11-11,5.33,3.7,308.024,3.2,102.8868,15.945,19151.0,123899.0,76.34,4415.24
2023-11-12,5.33,3.7,308.024,3.2,102.8868,15.945,19151.0,123899.0,76.34,4415.24
2023-11-13,5.33,3.7,308.024,3.2,102.8868,15.945,19151.0,123899.0,78.86,4411.55
2023-11-14,5.33,3.7,308.024,3.2,102.8868,15.945,19151.0,123899.0,78.9,4495.7
2023-11-15,5.33,3.7,308.024,3.2,102.8868,15.945,19151.0,123899.0,77.15,4502.88
2023-11-16,5.33,3.7,308.024,3.2,102.8868,15.945,19151.0,123899.0,73.5,4508.24
2023-11-17,5.33,3.7,308.024,3.2,102.8868,15.945,19151.0,123899.0,76.47,4514.02
2023-11-18,5.33,3.7,308.024,3.2,102.8868,15.945,19151.0,123899.0,76.47,4514.02
2023-11-19,5.33,3.7,308.024,3.2,102.8868,15.945,19151.0,123899.0,76.47,4514.02
2023-11-20,5.33,3.7,308.024,3.2,102.8868,15.945,19151.0,123899.0,78.1,4547.38
2023-11-21,5.33,3.7,308.024,3.2,102.8868,15.945,19151.0,123899.0,78.35,4538.19
2023-11-22,5.33,3.7,308.024,3.2,102.8868,15.945,19151.0,123899.0,76.8,4556.62
2023-11-23,5.33,3.7,308.024,3.2,102.8868,15.945,19151.0,123899.0,76.8,4556.62
2023-11-24,5.33,3.7,308.024,3.2,102.8868,15.945,19151.0,123899.0,74.83,4559.34
2023-11-25,5.33,3.7,308.024,3.2,102.8868,15.945,19151.0,123899.0,74.83,4559.34
2023-11-26,5.33,3.7,308.024,3.2,102.8868,15.945,19151.0,123899.0,74.83,4559.34
2023-11-27,5.33,3.7,308.024,3.2,102.8868,15.945,19151.0,123899.0,74.46,4550.43
2023-11-28,5.33,3.7,308.024,3.2,102.8868,15.945,19151.0,123899.0,76.09,4554.89
2023-11-29,5.33,3.7,308.024,3.2,102.8868,15.945,19151.0,123899.0,77.56,4550.58
2023-11-30,5.33,3.7,308.024,3.2,102.8868,15.945,19151.0,123899.0,75.66,4567.8
2023-12-01,5.33,3.7,308.742,3.2,102.6309,16.386,19289.9,130175.0,73.7,4594.63
2023-12-02,5.33,3.7,308.742,3.2,102.6309,16.386,19289.9,130175.0,73.7,4594.63
2023-12-03,5.33,3.7,308.742,3.2,102.6309,16.386,19289.9,130175.0,73.7,4594.63
2023-12-04,5.33,3.7,308.742,3.2,102.6309,16.386,19289.9,130175.0,72.73,4569.78
2023-12-05,5.33,3.7,308.742,3.2,102.6309,16.386,19289.9,130175.0,71.95,4567.18
2023-12-06,5.33,3.7,308.742,3.2,102.6309,16.386,19289.9,130175.0,68.98,4549.34
2023-12-07,5.33,3.7,308.742,3.2,102.6309,16.386,19289.9,130175.0,69.0,4585.59
2023-12-08,5.33,3.7,308.742,3.2,102.6309,16.386,19289.9,130175.0,70.87,4604.37
2023-12-09,5.33,3.7,308.742,3.2,102.6309,16.386,19289.9,130175.0,70.87,4604.37
2023-12-10,5.33,3.7,308.742,3.2,102.6309,16.386,19289.9,130175.0,70.87,4604.37
2023-12-11,5.33,3.7,308.742,3.2,102.6309,16.386,19289.9,130175.0,70.95,4622.44
2023-12-12,5.33,3.7,308.742,3.2,102.6309,16.386,19289.9,130175.0,68.27,4643.7
2023-12-13,5.33,3.7,308.742,3.2,102.6309,16.386,19289.9,130175.0,69.09,4707.09
2023-12-14,5.33,3.7,308.742,3.2,102.6309,16.386,19289.9,130175.0,71.21,4719.55
2023-12-15,5.33,3.7,308.742,3.2,102.6309,16.386,19289.9,130175.0,71.05,4719.19
2023-12-16,5.33,3.7,308.742,3.2,102.6309,16.386,19289.9,130175.0,71.05,4719.19
2023-12-17,5.33,3.7,308.742,3.2,102.6309,16.386,19289.9,130175.0,71.05,4719.19
2023-12-18,5.33,3.7,308.742,3.2,102.6309,16.386,19289.9,130175.0,72.16,4740.56
2023-12-19,5.33,3.7,308.742,3.2,102.6309,16.386,19289.9,130175.0,73.23,4768.37
2023-12-20,5.33,3.7,308.742,3.2,102.6309,16.386,19289.9,130175.0,73.87,4698.35
2023-12-21,5.33,3.7,308.742,3.2,102.6309,16.386,19289.9,130175.0,73.59,4746.75
2023-12-22,5.33,3.7,308.742,3.2,102.6309,16.386,19289.9,130175.0,73.29,4754.63
2023-12-23,5.33,3.7,308.742,3.2,102.6309,16.386,19289.9,130175.0,73.29,4754.63
2023-12-24,5.33,3.7,308.742,3.2,102.6309,16.386,19289.9,130175.0,73.29,4754.63
2023-12-25,5.33,3.7,308.742,3.2,102.6309,16.386,19289.9,130175.0,73.29,4754.63
2023-12-26,5.33,3.7,308.742,3.2,102.6309,16.386,19289.9,130175.0,75.84,4774.75
2023-12-27,5.33,3.7,308.742,3.2,102.6309,16.386,19289.9,130175.0,74.31,4781.58
2023-12-28,5.33,3.7,308.742,3.2,102.6309,16.386,19289.9,130175.0,72.02,4783.35
2023-12-29,5.33,3.7,308.742,3.2,102.6309,16.386,19289.9,130175.0,71.89,4769.83
2023-12-30,5.33,3.7,308.742,3.2,102.6309,16.386,19289.9,130175.0,71.89,4769.83
2023-12-31,5.33,3.7,308.742,3.2,102.6309,16.386,19289.9,130175.0,71.89,4769.83
2024-01-01,5.33,3.7,309.685,1.6,101.483,15.513,19308.5,117947.0,71.89,4769.83
2024-01-02,5.33,3.7,309.685,1.6,101.483,15.513,19308.5,117947.0,70.62,4742.83
2024-01-03,5.33,3.7,309.685,1.6,101.483,15.513,19308.5,117947.0,72.97,4704.81
2024-01-04,5.33,3.7,309.685,1.6,101.483,15.513,19308.5,117947.0,72.38,4688.68
2024-01-05,5.33,3.7,309.685,1.6,101.483,15.513,19308.5,117947.0,74.0,4697.24
2024-01-06,5.33,3.7,309.685,1.6,101.483,15.513,19308.5,117947.0,74.0,4697.24
2024-01-07,5.33,3.7,309.685,1.6,101.483,15.513,19308.5,117947.0,74.0,4697.24
2024-01-08,5.33,3.7,309.685,1.6,101.483,15.513,19308.5,117947.0,71.06,4763.54
2024-01-09,5.33,3.7,309.685,1.6,101.483,15.513,19308.5,117947.0,72.43,4756.5
2024-01-10,5.33,3.7,309.685,1.6,101.483,15.513,19308.5,117947.0,71.57,4783.45
2024-01-11,5.33,3.7,309.685,1.6,101.483,15.513,19308.5,117947.0,72.15,4780.24
2024-01-12,5.33,3.7,309.685,1.6,101.483,15.513,19308.5,117947.0,72.94,4783.83
2024-01-13,5.33,3.7,309.685,1.6,101.483,15.513,19308.5,117947.0,72.94,4783.83
2024-01-14,5.33,3.7,309.685,1.6,101.483,15.513,19308.5,117947.0,72.94,4783.83
2024-01-15,5.33,3.7,309.685,1.6,101.483,15.513,19308.5,117947.0,72.94,4783.83
2024-01-16,5.33,3.7,309.685,1.6,101.483,15.513,19308.5,117947.0,72.63,4765.98
2024-01-17,5.33,3.7,309.685,1.6,101.483,15.513,19308.5,117947.0,72.79,4739.21
2024-01-18,5.33,3.7,309.685,1.6,101.483,15.513,19308.5,117947.0,74.32,4780.94
2024-01-19,5.33,3.7,309.685,1.6,101.483,15.513,19308.5,117947.0,73.69,4839.81
2024-01-20,5.33,3.7,309.685,1.6,101.483,15.513,19308.5,117947.0,73.69,4839.81
2024-01-21,5.33,3.7,309.685,1.6,101.483,15.513,19308.5,117947.0,73.69,4839.81
2024-01-22,5.33,3.7,309.685,1.6,101.483,15.513,19308.5,117947.0,75.26,4850.43
2024-01-23,5.33,3.7,309.685,1.6,101.483,15.513,19308.5,117947.0,74.72,4864.6
2024-01-24,5.33,3.7,309.685,1.6,101.483,15.513,19308.5,117947.0,75.48,4868.55
2024-01-25,5.33,3.7,309.685,1.6,101.483,15.513,19308.5,117947.0,77.91,4894.16
2024-01-26,5.33,3.7,309.685,1.6,101.483,15.513,19308.5,117947.0,78.45,4890.97
2024-01-27,5.33,3.7,309.685,1.6,101.483,15.513,19308.5,117947.0,78.45,4890.97
2024-01-28,5.33,3.7,309.685,1.6,101.483,15.513,19308.5,117947.0,78.45,4890.97
2024-01-29,5.33,3.7,309.685,1.6,101.483,15.513,19308.5,117947.0,77.25,4927.93
2024-01-30,5.33,3.7,309.685,1.6,101.483,15.513,19308.5,117947.0,78.3,4924.97
2024-01-31,5.33,3.7,309.685,1.6,101.483,15.513,19308.5,117947.0,76.28,4845.65
2024-02-01,5.33,3.9,311.054,1.6,102.7267,16.191,19412.7,126296.0,74.36,4906.19
2024-02-02,5.33,3.9,311.054,1.6,102.7267,16.191,19412.7,126296.0,72.72,4958.61
2024-02-03,5.33,3.9,311.054,1.6,102.7267,16.191,19412.7,126296.0,72.72,4958.61
2024-02-04,5.33,3.9,311.054,1.6,102.7267,16.191,19412.7,126296.0,72.72,4958.61
2024-02-05,5.33,3.9,311.054,1.6,102.7267,16.191,19412.7,126296.0,73.21,4942.81
2024-02-06,5.33,3.9,311.054,1.6,102.7267,16.191,19412.7,126296.0,73.83,4954.23
2024-02-07,5.33,3.9,311.054,1.6,102.7267,16.191,19412.7,126296.0,74.26,4995.06
2024-02-08,5.33,3.9,311.054,1.6,102.7267,16.191,19412.7,126296.0,76.67,4997.91
2024-02-09,5.33,3.9,311.054,1.6,102.7267,16.191,19412.7,126296.0,77.26,5026.61
2024-02-10,5.33,3.9,311.054,1.6,102.7267,16.191,19412.7,126296.0,77.26,5026.61
2024-02-11,5.33,3.9,311.054,1.6,102.7267,16.191,19412.7,126296.0,77.26,5026.61
2024-02-12,5.33,3.9,311.054,1.6,102.7267,16.191,19412.7,126296.0,77.34,5021.84
2024-02-13,5.33,3.9,311.054,1.6,102.7267,16.191,19412.7,126296.0,78.28,4953.17
2024-02-14,5.33,3.9,311.054,1.6,102.7267,16.191,19412.7,126296.0,77.09,5000.62
2024-02-15,5.33,3.9,311.054,1.6,102.7267,16.191,19412.7,126296.0,78.47,5029.73
2024-02-16,5.33,3.9,311.054,1.6,102.7267,16.191,19412.7,126296.0,79.65,5005.57
2024-02-17,5.33,3.9,311.054,1.6,102.7267,16.191,19412.7,126296.0,79.65,5005.57
2024-02-18,5.33,3.9,311.054,1.6,102.7267,16.191,19412.7,126296.0,79.65,5005.57
2024-02-19,5.33,3.9,311.054,1.6,102.7267,16.191,19412.7,126296.0,79.65,5005.57
2024-02-20,5.33,3.9,311.054,1.6,102.7267,16.191,19412.7,126296.0,78.72,4975.51
2024-02-21,5.33,3.9,311.054,1.6,102.7267,16.191,19412.7,126296.0,78.89,4981.8
2024-02-22,5.33,3.9,311.054,1.6,102.7267,16.191,19412.7,126296.0,79.64,5087.03
2024-02-23,5.33,3.9,311.054,1.6,102.7267,16.191,19412.7,126296.0,77.6,5088.8
2024-02-24,5.33,3.9,311.054,1.6,102.7267,16.191,19412.7,126296.0,77.6,5088.8
2024-02-25,5.33,3.9,311.054,1.6,102.7267,16.191,19412.7,126296.0,77.6,5088.8
2024-02-26,5.33,3.9,311.054,1.6,102.7267,16.191,19412.7,126296.0,78.53,5069.53
2024-02-27,5.33,3.9,311.054,1.6,102.7267,16.191,19412.7,126296.0,79.8,5078.18
2024-02-28,5.33,3.9,311.054,1.6,102.7267,16.191,19412.7,126296.0,79.44,5069.76
2024-02-29,5.33,3.9,311.054,1.6,102.7267,16.191,19412.7,126296.0,79.22,5096.27
2024-03-01,5.33,3.8,312.23,1.6,102.5186,16.186,19553.2,140527.0,80.9,5137.08
2024-03-02,5.33,3.8,312.23,1.6,102.5186,16.186,19553.2,140527.0,80.9,5137.08
2024-03-03,5.33,3.8,312.23,1.6,102.5186,16.186,19553.2,140527.0,80.9,5137.08
2024-03-04,5.33,3.8,312.23,1.6,102.5186,16.186,19553.2,140527.0,79.67,5130.95
2024-03-05,5.33,3.8,312.23,1.6,102.5186,16.186,19553.2,140527.0,79.11,5078.65
2024-03-06,5.33,3.8,312.23,1.6,102.5186,16.186,19553.2,140527.0,80.08,5104.76
2024-03-07,5.33,3.8,312.23,1.6,102.5186,16.186,19553.2,140527.0,79.81,5157.36
2024-03-08,5.33,3.8,312.23,1.6,102.5186,16.186,19553.2,140527.0,78.96,5123.69
2024-03-09,5.33,3.8,312.23,1.6,102.5186,16.186,19553.2,140527.0,78.96,5123.69
2024-03-10,5.33,3.8,312.23,1.6,102.5186,16.186,19553.2,140527.0,78.96,5123.69
2024-03-11,5.33,3.8,312.23,1.6,102.5186,16.186,19553.2,140527.0,78.87,5117.94
2024-03-12,5.33,3.8,312.23,1.6,102.5186,16.186,19553.2,140527.0,78.51,5175.27
2024-03-13,5.33,3.8,312.23,1.6,102.5186,16.186,19553.2,140527.0,80.67,5165.31
2024-03-14,5.33,3.8,312.23,1.6,102.5186,16.186,19553.2,140527.0,82.16,5150.48
2024-03-15,5.33,3.8,312.23,1.6,102.5186,16.186,19553.2,140527.0,81.94,5117.09
2024-03-16,5.33,3.8,312.23,1.6,102.5186,16.186,19553.2,140527.0,81.94,5117.09
2024-03-17,5.33,3.8,312.23,1.6,102.5186,16.186,19553.2,140527.0,81.94,5117.09
2024-03-18,5.33,3.8,312.23,1.6,102.5186,16.186,19553.2,140527.0,83.68,5149.42
2024-03-19,5.33,3.8,312.23,1.6,102.5186,16.186,19553.2,140527.0,84.39,5178.51
2024-03-20,5.33,3.8,312.23,1.6,102.5186,16.186,19553.2,140527.0,82.79,5224.62
2024-03-21,5.33,3.8,312.23,1.6,102.5186,16.186,19553.2,140527.0,81.99,5241.53
2024-03-22,5.33,3.8,312.23,1.6,102.5186,16.186,19553.2,140527.0,81.1,5234.18
2024-03-23,5.33,3.8,312.23,1.6,102.5186,16.186,19553.2,140527.0,81.1,5234.18
2024-03-24,5.33,3.8,312.23,1.6,102.5186,16.186,19553.2,140527.0,81.1,5234.18
2024-03-25,5.33,3.8,312.23,1.6,102.5186,16.186,19553.2,140527.0,82.41,5218.19
2024-03-26,5.33,3.8,312.23,1.6,102.5186,16.186,19553.2,140527.0,82.41,5203.58
2024-03-27,5.33,3.8,312.23,1.6,102.5186,16.186,19553.2,140527.0,82.15,5248.49
2024-03-28,5.33,3.8,312.23,1.6,102.5186,16.186,19553.2,140527.0,83.96,5254.35
2024-03-29,5.33,3.8,312.23,1.6,102.5186,16.186,19553.2,140527.0,83.96,5254.35
2024-03-30,5.33,3.8,312.23,1.6,102.5186,16.186,19553.2,140527.0,83.96,5254.35
2024-03-31,5.33,3.8,312.23,1.6,102.5186,16.186,19553.2,140527.0,83.96,5254.35
2024-04-01,5.33,3.9,313.207,3.0,102.3568,16.57,19603.3,138710.0,84.54,5243.77
2024-04-02,5.33,3.9,313.207,3.0,102.3568,16.57,19603.3,138710.0,85.95,5205.81
2024-04-03,5.33,3.9,313.207,3.0,102.3568,16.57,19603.3,138710.0,86.22,5211.49
2024-04-04,5.33,3.9,313.207,3.0,102.3568,16.57,19603.3,138710.0,87.37,5147.21
2024-04-05,5.33,3.9,313.207,3.0,102.3568,16.57,19603.3,138710.0,87.69,5204.34
2024-04-06,5.33,3.9,313.207,3.0,102.3568,16.57,19603.3,138710.0,87.69,5204.34
2024-04-07,5.33,3.9,313.207,3.0,102.3568,16.57,19603.3,138710.0,87.69,5204.34
2024-04-08,5.33,3.9,313.207,3.0,102.3568,16.57,19603.3,138710.0,87.24,5202.39
2024-04-09,5.33,3.9,313.207,3.0,102.3568,16.57,19603.3,138710.0,86.04,5209.91
2024-04-10,5.33,3.9,313.207,3.0,102.3568,16.57,19603.3,138710.0,86.98,5160.64
2024-04-11,5.33,3.9,313.207,3.0,102.3568,16.57,19603.3,138710.0,85.79,5199.06
2024-04-12,5.33,3.9,313.207,3.0,102.3568,16.57,19603.3,138710.0,86.46,5123.41
2024-04-13,5.33,3.9,313.207,3.0,102.3568,16.57,19603.3,138710.0,86.46,5123.41
2024-04-14,5.33,3.9,313.207,3.0,102.3568,16.57,19603.3,138710.0,86.46,5123.41
2024-04-15,5.33,3.9,313.207,3.0,102.3568,16.57,19603.3,138710.0,86.21,5061.82
2024-04-16,5.33,3.9,313.207,3.0,102.3568,16.57,19603.3,138710.0,86.15,5051.41
2024-04-17,5.33,3.9,313.207,3.0,102.3568,16.57,19603.3,138710.0,83.58,5022.21
2024-04-18,5.33,3.9,313.207,3.0,102.3568,16.57,19603.3,138710.0,83.5,5011.12
2024-04-19,5.33,3.9,313.207,3.0,102.3568,16.57,19603.3,138710.0,83.79,4967.23
2024-04-20,5.33,3.9,313.207,3.0,102.3568,16.57,19603.3,138710.0,83.79,4967.23
2024-04-21,5.33,3.9,313.207,3.0,102.3568,16.57,19603.3,138710.0,83.79,4967.23
2024-04-22,5.33,3.9,313.207,3.0,102.3568,16.57,19603.3,138710.0,83.82,5010.6
2024-04-23,5.33,3.9,313.207,3.0,102.3568,16.57,19603.3,138710.0,84.17,5070.55
2024-04-24,5.33,3.9,313.207,3.0,102.3568,16.57,19603.3,138710.0,84.09,5071.63
2024-04-25,5.33,3.9,313.207,3.0,102.3568,16.57,19603.3,138710.0,84.92,5048.42
2024-04-26,5.33,3.9,313.207,3.0,102.3568,16.57,19603.3,138710.0,85.38,5099.96
2024-04-27,5.33,3.9,313.207,3.0,102.3568,16.57,19603.3,138710.0,85.38,5099.96
2024-04-28,5.33,3.9,313.207,3.0,102.3568,16.57,19603.3,138710.0,85.38,5099.96
2024-04-29,5.33,3.9,313.207,3.0,102.3568,16.57,19603.3,138710.0,84.26,5116.17
2024-04-30,5.33,3.9,313.207,3.0,102.3568,16.57,19603.3,138710.0,83.49,5035.69
2024-05-01,5.33,4.0,313.225,3.0,102.9797,16.373,19697.3,144864.0,80.7,5018.39
2024-05-02,5.33,4.0,313.225,3.0,102.9797,16.373,19697.3,144864.0,80.59,5064.2
2024-05-03,5.33,4.0,313.225,3.0,102.9797,16.373,19697.3,144864.0,79.65,5127.79
2024-05-04,5.33,4.0,313.225,3.0,102.9797,16.373,19697.3,144864.0,79.65,5127.79
2024-05-05,5.33,4.0,313.225,3.0,102.9797,16.373,19697.3,144864.0,79.65,5127.79
2024-05-06,5.33,4.0,313.225,3.0,102.9797,16.373,19697.3,144864.0,80.1,5180.74
2024-05-07,5.33,4.0,313.225,3.0,102.9797,16.373,19697.3,144864.0,79.97,5187.7
2024-05-08,5.33,4.0,313.225,3.0,102.9797,16.373,19697.3,144864.0,80.57,5187.67
2024-05-09,5.33,4.0,313.225,3.0,102.9797,16.373,19697.3,144864.0,80.86,5214.08
2024-05-10,5.33,4.0,313.225,3.0,102.9797,16.373,19697.3,144864.0,79.81,5222.68
2024-05-11,5.33,4.0,313.225,3.0,102.9797,16.373,19697.3,144864.0,79.81,5222.68
2024-05-12,5.33,4.0,313.225,3.0,102.9797,16.373,19697.3,144864.0,79.81,5222.68
2024-05-13,5.33,4.0,313.225,3.0,102.9797,16.373,19697.3,144864.0,80.71,5221.42
2024-05-14,5.33,4.0,313.225,3.0,102.9797,16.373,19697.3,144864.0,79.62,5246.68
2024-05-15,5.33,4.0,313.225,3.0,102.9797,16.373,19697.3,144864.0,80.23,5308.15
2024-05-16,5.33,4.0,313.225,3.0,102.9797,16.373,19697.3,144864.0,80.85,5297.1
2024-05-17,5.33,4.0,313.225,3.0,102.9797,16.373,19697.3,144864.0,81.66,5303.27
2024-05-18,5.33,4.0,313.225,3.0,102.9797,16.373,19697.3,144864.0,81.66,5303.27
2024-05-19,5.33,4.0,313.225,3.0,102.9797,16.373,19697.3,144864.0,81.66,5303.27
2024-05-20,5.33,4.0,313.225,3.0,102.9797,16.373,19697.3,144864.0,81.39,5308.13
2024-05-21,5.33,4.0,313.225,3.0,102.9797,16.373,19697.3,144864.0,80.66,5321.41
2024-05-22,5.33,4.0,313.225,3.0,102.9797,16.373,19697.3,144864.0,79.15,5307.01
2024-05-23,5.33,4.0,313.225,3.0,102.9797,16.373,19697.3,144864.0,77.47,5267.84
2024-05-24,5.33,4.0,313.225,3.0,102.9797,16.373,19697.3,144864.0,78.48,5304.72
2024-05-25,5.33,4.0,313.225,3.0,102.9797,16.373,19697.3,144864.0,78.48,5304.72
2024-05-26,5.33,4.0,313.225,3.0,102.9797,16.373,19697.3,144864.0,78.48,5304.72
2024-05-27,5.33,4.0,313.225,3.0,102.9797,16.373,19697.3,144864.0,78.48,5304.72
2024-05-28,5.33,4.0,313.225,3.0,102.9797,16.373,19697.3,144864.0,80.9,5306.04
2024-05-29,5.33,4.0,313.225,3.0,102.9797,16.373,19697.3,144864.0,80.24,5266.95
2024-05-30,5.33,4.0,313.225,3.0,102.9797,16.373,19697.3,144864.0,78.96,5235.48
2024-05-31,5.33,4.0,313.225,3.0,102.9797,16.373,19697.3,144864.0,77.97,5277.51
2024-06-01,5.33,4.1,313.049,3.0,103.2768,15.471,19747.5,130624.0,77.97,5277.51
2024-06-02,5.33,4.1,313.049,3.0,103.2768,15.471,19747.5,130624.0,77.97,5277.51
2024-06-03,5.33,4.1,313.049,3.0,103.2768,15.471,19747.5,130624.0,75.26,5283.4
2024-06-04,5.33,4.1,313.049,3.0,103.2768,15.471,19747.5,130624.0,74.27,5291.34
2024-06-05,5.33,4.1,313.049,3.0,103.2768,15.471,19747.5,130624.0,75.08,5354.03
2024-06-06,5.33,4.1,313.049,3.0,103.2768,15.471,19747.5,130624.0,76.52,5352.96
2024-06-07,5.33,4.1,313.049,3.0,103.2768,15.471,19747.5,130624.0,76.53,5346.99
2024-06-08,5.33,4.1,313.049,3.0,103.2768,15.471,19747.5,130624.0,76.53,5346.99
2024-06-09,5.33,4.1,313.049,3.0,103.2768,15.471,19747.5,130624.0,76.53,5346.99
2024-06-10,5.33,4.1,313.049,3.0,103.2768,15.471,19747.5,130624.0,78.75,5360.79
2024-06-11,5.33,4.1,313.049,3.0,103.2768,15.471,19747.5,130624.0,78.88,5375.32
2024-06-12,5.33,4.1,313.049,3.0,103.2768,15.471,19747.5,130624.0,79.56,5421.03
2024-06-13,5.33,4.1,313.049,3.0,103.2768,15.471,19747.5,130624.0,79.61,5433.74
2024-06-14,5.33,4.1,313.049,3.0,103.2768,15.471,19747.5,130624.0,79.41,5431.6
2024-06-15,5.33,4.1,313.049,3.0,103.2768,15.471,19747.5,130624.0,79.41,5431.6
2024-06-16,5.33,4.1,313.049,3.0,103.2768,15.471,19747.5,130624.0,79.41,5431.6
2024-06-17,5.33,4.1,313.049,3.0,103.2768,15.471,19747.5,130624.0,81.33,5473.23
2024-06-18,5.33,4.1,313.049,3.0,103.2768,15.471,19747.5,130624.0,82.67,5487.03
2024-06-19,5.33,4.1,313.049,3.0,103.2768,15.471,19747.5,130624.0,82.67,5487.03
2024-06-20,5.33,4.1,313.049,3.0,103.2768,15.471,19747.5,130624.0,83.34,5473.17
2024-06-21,5.33,4.1,313.049,3.0,103.2768,15.471,19747.5,130624.0,81.71,5464.62
2024-06-22,5.33,4.1,313.049,3.0,103.2768,15.471,19747.5,130624.0,81.71,5464.62
2024-06-23,5.33,4.1,313.049,3.0,103.2768,15.471,19747.5,130624.0,81.71,5464.62
2024-06-24,5.33,4.1,313.049,3.0,103.2768,15.471,19747.5,130624.0,82.63,5447.87
2024-06-25,5.33,4.1,313.049,3.0,103.2768,15.471,19747.5,130624.0,81.97,5469.3
2024-06-26,5.33,4.1,313.049,3.0,103.2768,15.471,19747.5,130624.0,82.19,5477.9
2024-06-27,5.33,4.1,313.049,3.0,103.2768,15.471,19747.5,130624.0,83.04,5482.87
2024-06-28,5.33,4.1,313.049,3.0,103.2768,15.471,19747.5,130624.0,82.83,5460.48
2024-06-29,5.33,4.1,313.049,3.0,103.2768,15.471,19747.5,130624.0,82.83,5460.48
2024-06-30,5.33,4.1,313.049,3.0,103.2768,15.471,19747.5,130624.0,82.83,5460.48
2024-07-01,5.33,4.3,313.534,2.8,102.5381,16.367,19859.3,140356.0,84.7,5475.09
2024-07-02,5.33,4.3,313.534,2.8,102.5381,16.367,19859.3,140356.0,84.09,5509.01
2024-07-03,5.33,4.3,313.534,2.8,102.5381,16.367,19859.3,140356.0,85.19,5537.02
2024-07-04,5.33,4.3,313.534,2.8,102.5381,16.367,19859.3,140356.0,85.19,5537.02
2024-07-05,5.33,4.3,313.534,2.8,102.5381,16.367,19859.3,140356.0,84.44,5567.19
2024-07-06,5.33,4.3,313.534,2.8,102.5381,16.367,19859.3,140356.0,84.44,5567.19
2024-07-07,5.33,4.3,313.534,2.8,102.5381,16.367,19859.3,140356.0,84.44,5567.19
2024-07-08,5.33,4.3,313.534,2.8,102.5381,16.367,19859.3,140356.0,83.63,5572.85
2024-07-09,5.33,4.3,313.534,2.8,102.5381,16.367,19859.3,140356.0,82.78,5576.98
2024-07-10,5.33,4.3,313.534,2.8,102.5381,16.367,19859.3,140356.0,83.39,5633.91
2024-07-11,5.33,4.3,313.534,2.8,102.5381,16.367,19859.3,140356.0,83.92,5584.54
2024-07-12,5.33,4.3,313.534,2.8,102.5381,16.367,19859.3,140356.0,83.49,5615.35
2024-07-13,5.33,4.3,313.534,2.8,102.5381,16.367,19859.3,140356.0,83.49,5615.35
2024-07-14,5.33,4.3,313.534,2.8,102.5381,16.367,19859.3,140356.0,83.49,5615.35
2024-07-15,5.33,4.3,313.534,2.8,102.5381,16.367,19859.3,140356.0,83.22,5631.22
2024-07-16,5.33,4.3,313.534,2.8,102.5381,16.367,19859.3,140356.0,81.92,5667.2
2024-07-17,5.33,4.3,313.534,2.8,102.5381,16.367,19859.3,140356.0,84.16,5588.27
2024-07-18,5.33,4.3,313.534,2.8,102.5381,16.367,19859.3,140356.0,84.17,5544.59
2024-07-19,5.33,4.3,313.534,2.8,102.5381,16.367,19859.3,140356.0,81.43,5505.0
2024-07-20,5.33,4.3,313.534,2.8,102.5381,16.367,19859.3,140356.0,81.43,5505.0
2024-07-21,5.33,4.3,313.534,2.8,102.5381,16.367,19859.3,140356.0,81.43,5505.0
2024-07-22,5.33,4.3,313.534,2.8,102.5381,16.367,19859.3,140356.0,81.25,5564.41
2024-07-23,5.33,4.3,313.534,2.8,102.5381,16.367,19859.3,140356.0,78.24,5555.74
2024-07-24,5.33,4.3,313.534,2.8,102.5381,16.367,19859.3,140356.0,78.78,5427.13
2024-07-25,5.33,4.3,313.534,2.8,102.5381,16.367,19859.3,140356.0,79.43,5399.22
2024-07-26,5.33,4.3,313.534,2.8,102.5381,16.367,19859.3,140356.0,78.58,5459.1
2024-07-27,5.33,4.3,313.534,2.8,102.5381,16.367,19859.3,140356.0,78.58,5459.1
2024-07-28,5.33,4.3,313.534,2.8,102.5381,16.367,19859.3,140356.0,78.58,5459.1
2024-07-29,5.33,4.3,313.534,2.8,102.5381,16.367,19859.3,140356.0,77.27,5463.54
2024-07-30,5.33,4.3,313.534,2.8,102.5381,16.367,19859.3,140356.0,76.17,5436.44
2024-07-31,5.33,4.3,313.534,2.8,102.5381,16.367,19859.3,140356.0,79.36,5522.3
2024-08-01,5.33,4.2,314.121,2.8,103.0449,15.829,19898.0,143437.0,77.74,5446.68
2024-08-02,5.33,4.2,314.121,2.8,103.0449,15.829,19898.0,143437.0,74.99,5346.56
2024-08-03,5.33,4.2,314.121,2.8,103.0449,15.829,19898.0,143437.0,74.99,5346.56
2024-08-04,5.33,4.2,314.121,2.8,103.0449,15.829,19898.0,143437.0,74.99,5346.56
2024-08-05,5.33,4.2,314.121,2.8,103.0449,15.829,19898.0,143437.0,74.46,5186.33
2024-08-06,5.33,4.2,314.121,2.8,103.0449,15.829,19898.0,143437.0,74.6,5240.03
2024-08-07,5.33,4.2,314.121,2.8,103.0449,15.829,19898.0,143437.0,76.68,5199.5
2024-08-08,5.33,4.2,314.121,2.8,103.0449,15.829,19898.0,143437.0,77.64,5319.31
2024-08-09,5.33,4.2,314.121,2.8,103.0449,15.829,19898.0,143437.0,78.28,5344.16
2024-08-10,5.33,4.2,314.121,2.8,103.0449,15.829,19898.0,143437.0,78.28,5344.16
2024-08-11,5.33,4.2,314.121,2.8,103.0449,15.829,19898.0,143437.0,78.28,5344.16
2024-08-12,5.33,4.2,314.121,2.8,103.0449,15.829,19898.0,143437.0,81.45,5344.39
2024-08-13,5.33,4.2,314.121,2.8,103.0449,15.829,19898.0,143437.0,79.81,5434.43
2024-08-14,5.33,4.2,314.121,2.8,103.0449,15.829,19898.0,143437.0,78.47,5455.21
2024-08-15,5.33,4.2,314.121,2.8,103.0449,15.829,19898.0,143437.0,79.66,5543.22
2024-08-16,5.33,4.2,314.121,2.8,103.0449,15.829,19898.0,143437.0,78.05,5554.25
2024-08-17,5.33,4.2,314.121,2.8,103.0449,15.829,19898.0,143437.0,78.05,5554.25
2024-08-18,5.33,4.2,314.121,2.8,103.0449,15.829,19898.0,143437.0,78.05,5554.25
2024-08-19,5.33,4.2,314.121,2.8,103.0449,15.829,19898.0,143437.0,75.82,5608.25
2024-08-20,5.33,4.2,314.121,2.8,103.0449,15.829,19898.0,143437.0,75.27,5597.12
2024-08-21,5.33,4.2,314.121,2.8,103.0449,15.829,19898.0,143437.0,72.76,5620.85
2024-08-22,5.33,4.2,314.121,2.8,103.0449,15.829,19898.0,143437.0,73.72,5570.64
2024-08-23,5.33,4.2,314.121,2.8,103.0449,15.829,19898.0,143437.0,75.82,5634.61
2024-08-24,5.33,4.2,314.121,2.8,103.0449,15.829,19898.0,143437.0,75.82,5634.61
2024-08-25,5.33,4.2,314.121,2.8,103.0449,15.829,19898.0,143437.0,75.82,5634.61
2024-08-26,5.33,4.2,314.121,2.8,103.0449,15.829,19898.0,143437.0,78.4,5616.84
2024-08-27,5.33,4.2,314.121,2.8,103.0449,15.829,19898.0,143437.0,76.5,5625.8
2024-08-28,5.33,4.2,314.121,2.8,103.0449,15.829,19898.0,143437.0,75.49,5592.18
2024-08-29,5.33,4.2,314.121,2.8,103.0449,15.829,19898.0,143437.0,76.9,5591.96
2024-08-30,5.33,4.2,314.121,2.8,103.0449,15.829,19898.0,143437.0,74.52,5648.4
2024-08-31,5.33,4.2,314.121,2.8,103.0449,15.829,19898.0,143437.0,74.52,5648.4
2024-09-01,5.33,4.1,314.686,2.8,102.5497,16.244,20027.2,128281.0,74.52,5648.4
2024-09-02,5.33,4.1,314.686,2.8,102.5497,16.244,20027.2,128281.0,74.52,5648.4
2024-09-03,5.33,4.1,314.686,2.8,102.5497,16.244,20027.2,128281.0,71.28,5528.93
2024-09-04,5.33,4.1,314.686,2.8,102.5497,16.244,20027.2,128281.0,70.11,5520.07
2024-09-05,5.33,4.1,314.686,2.8,102.5497,16.244,20027.2,128281.0,70.09,5503.41
2024-09-06,5.33,4.1,314.686,2.8,102.5497,16.244,20027.2,128281.0,68.58,5408.42
2024-09-07,5.33,4.1,314.686,2.8,102.5497,16.244,20027.2,128281.0,68.58,5408.42
2024-09-08,5.33,4.1,314.686,2.8,102.5497,16.244,20027.2,128281.0,68.58,5408.42
2024-09-09,5.33,4.1,314.686,2.8,102.5497,16.244,20027.2,128281.0,69.65,5471.05
2024-09-10,5.33,4.1,314.686,2.8,102.5497,16.244,20027.2,128281.0,66.73,5495.52
2024-09-11,5.33,4.1,314.686,2.8,102.5497,16.244,20027.2,128281.0,68.25,5554.13
2024-09-12,5.33,4.1,314.686,2.8,102.5497,16.244,20027.2,128281.0,69.89,5595.76
2024-09-13,5.33,4.1,314.686,2.8,102.5497,16.244,20027.2,128281.0,69.59,5626.02
2024-09-14,5.33,4.1,314.686,2.8,102.5497,16.244,20027.2,128281.0,69.59,5626.02
2024-09-15,5.33,4.1,314.686,2.8,102.5497,16.244,20027.2,128281.0,69.59,5626.02
2024-09-16,5.33,4.1,314.686,2.8,102.5497,16.244,20027.2,128281.0,71.1,5633.09
2024-09-17,5.33,4.1,314.686,2.8,102.5497,16.244,20027.2,128281.0,72.16,5634.58
2024-09-18,5.33,4.1,314.686,2.8,102.5497,16.244,20027.2,128281.0,71.87,5618.26
2024-09-19,4.83,4.1,314.686,2.8,102.5497,16.244,20027.2,128281.0,72.86,5713.64
2024-09-20,4.83,4.1,314.686,2.8,102.5497,16.244,20027.2,128281.0,72.72,5702.55
2024-09-21,4.83,4.1,314.686,2.8,102.5497,16.244,20027.2,128281.0,72.72,5702.55
2024-09-22,4.83,4.1,314.686,2.8,102.5497,16.244,20027.2,128281.0,72.72,5702.55
2024-09-23,4.83,4.1,314.686,2.8,102.5497,16.244,20027.2,128281.0,71.33,5718.57
2024-09-24,4.83,4.1,314.686,2.8,102.5497,16.244,20027.2,128281.0,72.34,5732.93
2024-09-25,4.83,4.1,314.686,2.8,102.5497,16.244,20027.2,128281.0,70.42,5722.26
2024-09-26,4.83,4.1,314.686,2.8,102.5497,16.244,20027.2,128281.0,68.28,5745.37
2024-09-27,4.83,4.1,314.686,2.8,102.5497,16.244,20027.2,128281.0,68.72,5738.17
2024-09-28,4.83,4.1,314.686,2.8,102.5497,16.244,20027.2,128281.0,68.72,5738.17
2024-09-29,4.83,4.1,314.686,2.8,102.5497,16.244,20027.2,128281.0,68.72,5738.17
2024-09-30,4.83,4.1,314.686,2.8,102.5497,16.244,20027.2,128281.0,68.75,5762.48
2024-10-01,4.83,4.1,315.454,2.8,102.2805,16.427,20099.5,128281.0,70.41,5708.75
2024-10-02,4.83,4.1,315.454,2.8,102.2805,16.427,20099.5,128281.0,70.74,5709.54
2024-10-03,4.83,4.1,315.454,2.8,102.2805,16.427,20099.5,128281.0,74.33,5699.94
2024-10-04,4.83,4.1,315.454,2.8,102.2805,16.427,20099.5,128281.0,74.93,5751.07
2024-10-05,4.83,4.1,315.454,2.8,102.2805,16.427,20099.5,128281.0,74.93,5751.07
2024-10-06,4.83,4.1,315.454,2.8,102.2805,16.427,20099.5,128281.0,74.93,5751.07
2024-10-07,4.83,4.1,315.454,2.8,102.2805,16.427,20099.5,128281.0,77.76,5695.94
2024-10-08,4.83,4.1,315.454,2.8,102.2805,16.427,20099.5,128281.0,74.26,5751.13
2024-10-09,4.83,4.1,315.454,2.8,102.2805,16.427,20099.5,128281.0,73.85,5792.04
2024-10-10,4.83,4.1,315.454,2.8,102.2805,16.427,20099.5,128281.0,76.46,5780.05
2024-10-11,4.83,4.1,315.454,2.8,102.2805,16.427,20099.5,128281.0,76.11,5815.03
2024-10-12,4.83,4.1,315.454,2.8,102.2805,16.427,20099.5,128281.0,76.11,5815.03
2024-10-13,4.83,4.1,315.454,2.8,102.2805,16.427,20099.5,128281.0,76.11,5815.03
2024-10-14,4.83,4.1,315.454,2.8,102.2805,16.427,20099.5,128281.0,76.11,5859.85
2024-10-15,4.83,4.1,315.454,2.8,102.2805,16.427,20099.5,128281.0,71.22,5815.26
2024-10-16,4.83,4.1,315.454,2.8,102.2805,16.427,20099.5,128281.0,70.97,5842.47
2024-10-17,4.83,4.1,315.454,2.8,102.2805,16.427,20099.5,128281.0,71.26,5841.47
2024-10-18,4.83,4.1,315.454,2.8,102.2805,16.427,20099.5,128281.0,69.78,5864.67
2024-10-19,4.83,4.1,315.454,2.8,102.2805,16.427,20099.5,128281.0,69.78,5864.67
2024-10-20,4.83,4.1,315.454,2.8,102.2805,16.427,20099.5,128281.0,69.78,5864.67
2024-10-21,4.83,4.1,315.454,2.8,102.2805,16.427,20099.5,128281.0,71.16,5853.98
2024-10-22,4.83,4.1,315.454,2.8,102.2805,16.427,20099.5,128281.0,72.84,5851.2
2024-10-23,4.83,4.1,315.454,2.8,102.2805,16.427,20099.5,128281.0,71.37,5797.42
2024-10-24,4.83,4.1,315.454,2.8,102.2805,16.427,20099.5,128281.0,70.58,5809.86
2024-10-25,4.83,4.1,315.454,2.8,102.2805,16.427,20099.5,128281.0,72.02,5808.12
2024-10-26,4.83,4.1,315.454,2.8,102.2805,16.427,20099.5,128281.0,72.02,5808.12
2024-10-27,4.83,4.1,315.454,2.8,102.2805,16.427,20099.5,128281.0,72.02,5808.12
2024-10-28,4.83,4.1,315.454,2.8,102.2805,16.427,20099.5,128281.0,67.65,5823.52
2024-10-29,4.83,4.1,315.454,2.8,102.2805,16.427,20099.5,128281.0,67.48,5832.92
2024-10-30,4.83,4.1,315.454,2.8,102.2805,16.427,20099.5,128281.0,68.91,5813.67
2024-10-31,4.83,4.1,315.454,2.8,102.2805,16.427,20099.5,128281.0,69.58,5705.45
2024-11-01,4.83,4.1,315.454,2.8,102.2805,16.427,20099.5,128281.0,69.81,5728.8
2024-11-02,4.83,4.1,315.454,2.8,102.2805,16.427,20099.5,128281.0,69.81,5728.8
2024-11-03,4.83,4.1,315.454,2.8,102.2805,16.427,20099.5,128281.0,69.81,5728.8
2024-11-04,4.83,4.1,315.454,2.8,102.2805,16.427,20099.5,128281.0,71.83,5712.69
2024-11-05,4.83,4.1,315.454,2.8,102.2805,16.427,20099.5,128281.0,72.26,5782.76
2024-11-06,4.83,4.1,315.454,2.8,102.2805,16.427,20099.5,128281.0,71.98,5929.04
2024-11-07,4.83,4.1,315.454,2.8,102.2805,16.427,20099.5,128281.0,72.69,5973.1
2024-11-08,4.58,4.1,315.454,2.8,102.2805,16.427,20099.5,128281.0,70.69,5995.54
2024-11-09,4.58,4.1,315.454,2.8,102.2805,16.427,20099.5,128281.0,70.69,5995.54
2024-11-10,4.58,4.1,315.454,2.8,102.2805,16.427,20099.5,128281.0,70.69,5995.54
2024-11-11,4.58,4.1,315.454,2.8,102.2805,16.427,20099.5,128281.0,70.69,6001.35
2024-11-12,4.58,4.1,315.454,2.8,102.2805,16.427,20099.5,128281.0,68.43,5983.99
2024-11-13,4.58,4.1,315.454,2.8,102.2805,16.427,20099.5,128281.0,68.76,5985.38
2024-11-14,4.58,4.1,315.454,2.8,102.2805,16.427,20099.5,128281.0,68.99,5949.17
2024-11-15,4.58,4.1,315.454,2.8,102.2805,16.427,20099.5,128281.0,67.33,5870.62
2024-11-16,4.58,4.1,315.454,2.8,102.2805,16.427,20099.5,128281.0,67.33,5870.62
2024-11-17,4.58,4.1,315.454,2.8,102.2805,16.427,20099.5,128281.0,67.33,5870.62
2024-11-18,4.58,4.1,315.454,2.8,102.2805,16.427,20099.5,128281.0,69.46,5893.62
2024-11-19,4.58,4.1,315.454,2.8,102.2805,16.427,20099.5,128281.0,69.75,5916.98
2024-11-20,4.58,4.1,315.454,2.8,102.2805,16.427,20099.5,128281.0,69.25,5917.11
2024-11-21,4.58,4.1,315.454,2.8,102.2805,16.427,20099.5,128281.0,70.39,5948.71
2024-11-22,4.58,4.1,315.454,2.8,102.2805,16.427,20099.5,128281.0,71.68,5969.34
